id,commit_functionalitychanges,commit_post_json,commit_pre_json,commit_repository,commit_sha1,commit_url,description,leftsidelocations,project_name,release_name,rightsidelocations,type
0,[],/home/ubuntu/data/repos_pp_rminer/apache#arrow-adbc/c/driver/flightsql/dremio_flightsql_test.cc,/home/ubuntu/data/repos_pp_rminer/apache#arrow-adbc/c/driver/flightsql/dremio_flightsql_test.cc,apache/arrow-adbc,47d6d19e4c2ab01ad11c561d5367e33ab0fbad4b,https://github.com/apache/arrow-adbc/commit/47d6d19e4c2ab01ad11c561d5367e33ab0fbad4b,"Rename Variable	uri_raw : char to uri : char in method public SetupDatabase(database struct AdbcDatabase, error struct AdbcError) : AdbcStatusCode from class DremioFlightSqlQuirks",[],apache#arrow-adbc,91632764,[],Rename
1,[],/home/ubuntu/data/repos_pp_rminer/apache#arrow-adbc/c/driver/flightsql/dremio_flightsql_test.cc,/home/ubuntu/data/repos_pp_rminer/apache#arrow-adbc/c/driver/flightsql/dremio_flightsql_test.cc,apache/arrow-adbc,47d6d19e4c2ab01ad11c561d5367e33ab0fbad4b,https://github.com/apache/arrow-adbc/commit/47d6d19e4c2ab01ad11c561d5367e33ab0fbad4b,"Rename Variable	user_raw : char to user : char in method public SetupDatabase(database struct AdbcDatabase, error struct AdbcError) : AdbcStatusCode from class DremioFlightSqlQuirks",[],apache#arrow-adbc,91632764,[],Rename
2,[],/home/ubuntu/data/repos_pp_rminer/apache#arrow-adbc/c/driver/flightsql/dremio_flightsql_test.cc,/home/ubuntu/data/repos_pp_rminer/apache#arrow-adbc/c/driver/flightsql/dremio_flightsql_test.cc,apache/arrow-adbc,47d6d19e4c2ab01ad11c561d5367e33ab0fbad4b,https://github.com/apache/arrow-adbc/commit/47d6d19e4c2ab01ad11c561d5367e33ab0fbad4b,"Rename Variable	pass_raw : char to pass : char in method public SetupDatabase(database struct AdbcDatabase, error struct AdbcError) : AdbcStatusCode from class DremioFlightSqlQuirks",[],apache#arrow-adbc,91632764,[],Rename
3,[],/home/ubuntu/data/repos_pp_rminer/apache#arrow-adbc/c/driver/flightsql/dremio_flightsql_test.cc,/home/ubuntu/data/repos_pp_rminer/apache#arrow-adbc/c/driver/flightsql/dremio_flightsql_test.cc,apache/arrow-adbc,47d6d19e4c2ab01ad11c561d5367e33ab0fbad4b,https://github.com/apache/arrow-adbc/commit/47d6d19e4c2ab01ad11c561d5367e33ab0fbad4b,Remove Parameter	 : char in method public supports_bulk_ingest( char) : bool from class DremioFlightSqlQuirks,[],apache#arrow-adbc,91632764,[],Remove
4,[],/home/ubuntu/data/repos_pp_rminer/apache#arrow-adbc/c/driver/flightsql/dremio_flightsql_test.cc,/home/ubuntu/data/repos_pp_rminer/apache#arrow-adbc/c/driver/flightsql/dremio_flightsql_test.cc,apache/arrow-adbc,da37a1138ae51a9973e3af4d6740ce037069f52b,https://github.com/apache/arrow-adbc/commit/da37a1138ae51a9973e3af4d6740ce037069f52b,"Rename Variable	uri_raw : char to uri : char in method public SetupDatabase(database struct AdbcDatabase, error struct AdbcError) : AdbcStatusCode from class DremioFlightSqlQuirks",[],apache#arrow-adbc,91811881,[],Rename
5,[],/home/ubuntu/data/repos_pp_rminer/apache#arrow-adbc/c/driver/flightsql/dremio_flightsql_test.cc,/home/ubuntu/data/repos_pp_rminer/apache#arrow-adbc/c/driver/flightsql/dremio_flightsql_test.cc,apache/arrow-adbc,da37a1138ae51a9973e3af4d6740ce037069f52b,https://github.com/apache/arrow-adbc/commit/da37a1138ae51a9973e3af4d6740ce037069f52b,"Rename Variable	user_raw : char to user : char in method public SetupDatabase(database struct AdbcDatabase, error struct AdbcError) : AdbcStatusCode from class DremioFlightSqlQuirks",[],apache#arrow-adbc,91811881,[],Rename
6,[],/home/ubuntu/data/repos_pp_rminer/apache#arrow-adbc/c/driver/flightsql/dremio_flightsql_test.cc,/home/ubuntu/data/repos_pp_rminer/apache#arrow-adbc/c/driver/flightsql/dremio_flightsql_test.cc,apache/arrow-adbc,da37a1138ae51a9973e3af4d6740ce037069f52b,https://github.com/apache/arrow-adbc/commit/da37a1138ae51a9973e3af4d6740ce037069f52b,"Rename Variable	pass_raw : char to pass : char in method public SetupDatabase(database struct AdbcDatabase, error struct AdbcError) : AdbcStatusCode from class DremioFlightSqlQuirks",[],apache#arrow-adbc,91811881,[],Rename
7,[],/home/ubuntu/data/repos_pp_rminer/apache#arrow-adbc/c/driver/flightsql/dremio_flightsql_test.cc,/home/ubuntu/data/repos_pp_rminer/apache#arrow-adbc/c/driver/flightsql/dremio_flightsql_test.cc,apache/arrow-adbc,da37a1138ae51a9973e3af4d6740ce037069f52b,https://github.com/apache/arrow-adbc/commit/da37a1138ae51a9973e3af4d6740ce037069f52b,Remove Parameter	 : char in method public supports_bulk_ingest( char) : bool from class DremioFlightSqlQuirks,[],apache#arrow-adbc,91811881,[],Remove
8,[],/home/ubuntu/data/repos_pp_rminer/apache#arrow-adbc/c/driver/flightsql/dremio_flightsql_test.cc,/home/ubuntu/data/repos_pp_rminer/apache#arrow-adbc/c/driver/flightsql/dremio_flightsql_test.cc,apache/arrow-adbc,82973189b8126027a9b44facfe85b8b453d96b43,https://github.com/apache/arrow-adbc/commit/82973189b8126027a9b44facfe85b8b453d96b43,"Rename Variable	uri_raw : char to uri : char in method public SetupDatabase(database struct AdbcDatabase, error struct AdbcError) : AdbcStatusCode from class DremioFlightSqlQuirks",[],apache#arrow-adbc,95908923,[],Rename
9,[],/home/ubuntu/data/repos_pp_rminer/apache#arrow-adbc/c/driver/flightsql/dremio_flightsql_test.cc,/home/ubuntu/data/repos_pp_rminer/apache#arrow-adbc/c/driver/flightsql/dremio_flightsql_test.cc,apache/arrow-adbc,82973189b8126027a9b44facfe85b8b453d96b43,https://github.com/apache/arrow-adbc/commit/82973189b8126027a9b44facfe85b8b453d96b43,"Rename Variable	user_raw : char to user : char in method public SetupDatabase(database struct AdbcDatabase, error struct AdbcError) : AdbcStatusCode from class DremioFlightSqlQuirks",[],apache#arrow-adbc,95908923,[],Rename
10,[],/home/ubuntu/data/repos_pp_rminer/apache#arrow-adbc/c/driver/flightsql/dremio_flightsql_test.cc,/home/ubuntu/data/repos_pp_rminer/apache#arrow-adbc/c/driver/flightsql/dremio_flightsql_test.cc,apache/arrow-adbc,82973189b8126027a9b44facfe85b8b453d96b43,https://github.com/apache/arrow-adbc/commit/82973189b8126027a9b44facfe85b8b453d96b43,"Rename Variable	pass_raw : char to pass : char in method public SetupDatabase(database struct AdbcDatabase, error struct AdbcError) : AdbcStatusCode from class DremioFlightSqlQuirks",[],apache#arrow-adbc,95908923,[],Rename
11,[],/home/ubuntu/data/repos_pp_rminer/apache#arrow-adbc/c/driver/flightsql/dremio_flightsql_test.cc,/home/ubuntu/data/repos_pp_rminer/apache#arrow-adbc/c/driver/flightsql/dremio_flightsql_test.cc,apache/arrow-adbc,82973189b8126027a9b44facfe85b8b453d96b43,https://github.com/apache/arrow-adbc/commit/82973189b8126027a9b44facfe85b8b453d96b43,Remove Parameter	 : char in method public supports_bulk_ingest( char) : bool from class DremioFlightSqlQuirks,[],apache#arrow-adbc,95908923,[],Remove
12,[],/home/ubuntu/data/repos_pp_rminer/apache#arrow-adbc/c/driver/flightsql/dremio_flightsql_test.cc,/home/ubuntu/data/repos_pp_rminer/apache#arrow-adbc/c/driver/flightsql/dremio_flightsql_test.cc,apache/arrow-adbc,8153ce9f86fc493ccb8c17c83f63498bca5420e0,https://github.com/apache/arrow-adbc/commit/8153ce9f86fc493ccb8c17c83f63498bca5420e0,"Rename Variable	uri_raw : char to uri : char in method public SetupDatabase(database struct AdbcDatabase, error struct AdbcError) : AdbcStatusCode from class DremioFlightSqlQuirks",[],apache#arrow-adbc,95926076,[],Rename
13,[],/home/ubuntu/data/repos_pp_rminer/apache#arrow-adbc/c/driver/flightsql/dremio_flightsql_test.cc,/home/ubuntu/data/repos_pp_rminer/apache#arrow-adbc/c/driver/flightsql/dremio_flightsql_test.cc,apache/arrow-adbc,8153ce9f86fc493ccb8c17c83f63498bca5420e0,https://github.com/apache/arrow-adbc/commit/8153ce9f86fc493ccb8c17c83f63498bca5420e0,"Rename Variable	user_raw : char to user : char in method public SetupDatabase(database struct AdbcDatabase, error struct AdbcError) : AdbcStatusCode from class DremioFlightSqlQuirks",[],apache#arrow-adbc,95926076,[],Rename
14,[],/home/ubuntu/data/repos_pp_rminer/apache#arrow-adbc/c/driver/flightsql/dremio_flightsql_test.cc,/home/ubuntu/data/repos_pp_rminer/apache#arrow-adbc/c/driver/flightsql/dremio_flightsql_test.cc,apache/arrow-adbc,8153ce9f86fc493ccb8c17c83f63498bca5420e0,https://github.com/apache/arrow-adbc/commit/8153ce9f86fc493ccb8c17c83f63498bca5420e0,"Rename Variable	pass_raw : char to pass : char in method public SetupDatabase(database struct AdbcDatabase, error struct AdbcError) : AdbcStatusCode from class DremioFlightSqlQuirks",[],apache#arrow-adbc,95926076,[],Rename
15,[],/home/ubuntu/data/repos_pp_rminer/apache#arrow-adbc/c/driver/flightsql/dremio_flightsql_test.cc,/home/ubuntu/data/repos_pp_rminer/apache#arrow-adbc/c/driver/flightsql/dremio_flightsql_test.cc,apache/arrow-adbc,8153ce9f86fc493ccb8c17c83f63498bca5420e0,https://github.com/apache/arrow-adbc/commit/8153ce9f86fc493ccb8c17c83f63498bca5420e0,Remove Parameter	 : char in method public supports_bulk_ingest( char) : bool from class DremioFlightSqlQuirks,[],apache#arrow-adbc,95926076,[],Remove
16,[],/home/ubuntu/data/repos_pp_rminer/apache#arrow-adbc/c/driver/flightsql/dremio_flightsql_test.cc,/home/ubuntu/data/repos_pp_rminer/apache#arrow-adbc/c/driver/flightsql/dremio_flightsql_test.cc,apache/arrow-adbc,de79252f70dfc145b853530f328b0c6dfed3085f,https://github.com/apache/arrow-adbc/commit/de79252f70dfc145b853530f328b0c6dfed3085f,"Rename Variable	uri_raw : char to uri : char in method public SetupDatabase(database struct AdbcDatabase, error struct AdbcError) : AdbcStatusCode from class DremioFlightSqlQuirks",[],apache#arrow-adbc,apache-arrow-adbc-0.2.0,[],Rename
17,[],/home/ubuntu/data/repos_pp_rminer/apache#arrow-adbc/c/driver/flightsql/dremio_flightsql_test.cc,/home/ubuntu/data/repos_pp_rminer/apache#arrow-adbc/c/driver/flightsql/dremio_flightsql_test.cc,apache/arrow-adbc,de79252f70dfc145b853530f328b0c6dfed3085f,https://github.com/apache/arrow-adbc/commit/de79252f70dfc145b853530f328b0c6dfed3085f,"Rename Variable	user_raw : char to user : char in method public SetupDatabase(database struct AdbcDatabase, error struct AdbcError) : AdbcStatusCode from class DremioFlightSqlQuirks",[],apache#arrow-adbc,apache-arrow-adbc-0.2.0,[],Rename
18,[],/home/ubuntu/data/repos_pp_rminer/apache#arrow-adbc/c/driver/flightsql/dremio_flightsql_test.cc,/home/ubuntu/data/repos_pp_rminer/apache#arrow-adbc/c/driver/flightsql/dremio_flightsql_test.cc,apache/arrow-adbc,de79252f70dfc145b853530f328b0c6dfed3085f,https://github.com/apache/arrow-adbc/commit/de79252f70dfc145b853530f328b0c6dfed3085f,"Rename Variable	pass_raw : char to pass : char in method public SetupDatabase(database struct AdbcDatabase, error struct AdbcError) : AdbcStatusCode from class DremioFlightSqlQuirks",[],apache#arrow-adbc,apache-arrow-adbc-0.2.0,[],Rename
19,[],/home/ubuntu/data/repos_pp_rminer/apache#arrow-adbc/c/driver/flightsql/dremio_flightsql_test.cc,/home/ubuntu/data/repos_pp_rminer/apache#arrow-adbc/c/driver/flightsql/dremio_flightsql_test.cc,apache/arrow-adbc,de79252f70dfc145b853530f328b0c6dfed3085f,https://github.com/apache/arrow-adbc/commit/de79252f70dfc145b853530f328b0c6dfed3085f,Remove Parameter	 : char in method public supports_bulk_ingest( char) : bool from class DremioFlightSqlQuirks,[],apache#arrow-adbc,apache-arrow-adbc-0.2.0,[],Remove
20,[],/home/ubuntu/data/repos_pp_rminer/apache#arrow-adbc/c/driver/flightsql/dremio_flightsql_test.cc,/home/ubuntu/data/repos_pp_rminer/apache#arrow-adbc/c/driver/flightsql/dremio_flightsql_test.cc,apache/arrow-adbc,9db1d96bc7e63a0b61f8f5c0b6afee67a2ebed4d,https://github.com/apache/arrow-adbc/commit/9db1d96bc7e63a0b61f8f5c0b6afee67a2ebed4d,"Rename Variable	uri_raw : char to uri : char in method public SetupDatabase(database struct AdbcDatabase, error struct AdbcError) : AdbcStatusCode from class DremioFlightSqlQuirks",[],apache#arrow-adbc,apache-arrow-adbc-0.2.0-rc0,[],Rename
21,[],/home/ubuntu/data/repos_pp_rminer/apache#arrow-adbc/c/driver/flightsql/dremio_flightsql_test.cc,/home/ubuntu/data/repos_pp_rminer/apache#arrow-adbc/c/driver/flightsql/dremio_flightsql_test.cc,apache/arrow-adbc,9db1d96bc7e63a0b61f8f5c0b6afee67a2ebed4d,https://github.com/apache/arrow-adbc/commit/9db1d96bc7e63a0b61f8f5c0b6afee67a2ebed4d,"Rename Variable	user_raw : char to user : char in method public SetupDatabase(database struct AdbcDatabase, error struct AdbcError) : AdbcStatusCode from class DremioFlightSqlQuirks",[],apache#arrow-adbc,apache-arrow-adbc-0.2.0-rc0,[],Rename
22,[],/home/ubuntu/data/repos_pp_rminer/apache#arrow-adbc/c/driver/flightsql/dremio_flightsql_test.cc,/home/ubuntu/data/repos_pp_rminer/apache#arrow-adbc/c/driver/flightsql/dremio_flightsql_test.cc,apache/arrow-adbc,9db1d96bc7e63a0b61f8f5c0b6afee67a2ebed4d,https://github.com/apache/arrow-adbc/commit/9db1d96bc7e63a0b61f8f5c0b6afee67a2ebed4d,"Rename Variable	pass_raw : char to pass : char in method public SetupDatabase(database struct AdbcDatabase, error struct AdbcError) : AdbcStatusCode from class DremioFlightSqlQuirks",[],apache#arrow-adbc,apache-arrow-adbc-0.2.0-rc0,[],Rename
23,[],/home/ubuntu/data/repos_pp_rminer/apache#arrow-adbc/c/driver/flightsql/dremio_flightsql_test.cc,/home/ubuntu/data/repos_pp_rminer/apache#arrow-adbc/c/driver/flightsql/dremio_flightsql_test.cc,apache/arrow-adbc,9db1d96bc7e63a0b61f8f5c0b6afee67a2ebed4d,https://github.com/apache/arrow-adbc/commit/9db1d96bc7e63a0b61f8f5c0b6afee67a2ebed4d,Remove Parameter	 : char in method public supports_bulk_ingest( char) : bool from class DremioFlightSqlQuirks,[],apache#arrow-adbc,apache-arrow-adbc-0.2.0-rc0,[],Remove
24,[],/home/ubuntu/data/repos_pp_rminer/apache#arrow-adbc/c/driver/flightsql/dremio_flightsql_test.cc,/home/ubuntu/data/repos_pp_rminer/apache#arrow-adbc/c/driver/flightsql/dremio_flightsql_test.cc,apache/arrow-adbc,de79252f70dfc145b853530f328b0c6dfed3085f,https://github.com/apache/arrow-adbc/commit/de79252f70dfc145b853530f328b0c6dfed3085f,"Rename Variable	uri_raw : char to uri : char in method public SetupDatabase(database struct AdbcDatabase, error struct AdbcError) : AdbcStatusCode from class DremioFlightSqlQuirks",[],apache#arrow-adbc,apache-arrow-adbc-0.2.0-rc1,[],Rename
25,[],/home/ubuntu/data/repos_pp_rminer/apache#arrow-adbc/c/driver/flightsql/dremio_flightsql_test.cc,/home/ubuntu/data/repos_pp_rminer/apache#arrow-adbc/c/driver/flightsql/dremio_flightsql_test.cc,apache/arrow-adbc,de79252f70dfc145b853530f328b0c6dfed3085f,https://github.com/apache/arrow-adbc/commit/de79252f70dfc145b853530f328b0c6dfed3085f,"Rename Variable	user_raw : char to user : char in method public SetupDatabase(database struct AdbcDatabase, error struct AdbcError) : AdbcStatusCode from class DremioFlightSqlQuirks",[],apache#arrow-adbc,apache-arrow-adbc-0.2.0-rc1,[],Rename
26,[],/home/ubuntu/data/repos_pp_rminer/apache#arrow-adbc/c/driver/flightsql/dremio_flightsql_test.cc,/home/ubuntu/data/repos_pp_rminer/apache#arrow-adbc/c/driver/flightsql/dremio_flightsql_test.cc,apache/arrow-adbc,de79252f70dfc145b853530f328b0c6dfed3085f,https://github.com/apache/arrow-adbc/commit/de79252f70dfc145b853530f328b0c6dfed3085f,"Rename Variable	pass_raw : char to pass : char in method public SetupDatabase(database struct AdbcDatabase, error struct AdbcError) : AdbcStatusCode from class DremioFlightSqlQuirks",[],apache#arrow-adbc,apache-arrow-adbc-0.2.0-rc1,[],Rename
27,[],/home/ubuntu/data/repos_pp_rminer/apache#arrow-adbc/c/driver/flightsql/dremio_flightsql_test.cc,/home/ubuntu/data/repos_pp_rminer/apache#arrow-adbc/c/driver/flightsql/dremio_flightsql_test.cc,apache/arrow-adbc,de79252f70dfc145b853530f328b0c6dfed3085f,https://github.com/apache/arrow-adbc/commit/de79252f70dfc145b853530f328b0c6dfed3085f,Remove Parameter	 : char in method public supports_bulk_ingest( char) : bool from class DremioFlightSqlQuirks,[],apache#arrow-adbc,apache-arrow-adbc-0.2.0-rc1,[],Remove
28,[],/home/ubuntu/data/repos_pp_rminer/apache#arrow-adbc/c/driver/flightsql/dremio_flightsql_test.cc,/home/ubuntu/data/repos_pp_rminer/apache#arrow-adbc/c/driver/flightsql/dremio_flightsql_test.cc,apache/arrow-adbc,ebcb87d8df41798d82171d81b7650b6bdfbe295a,https://github.com/apache/arrow-adbc/commit/ebcb87d8df41798d82171d81b7650b6bdfbe295a,"Rename Variable	uri_raw : char to uri : char in method public SetupDatabase(database struct AdbcDatabase, error struct AdbcError) : AdbcStatusCode from class DremioFlightSqlQuirks",[],apache#arrow-adbc,apache-arrow-adbc-0.3.0,[],Rename
29,[],/home/ubuntu/data/repos_pp_rminer/apache#arrow-adbc/c/driver/flightsql/dremio_flightsql_test.cc,/home/ubuntu/data/repos_pp_rminer/apache#arrow-adbc/c/driver/flightsql/dremio_flightsql_test.cc,apache/arrow-adbc,ebcb87d8df41798d82171d81b7650b6bdfbe295a,https://github.com/apache/arrow-adbc/commit/ebcb87d8df41798d82171d81b7650b6bdfbe295a,"Rename Variable	user_raw : char to user : char in method public SetupDatabase(database struct AdbcDatabase, error struct AdbcError) : AdbcStatusCode from class DremioFlightSqlQuirks",[],apache#arrow-adbc,apache-arrow-adbc-0.3.0,[],Rename
30,[],/home/ubuntu/data/repos_pp_rminer/apache#arrow-adbc/c/driver/flightsql/dremio_flightsql_test.cc,/home/ubuntu/data/repos_pp_rminer/apache#arrow-adbc/c/driver/flightsql/dremio_flightsql_test.cc,apache/arrow-adbc,ebcb87d8df41798d82171d81b7650b6bdfbe295a,https://github.com/apache/arrow-adbc/commit/ebcb87d8df41798d82171d81b7650b6bdfbe295a,"Rename Variable	pass_raw : char to pass : char in method public SetupDatabase(database struct AdbcDatabase, error struct AdbcError) : AdbcStatusCode from class DremioFlightSqlQuirks",[],apache#arrow-adbc,apache-arrow-adbc-0.3.0,[],Rename
31,[],/home/ubuntu/data/repos_pp_rminer/apache#arrow-adbc/c/driver/flightsql/dremio_flightsql_test.cc,/home/ubuntu/data/repos_pp_rminer/apache#arrow-adbc/c/driver/flightsql/dremio_flightsql_test.cc,apache/arrow-adbc,ebcb87d8df41798d82171d81b7650b6bdfbe295a,https://github.com/apache/arrow-adbc/commit/ebcb87d8df41798d82171d81b7650b6bdfbe295a,Remove Parameter	 : char in method public supports_bulk_ingest( char) : bool from class DremioFlightSqlQuirks,[],apache#arrow-adbc,apache-arrow-adbc-0.3.0,[],Remove
32,[],/home/ubuntu/data/repos_pp_rminer/apache#arrow-adbc/c/driver/flightsql/dremio_flightsql_test.cc,/home/ubuntu/data/repos_pp_rminer/apache#arrow-adbc/c/driver/flightsql/dremio_flightsql_test.cc,apache/arrow-adbc,fdd13ae36f747f27fd3bd894400ec4250b6df0f8,https://github.com/apache/arrow-adbc/commit/fdd13ae36f747f27fd3bd894400ec4250b6df0f8,"Rename Variable	uri_raw : char to uri : char in method public SetupDatabase(database struct AdbcDatabase, error struct AdbcError) : AdbcStatusCode from class DremioFlightSqlQuirks",[],apache#arrow-adbc,apache-arrow-adbc-0.3.0-rc0,[],Rename
33,[],/home/ubuntu/data/repos_pp_rminer/apache#arrow-adbc/c/driver/flightsql/dremio_flightsql_test.cc,/home/ubuntu/data/repos_pp_rminer/apache#arrow-adbc/c/driver/flightsql/dremio_flightsql_test.cc,apache/arrow-adbc,fdd13ae36f747f27fd3bd894400ec4250b6df0f8,https://github.com/apache/arrow-adbc/commit/fdd13ae36f747f27fd3bd894400ec4250b6df0f8,"Rename Variable	user_raw : char to user : char in method public SetupDatabase(database struct AdbcDatabase, error struct AdbcError) : AdbcStatusCode from class DremioFlightSqlQuirks",[],apache#arrow-adbc,apache-arrow-adbc-0.3.0-rc0,[],Rename
34,[],/home/ubuntu/data/repos_pp_rminer/apache#arrow-adbc/c/driver/flightsql/dremio_flightsql_test.cc,/home/ubuntu/data/repos_pp_rminer/apache#arrow-adbc/c/driver/flightsql/dremio_flightsql_test.cc,apache/arrow-adbc,fdd13ae36f747f27fd3bd894400ec4250b6df0f8,https://github.com/apache/arrow-adbc/commit/fdd13ae36f747f27fd3bd894400ec4250b6df0f8,"Rename Variable	pass_raw : char to pass : char in method public SetupDatabase(database struct AdbcDatabase, error struct AdbcError) : AdbcStatusCode from class DremioFlightSqlQuirks",[],apache#arrow-adbc,apache-arrow-adbc-0.3.0-rc0,[],Rename
35,[],/home/ubuntu/data/repos_pp_rminer/apache#arrow-adbc/c/driver/flightsql/dremio_flightsql_test.cc,/home/ubuntu/data/repos_pp_rminer/apache#arrow-adbc/c/driver/flightsql/dremio_flightsql_test.cc,apache/arrow-adbc,fdd13ae36f747f27fd3bd894400ec4250b6df0f8,https://github.com/apache/arrow-adbc/commit/fdd13ae36f747f27fd3bd894400ec4250b6df0f8,Remove Parameter	 : char in method public supports_bulk_ingest( char) : bool from class DremioFlightSqlQuirks,[],apache#arrow-adbc,apache-arrow-adbc-0.3.0-rc0,[],Remove
36,[],/home/ubuntu/data/repos_pp_rminer/apache#arrow-adbc/c/driver/flightsql/dremio_flightsql_test.cc,/home/ubuntu/data/repos_pp_rminer/apache#arrow-adbc/c/driver/flightsql/dremio_flightsql_test.cc,apache/arrow-adbc,ebcb87d8df41798d82171d81b7650b6bdfbe295a,https://github.com/apache/arrow-adbc/commit/ebcb87d8df41798d82171d81b7650b6bdfbe295a,"Rename Variable	uri_raw : char to uri : char in method public SetupDatabase(database struct AdbcDatabase, error struct AdbcError) : AdbcStatusCode from class DremioFlightSqlQuirks",[],apache#arrow-adbc,apache-arrow-adbc-0.3.0-rc1,[],Rename
37,[],/home/ubuntu/data/repos_pp_rminer/apache#arrow-adbc/c/driver/flightsql/dremio_flightsql_test.cc,/home/ubuntu/data/repos_pp_rminer/apache#arrow-adbc/c/driver/flightsql/dremio_flightsql_test.cc,apache/arrow-adbc,ebcb87d8df41798d82171d81b7650b6bdfbe295a,https://github.com/apache/arrow-adbc/commit/ebcb87d8df41798d82171d81b7650b6bdfbe295a,"Rename Variable	user_raw : char to user : char in method public SetupDatabase(database struct AdbcDatabase, error struct AdbcError) : AdbcStatusCode from class DremioFlightSqlQuirks",[],apache#arrow-adbc,apache-arrow-adbc-0.3.0-rc1,[],Rename
38,[],/home/ubuntu/data/repos_pp_rminer/apache#arrow-adbc/c/driver/flightsql/dremio_flightsql_test.cc,/home/ubuntu/data/repos_pp_rminer/apache#arrow-adbc/c/driver/flightsql/dremio_flightsql_test.cc,apache/arrow-adbc,ebcb87d8df41798d82171d81b7650b6bdfbe295a,https://github.com/apache/arrow-adbc/commit/ebcb87d8df41798d82171d81b7650b6bdfbe295a,"Rename Variable	pass_raw : char to pass : char in method public SetupDatabase(database struct AdbcDatabase, error struct AdbcError) : AdbcStatusCode from class DremioFlightSqlQuirks",[],apache#arrow-adbc,apache-arrow-adbc-0.3.0-rc1,[],Rename
39,[],/home/ubuntu/data/repos_pp_rminer/apache#arrow-adbc/c/driver/flightsql/dremio_flightsql_test.cc,/home/ubuntu/data/repos_pp_rminer/apache#arrow-adbc/c/driver/flightsql/dremio_flightsql_test.cc,apache/arrow-adbc,ebcb87d8df41798d82171d81b7650b6bdfbe295a,https://github.com/apache/arrow-adbc/commit/ebcb87d8df41798d82171d81b7650b6bdfbe295a,Remove Parameter	 : char in method public supports_bulk_ingest( char) : bool from class DremioFlightSqlQuirks,[],apache#arrow-adbc,apache-arrow-adbc-0.3.0-rc1,[],Remove
40,[],/home/ubuntu/data/repos_pp_rminer/apache#arrow-adbc/c/driver/flightsql/dremio_flightsql_test.cc,/home/ubuntu/data/repos_pp_rminer/apache#arrow-adbc/c/driver/flightsql/dremio_flightsql_test.cc,apache/arrow-adbc,de79252f70dfc145b853530f328b0c6dfed3085f,https://github.com/apache/arrow-adbc/commit/de79252f70dfc145b853530f328b0c6dfed3085f,"Rename Variable	uri_raw : char to uri : char in method public SetupDatabase(database struct AdbcDatabase, error struct AdbcError) : AdbcStatusCode from class DremioFlightSqlQuirks",[],apache#arrow-adbc,go#adbc#v0.2.0,[],Rename
41,[],/home/ubuntu/data/repos_pp_rminer/apache#arrow-adbc/c/driver/flightsql/dremio_flightsql_test.cc,/home/ubuntu/data/repos_pp_rminer/apache#arrow-adbc/c/driver/flightsql/dremio_flightsql_test.cc,apache/arrow-adbc,de79252f70dfc145b853530f328b0c6dfed3085f,https://github.com/apache/arrow-adbc/commit/de79252f70dfc145b853530f328b0c6dfed3085f,"Rename Variable	user_raw : char to user : char in method public SetupDatabase(database struct AdbcDatabase, error struct AdbcError) : AdbcStatusCode from class DremioFlightSqlQuirks",[],apache#arrow-adbc,go#adbc#v0.2.0,[],Rename
42,[],/home/ubuntu/data/repos_pp_rminer/apache#arrow-adbc/c/driver/flightsql/dremio_flightsql_test.cc,/home/ubuntu/data/repos_pp_rminer/apache#arrow-adbc/c/driver/flightsql/dremio_flightsql_test.cc,apache/arrow-adbc,de79252f70dfc145b853530f328b0c6dfed3085f,https://github.com/apache/arrow-adbc/commit/de79252f70dfc145b853530f328b0c6dfed3085f,"Rename Variable	pass_raw : char to pass : char in method public SetupDatabase(database struct AdbcDatabase, error struct AdbcError) : AdbcStatusCode from class DremioFlightSqlQuirks",[],apache#arrow-adbc,go#adbc#v0.2.0,[],Rename
43,[],/home/ubuntu/data/repos_pp_rminer/apache#arrow-adbc/c/driver/flightsql/dremio_flightsql_test.cc,/home/ubuntu/data/repos_pp_rminer/apache#arrow-adbc/c/driver/flightsql/dremio_flightsql_test.cc,apache/arrow-adbc,de79252f70dfc145b853530f328b0c6dfed3085f,https://github.com/apache/arrow-adbc/commit/de79252f70dfc145b853530f328b0c6dfed3085f,Remove Parameter	 : char in method public supports_bulk_ingest( char) : bool from class DremioFlightSqlQuirks,[],apache#arrow-adbc,go#adbc#v0.2.0,[],Remove
44,[],/home/ubuntu/data/repos_pp_rminer/apache#arrow-adbc/c/driver/flightsql/dremio_flightsql_test.cc,/home/ubuntu/data/repos_pp_rminer/apache#arrow-adbc/c/driver/flightsql/dremio_flightsql_test.cc,apache/arrow-adbc,ebcb87d8df41798d82171d81b7650b6bdfbe295a,https://github.com/apache/arrow-adbc/commit/ebcb87d8df41798d82171d81b7650b6bdfbe295a,"Rename Variable	uri_raw : char to uri : char in method public SetupDatabase(database struct AdbcDatabase, error struct AdbcError) : AdbcStatusCode from class DremioFlightSqlQuirks",[],apache#arrow-adbc,go#adbc#v0.3.0,[],Rename
45,[],/home/ubuntu/data/repos_pp_rminer/apache#arrow-adbc/c/driver/flightsql/dremio_flightsql_test.cc,/home/ubuntu/data/repos_pp_rminer/apache#arrow-adbc/c/driver/flightsql/dremio_flightsql_test.cc,apache/arrow-adbc,ebcb87d8df41798d82171d81b7650b6bdfbe295a,https://github.com/apache/arrow-adbc/commit/ebcb87d8df41798d82171d81b7650b6bdfbe295a,"Rename Variable	user_raw : char to user : char in method public SetupDatabase(database struct AdbcDatabase, error struct AdbcError) : AdbcStatusCode from class DremioFlightSqlQuirks",[],apache#arrow-adbc,go#adbc#v0.3.0,[],Rename
46,[],/home/ubuntu/data/repos_pp_rminer/apache#arrow-adbc/c/driver/flightsql/dremio_flightsql_test.cc,/home/ubuntu/data/repos_pp_rminer/apache#arrow-adbc/c/driver/flightsql/dremio_flightsql_test.cc,apache/arrow-adbc,ebcb87d8df41798d82171d81b7650b6bdfbe295a,https://github.com/apache/arrow-adbc/commit/ebcb87d8df41798d82171d81b7650b6bdfbe295a,"Rename Variable	pass_raw : char to pass : char in method public SetupDatabase(database struct AdbcDatabase, error struct AdbcError) : AdbcStatusCode from class DremioFlightSqlQuirks",[],apache#arrow-adbc,go#adbc#v0.3.0,[],Rename
47,[],/home/ubuntu/data/repos_pp_rminer/apache#arrow-adbc/c/driver/flightsql/dremio_flightsql_test.cc,/home/ubuntu/data/repos_pp_rminer/apache#arrow-adbc/c/driver/flightsql/dremio_flightsql_test.cc,apache/arrow-adbc,ebcb87d8df41798d82171d81b7650b6bdfbe295a,https://github.com/apache/arrow-adbc/commit/ebcb87d8df41798d82171d81b7650b6bdfbe295a,Remove Parameter	 : char in method public supports_bulk_ingest( char) : bool from class DremioFlightSqlQuirks,[],apache#arrow-adbc,go#adbc#v0.3.0,[],Remove
