id,full_name,owner,repo_name,html_url,created_at,updated_at,pushed_at,size,language,forks_count,stargazers_count,watchers_count,num_contributors
0,apache#accumulo,apache,accumulo,https://github.com/apache/accumulo,2011-10-06T07:00:09Z,2025-06-02T12:08:45Z,2025-06-02T14:19:07Z,112644,Java,462,1098,1098,155
1,apache#activemq,apache,activemq,https://github.com/apache/activemq,2009-05-21T01:33:45Z,2025-05-31T05:56:06Z,2025-05-31T05:57:18Z,66625,Java,1465,2359,2359,147
2,apache#activemq-artemis,apache,activemq-artemis,https://github.com/apache/activemq-artemis,2015-05-22T07:00:05Z,2025-06-01T09:43:53Z,2025-06-02T02:18:34Z,108009,Java,932,968,968,240
3,apache#activemq-cpp,apache,activemq-cpp,https://github.com/apache/activemq-cpp,2009-09-07T08:00:40Z,2025-05-09T07:56:41Z,2025-03-06T18:37:38Z,32308,C++,63,101,101,4
4,apache#activemq-nms-amqp,apache,activemq-nms-amqp,https://github.com/apache/activemq-nms-amqp,2017-03-04T08:00:06Z,2025-04-26T15:24:36Z,2025-04-26T15:25:58Z,1045,C#,31,54,54,12
5,apache#age,apache,age,https://github.com/apache/age,2020-07-01T06:15:47Z,2025-06-02T03:29:27Z,2025-05-18T09:56:40Z,47661,C,431,3583,3583,85
6,apache#airavata,apache,airavata,https://github.com/apache/airavata,2014-01-29T08:00:06Z,2025-05-22T15:05:54Z,2025-05-23T00:32:31Z,174535,Java,132,120,120,52
7,apache#airflow,apache,airflow,https://github.com/apache/airflow,2015-04-13T18:04:58Z,2025-06-02T14:13:45Z,2025-06-02T14:13:39Z,400583,Python,15104,40363,40363,414
8,apache#airflow-client-python,apache,airflow-client-python,https://github.com/apache/airflow-client-python,2020-06-28T11:20:41Z,2025-05-29T22:25:18Z,2025-05-27T10:42:32Z,1833,Python,57,401,401,17
9,apache#allura,apache,allura,https://github.com/apache/allura,2014-04-05T07:00:06Z,2025-05-28T15:23:25Z,2025-05-28T15:23:22Z,44510,Python,37,134,134,46
10,apache#ambari,apache,ambari,https://github.com/apache/ambari,2011-09-23T07:00:08Z,2025-06-02T07:41:13Z,2025-05-30T00:05:36Z,375970,Java,1723,2226,2226,173
11,apache#ambari-metrics,apache,ambari-metrics,https://github.com/apache/ambari-metrics,2018-09-25T18:12:23Z,2025-05-13T00:47:30Z,2025-05-13T00:47:26Z,9277,Java,80,50,50,43
12,apache#amoro,apache,amoro,https://github.com/apache/amoro,2022-07-14T01:54:10Z,2025-06-01T18:06:37Z,2025-05-30T15:32:54Z,71258,Java,334,976,976,99
13,apache#answer,apache,answer,https://github.com/apache/answer,2022-09-29T05:16:19Z,2025-06-02T10:48:27Z,2025-05-30T03:22:08Z,14781,Go,1166,14462,14462,88
14,apache#answer-plugins,apache,answer-plugins,https://github.com/apache/answer-plugins,2023-02-01T08:02:09Z,2025-05-23T06:07:28Z,2025-04-23T09:50:55Z,4613,Go,58,99,99,25
15,apache#ant,apache,ant,https://github.com/apache/ant,2014-05-28T07:00:08Z,2025-06-01T13:52:44Z,2025-06-01T13:52:40Z,75768,Java,443,439,439,78
16,apache#ant-ivy,apache,ant-ivy,https://github.com/apache/ant-ivy,2014-05-28T07:00:08Z,2025-05-02T04:15:50Z,2025-04-29T21:44:21Z,12597,Java,112,71,71,20
17,apache#apisix,apache,apisix,https://github.com/apache/apisix,2019-04-10T02:02:05Z,2025-06-01T18:04:52Z,2025-06-01T06:28:42Z,41351,Lua,2600,15177,15177,413
18,apache#apisix-dashboard,apache,apisix-dashboard,https://github.com/apache/apisix-dashboard,2019-07-01T09:50:11Z,2025-06-02T13:57:36Z,2025-06-02T07:29:30Z,16489,TypeScript,556,1077,1077,104
19,apache#apisix-docker,apache,apisix-docker,https://github.com/apache/apisix-docker,2019-06-04T01:07:54Z,2025-05-31T13:53:58Z,2025-04-18T02:47:13Z,461,Dockerfile,475,779,779,76
20,apache#apisix-helm-chart,apache,apisix-helm-chart,https://github.com/apache/apisix-helm-chart,2020-06-19T02:06:59Z,2025-06-02T13:02:08Z,2025-06-02T13:02:04Z,1393,Smarty,232,243,243,90
21,apache#apisix-ingress-controller,apache,apisix-ingress-controller,https://github.com/apache/apisix-ingress-controller,2019-11-13T13:41:00Z,2025-06-02T09:13:53Z,2025-05-21T08:59:32Z,12761,Go,354,1065,1065,131
22,apache#apisix-java-plugin-runner,apache,apisix-java-plugin-runner,https://github.com/apache/apisix-java-plugin-runner,2021-05-13T05:42:58Z,2025-04-29T09:50:22Z,2025-04-12T10:20:10Z,925,Java,101,142,142,23
23,apache#apr,apache,apr,https://github.com/apache/apr,2009-03-27T15:41:55Z,2025-05-26T09:07:10Z,2025-05-18T18:52:20Z,20238,C,213,502,502,30
24,apache#apr-util,apache,apr-util,https://github.com/apache/apr-util,2009-03-27T15:41:58Z,2025-05-18T16:19:48Z,2025-05-18T16:19:45Z,8852,C,65,77,77,24
25,apache#aries,apache,aries,https://github.com/apache/aries,2009-09-30T08:00:10Z,2025-05-30T18:14:23Z,2025-05-30T18:14:21Z,69973,Java,158,115,115,33
26,apache#arrow,apache,arrow,https://github.com/apache/arrow,2016-02-17T08:00:23Z,2025-06-02T13:13:15Z,2025-06-02T13:13:10Z,211002,C++,3726,15524,15524,368
27,apache#arrow-adbc,apache,arrow-adbc,https://github.com/apache/arrow-adbc,2022-06-01T15:08:49Z,2025-05-29T21:39:27Z,2025-05-28T23:58:39Z,60987,C#,127,452,452,70
28,apache#arrow-cookbook,apache,arrow-cookbook,https://github.com/apache/arrow-cookbook,2021-07-13T12:31:51Z,2025-05-14T18:41:12Z,2025-05-07T18:56:45Z,1975,C++,47,103,103,31
29,apache#arrow-go,apache,arrow-go,https://github.com/apache/arrow-go,2024-08-29T03:03:01Z,2025-05-29T06:29:26Z,2025-05-29T00:21:21Z,20105,Assembly,35,186,186,127
30,apache#arrow-julia,apache,arrow-julia,https://github.com/apache/arrow-julia,2020-08-28T12:54:32Z,2025-05-10T03:41:43Z,2025-05-10T03:44:26Z,2090,Julia,64,291,291,43
31,apache#arrow-nanoarrow,apache,arrow-nanoarrow,https://github.com/apache/arrow-nanoarrow,2022-07-07T13:08:51Z,2025-06-01T16:46:46Z,2025-06-01T04:09:05Z,29889,C,44,188,188,26
32,apache#arrow-rs,apache,arrow-rs,https://github.com/apache/arrow-rs,2021-04-17T15:40:05Z,2025-06-02T12:33:43Z,2025-06-02T12:36:08Z,45488,Rust,935,2962,2962,414
33,apache#arrow-rs-object-store,apache,arrow-rs-object-store,https://github.com/apache/arrow-rs-object-store,2025-03-20T18:17:12Z,2025-06-01T15:06:54Z,2025-05-29T08:27:49Z,1904,Rust,42,61,61,112
34,apache#asterixdb,apache,asterixdb,https://github.com/apache/asterixdb,2015-03-10T19:06:29Z,2025-06-01T15:06:37Z,2025-06-01T15:01:46Z,195660,Java,144,291,291,75
35,apache#atlas,apache,atlas,https://github.com/apache/atlas,2017-07-22T07:00:08Z,2025-05-29T08:46:36Z,2025-05-29T09:55:31Z,69544,Java,878,1940,1940,134
36,apache#avro,apache,avro,https://github.com/apache/avro,2009-05-21T02:48:37Z,2025-05-30T15:48:15Z,2025-06-01T17:59:27Z,77882,Java,1673,3078,3078,362
37,apache#avro-rs,apache,avro-rs,https://github.com/apache/avro-rs,2024-09-23T11:00:00Z,2025-05-30T21:10:25Z,2025-05-30T21:10:23Z,1565,Rust,25,60,60,53
38,apache#beam,apache,beam,https://github.com/apache/beam,2016-02-02T08:00:06Z,2025-06-02T14:01:58Z,2025-06-02T14:07:05Z,822379,Java,4350,8128,8128,305
39,apache#bifromq,apache,bifromq,https://github.com/apache/bifromq,2023-05-29T07:27:30Z,2025-05-31T15:33:39Z,2025-05-30T06:43:03Z,8325,Java,69,661,661,9
40,apache#bigtop,apache,bigtop,https://github.com/apache/bigtop,2011-08-04T16:09:56Z,2025-05-31T14:26:14Z,2025-05-31T14:26:09Z,50773,Groovy,527,643,643,144
41,apache#bigtop-manager,apache,bigtop-manager,https://github.com/apache/bigtop-manager,2024-06-01T05:06:06Z,2025-05-30T06:46:05Z,2025-05-30T06:46:01Z,3051,Java,38,84,84,15
42,apache#bookkeeper,apache,bookkeeper,https://github.com/apache/bookkeeper,2011-04-06T07:00:07Z,2025-06-01T11:08:42Z,2025-05-30T17:42:38Z,135185,Java,955,1942,1942,202
43,apache#brooklyn,apache,brooklyn,https://github.com/apache/brooklyn,2015-12-02T08:00:06Z,2025-05-27T17:45:00Z,2025-05-27T17:44:55Z,795,Dockerfile,67,139,139,28
44,apache#brpc,apache,brpc,https://github.com/apache/brpc,2017-09-04T09:28:47Z,2025-06-01T14:42:34Z,2025-06-01T13:10:34Z,40080,C++,4025,17107,17107,204
45,apache#buildstream,apache,buildstream,https://github.com/apache/buildstream,2021-02-02T09:34:19Z,2025-05-29T15:02:45Z,2025-06-02T12:41:17Z,42780,Python,32,93,93,64
46,apache#calcite,apache,calcite,https://github.com/apache/calcite,2014-06-25T07:00:07Z,2025-06-02T06:51:22Z,2025-05-31T03:30:16Z,106596,Java,2412,4850,4850,327
47,apache#calcite-avatica,apache,calcite-avatica,https://github.com/apache/calcite-avatica,2017-03-22T07:00:06Z,2025-03-31T22:13:18Z,2025-03-12T20:04:06Z,33516,Java,233,259,259,137
48,apache#calcite-avatica-go,apache,calcite-avatica-go,https://github.com/apache/calcite-avatica-go,2017-08-08T07:00:08Z,2025-04-16T23:20:11Z,2025-04-16T23:20:09Z,787,Go,37,122,122,10
49,apache#camel,apache,camel,https://github.com/apache/camel,2009-05-21T00:25:36Z,2025-06-02T14:06:58Z,2025-06-02T14:14:26Z,1080328,Java,5033,5849,5849,328
50,apache#camel-k,apache,camel-k,https://github.com/apache/camel-k,2018-08-31T08:38:42Z,2025-05-30T14:52:10Z,2025-06-02T01:58:18Z,111023,Go,357,880,880,126
51,apache#camel-k-runtime,apache,camel-k-runtime,https://github.com/apache/camel-k-runtime,2019-02-20T09:33:17Z,2025-05-24T19:38:04Z,2025-04-24T19:31:55Z,16908,Java,53,65,65,28
52,apache#camel-kafka-connector,apache,camel-kafka-connector,https://github.com/apache/camel-kafka-connector,2019-12-04T08:39:07Z,2025-04-24T18:50:54Z,2025-06-02T02:48:48Z,59848,Java,106,160,160,35
53,apache#camel-kamelets,apache,camel-kamelets,https://github.com/apache/camel-kamelets,2020-11-26T09:11:43Z,2025-06-01T14:47:08Z,2025-06-01T14:48:43Z,23361,Java,85,57,57,45
54,apache#camel-karavan,apache,camel-karavan,https://github.com/apache/camel-karavan,2021-10-04T05:33:11Z,2025-05-30T14:19:50Z,2025-05-30T14:09:05Z,36014,TypeScript,186,512,512,35
55,apache#camel-quarkus,apache,camel-quarkus,https://github.com/apache/camel-quarkus,2019-06-21T08:55:25Z,2025-06-02T06:32:55Z,2025-06-02T13:20:10Z,217182,Java,207,266,266,80
56,apache#camel-quarkus-examples,apache,camel-quarkus-examples,https://github.com/apache/camel-quarkus-examples,2020-09-09T11:16:22Z,2025-05-21T05:58:45Z,2025-05-20T14:26:03Z,2100,Java,126,88,88,19
57,apache#camel-spring-boot,apache,camel-spring-boot,https://github.com/apache/camel-spring-boot,2019-12-16T07:40:31Z,2025-05-31T13:43:51Z,2025-06-02T00:51:25Z,403300,Java,181,172,172,307
58,apache#camel-spring-boot-examples,apache,camel-spring-boot-examples,https://github.com/apache/camel-spring-boot-examples,2020-05-14T06:31:29Z,2025-05-31T13:40:52Z,2025-05-31T13:40:48Z,5083,Java,350,330,330,41
59,apache#carbondata,apache,carbondata,https://github.com/apache/carbondata,2016-06-28T07:00:06Z,2025-04-07T08:58:57Z,2025-03-31T23:27:30Z,86654,Scala,704,1435,1435,174
60,apache#cassandra,apache,cassandra,https://github.com/apache/cassandra,2009-05-21T02:10:09Z,2025-06-02T10:42:04Z,2025-06-02T10:42:01Z,442876,Java,3709,9222,9222,270
61,apache#cassandra-ccm,apache,cassandra-ccm,https://github.com/apache/cassandra-ccm,2011-03-01T09:42:18Z,2025-05-28T21:41:23Z,2025-05-28T19:04:49Z,2483,Python,304,1230,1230,102
62,apache#cassandra-gocql-driver,apache,cassandra-gocql-driver,https://github.com/apache/cassandra-gocql-driver,2012-08-26T15:42:42Z,2025-06-01T17:35:40Z,2025-05-30T15:02:36Z,3959,Go,634,2627,2627,175
63,apache#cassandra-java-driver,apache,cassandra-java-driver,https://github.com/apache/cassandra-java-driver,2012-11-19T18:44:41Z,2025-05-31T15:54:11Z,2025-05-06T04:21:56Z,44555,Java,885,1367,1367,57
64,apache#cassandra-spark-connector,apache,cassandra-spark-connector,https://github.com/apache/cassandra-spark-connector,2014-06-27T15:45:54Z,2025-05-29T14:32:20Z,2025-04-29T09:28:59Z,21343,Scala,923,1948,1948,94
65,apache#causeway,apache,causeway,https://github.com/apache/causeway,2012-11-30T08:00:24Z,2025-06-02T05:14:53Z,2025-06-02T05:14:55Z,390654,Java,307,869,869,46
66,apache#cayenne,apache,cayenne,https://github.com/apache/cayenne,2009-05-21T01:05:37Z,2025-05-24T05:47:47Z,2025-05-05T18:41:50Z,93857,Java,138,328,328,44
67,apache#celeborn,apache,celeborn,https://github.com/apache/celeborn,2021-12-10T08:57:16Z,2025-06-01T15:24:15Z,2025-06-02T02:09:47Z,32653,Java,392,951,951,111
68,apache#celix,apache,celix,https://github.com/apache/celix,2014-08-09T07:00:07Z,2025-05-09T05:57:57Z,2025-05-08T01:17:11Z,21119,C,92,175,175,27
69,apache#cloudberry,apache,cloudberry,https://github.com/apache/cloudberry,2023-05-24T06:58:16Z,2025-06-02T00:07:09Z,2025-05-31T10:51:17Z,671246,C,159,971,971,228
70,apache#cloudstack,apache,cloudstack,https://github.com/apache/cloudstack,2013-04-29T22:27:12Z,2025-06-02T12:01:10Z,2025-05-31T12:06:03Z,625774,Java,1178,2380,2380,221
71,apache#cloudstack-cloudmonkey,apache,cloudstack-cloudmonkey,https://github.com/apache/cloudstack-cloudmonkey,2013-10-17T07:00:46Z,2025-05-18T15:22:32Z,2025-04-03T13:26:33Z,4009,Go,68,104,104,27
72,apache#commons-bcel,apache,commons-bcel,https://github.com/apache/commons-bcel,2013-07-13T07:00:12Z,2025-05-30T20:51:20Z,2025-05-30T20:51:20Z,10361,Java,129,257,257,38
73,apache#commons-beanutils,apache,commons-beanutils,https://github.com/apache/commons-beanutils,2013-06-12T07:00:16Z,2025-06-02T05:33:23Z,2025-05-31T00:05:05Z,8838,Java,217,294,294,33
74,apache#commons-cli,apache,commons-cli,https://github.com/apache/commons-cli,2009-05-28T08:00:15Z,2025-06-01T21:06:13Z,2025-05-20T20:14:04Z,4077,Java,199,369,369,50
75,apache#commons-collections,apache,commons-collections,https://github.com/apache/commons-collections,2009-05-21T01:12:20Z,2025-05-23T06:12:20Z,2025-05-21T11:57:37Z,24531,Java,489,708,708,78
76,apache#commons-compress,apache,commons-compress,https://github.com/apache/commons-compress,2011-10-15T07:00:08Z,2025-06-02T14:16:52Z,2025-06-02T14:16:48Z,73779,Java,294,364,364,93
77,apache#commons-configuration,apache,commons-configuration,https://github.com/apache/commons-configuration,2013-02-26T08:00:12Z,2025-05-30T17:04:12Z,2025-05-30T17:04:11Z,20125,Java,142,208,208,50
78,apache#commons-crypto,apache,commons-crypto,https://github.com/apache/commons-crypto,2016-04-13T07:00:07Z,2025-05-30T13:57:02Z,2025-05-30T13:57:57Z,3065,Java,95,122,122,26
79,apache#commons-csv,apache,commons-csv,https://github.com/apache/commons-csv,2013-06-12T07:00:17Z,2025-05-23T07:43:25Z,2025-05-20T20:35:39Z,39940,Java,279,389,389,45
80,apache#commons-daemon,apache,commons-daemon,https://github.com/apache/commons-daemon,2013-07-12T07:00:18Z,2025-05-23T16:25:15Z,2025-05-23T16:25:11Z,2956,C,71,98,98,26
81,apache#commons-dbcp,apache,commons-dbcp,https://github.com/apache/commons-dbcp,2013-07-10T07:00:11Z,2025-05-26T19:55:26Z,2025-05-26T18:23:08Z,8353,Java,247,350,350,47
82,apache#commons-dbutils,apache,commons-dbutils,https://github.com/apache/commons-dbutils,2013-07-12T07:00:18Z,2025-05-26T00:14:02Z,2025-05-20T21:34:25Z,2312,Java,182,381,381,27
83,apache#commons-digester,apache,commons-digester,https://github.com/apache/commons-digester,2013-07-12T07:00:18Z,2025-05-27T22:55:06Z,2025-05-27T22:55:03Z,6195,Java,44,55,55,19
84,apache#commons-email,apache,commons-email,https://github.com/apache/commons-email,2013-07-11T07:00:16Z,2025-05-30T20:52:26Z,2025-05-30T20:52:26Z,2941,Java,120,166,166,28
85,apache#commons-exec,apache,commons-exec,https://github.com/apache/commons-exec,2011-10-15T07:00:08Z,2025-05-30T17:58:11Z,2025-05-30T17:58:14Z,4202,Java,87,152,152,23
86,apache#commons-fileupload,apache,commons-fileupload,https://github.com/apache/commons-fileupload,2011-10-15T07:00:07Z,2025-06-01T05:55:10Z,2025-06-01T05:55:06Z,3610,Java,181,245,245,45
87,apache#commons-geometry,apache,commons-geometry,https://github.com/apache/commons-geometry,2018-04-02T10:19:46Z,2025-05-23T21:07:08Z,2025-05-23T21:07:12Z,7886,Java,28,54,54,13
88,apache#commons-imaging,apache,commons-imaging,https://github.com/apache/commons-imaging,2013-07-11T07:00:17Z,2025-05-30T17:58:43Z,2025-05-30T17:58:42Z,44659,Java,196,455,455,43
89,apache#commons-io,apache,commons-io,https://github.com/apache/commons-io,2009-05-21T01:38:37Z,2025-05-28T08:26:59Z,2025-05-24T00:53:10Z,13527,Java,689,1032,1032,110
90,apache#commons-jcs,apache,commons-jcs,https://github.com/apache/commons-jcs,2013-07-10T07:00:13Z,2025-05-29T22:48:50Z,2025-05-29T22:48:47Z,26112,Java,49,99,99,24
91,apache#commons-jexl,apache,commons-jexl,https://github.com/apache/commons-jexl,2013-07-10T07:00:14Z,2025-05-31T12:51:55Z,2025-05-31T12:51:51Z,8423,Java,87,212,212,27
92,apache#commons-lang,apache,commons-lang,https://github.com/apache/commons-lang,2009-05-21T01:24:46Z,2025-05-29T18:13:11Z,2025-05-28T22:12:58Z,27206,Java,1667,2802,2802,218
93,apache#commons-logging,apache,commons-logging,https://github.com/apache/commons-logging,2009-05-21T08:42:09Z,2025-05-26T03:18:16Z,2025-05-20T21:32:04Z,3504,Java,133,153,153,36
94,apache#commons-math,apache,commons-math,https://github.com/apache/commons-math,2014-10-08T07:00:06Z,2025-05-29T20:20:17Z,2025-05-23T13:55:34Z,29332,Java,367,612,612,51
95,apache#commons-net,apache,commons-net,https://github.com/apache/commons-net,2012-12-11T08:00:16Z,2025-05-26T02:34:41Z,2025-05-22T14:25:17Z,12290,Java,197,273,273,36
96,apache#commons-numbers,apache,commons-numbers,https://github.com/apache/commons-numbers,2016-10-26T07:00:06Z,2025-05-30T12:01:17Z,2025-05-30T12:02:11Z,31193,Java,60,74,74,25
97,apache#commons-pool,apache,commons-pool,https://github.com/apache/commons-pool,2013-07-08T07:00:28Z,2025-05-21T11:21:02Z,2025-05-24T23:35:03Z,9272,Java,293,532,532,45
98,apache#commons-rng,apache,commons-rng,https://github.com/apache/commons-rng,2016-08-13T07:00:06Z,2025-05-30T11:45:14Z,2025-05-30T11:45:11Z,9199,Java,40,55,55,14
99,apache#commons-scxml,apache,commons-scxml,https://github.com/apache/commons-scxml,2015-07-10T07:00:05Z,2025-05-30T02:00:31Z,2025-05-30T02:00:27Z,4468,Java,50,55,55,14
100,apache#commons-statistics,apache,commons-statistics,https://github.com/apache/commons-statistics,2018-01-03T08:00:08Z,2025-05-30T12:10:29Z,2025-05-30T12:11:17Z,4565,Java,28,57,57,12
101,apache#commons-text,apache,commons-text,https://github.com/apache/commons-text,2014-11-10T08:00:07Z,2025-05-30T20:52:41Z,2025-05-30T20:52:42Z,4759,Java,264,362,362,57
102,apache#commons-validator,apache,commons-validator,https://github.com/apache/commons-validator,2010-09-26T07:00:19Z,2025-05-31T00:29:00Z,2025-05-31T00:29:50Z,9865,Java,162,213,213,38
103,apache#commons-vfs,apache,commons-vfs,https://github.com/apache/commons-vfs,2013-07-13T07:00:13Z,2025-05-29T02:56:37Z,2025-05-25T19:43:49Z,13796,Java,209,243,243,55
104,apache#cordova-android,apache,cordova-android,https://github.com/apache/cordova-android,2012-11-28T08:00:22Z,2025-05-30T09:03:53Z,2025-04-30T05:30:28Z,38274,JavaScript,1553,3718,3718,182
105,apache#cordova-cli,apache,cordova-cli,https://github.com/apache/cordova-cli,2012-12-12T08:00:28Z,2025-04-28T04:04:27Z,2024-12-20T20:20:29Z,40944,JavaScript,344,951,951,89
106,apache#cordova-docs,apache,cordova-docs,https://github.com/apache/cordova-docs,2012-11-28T08:00:26Z,2025-04-30T05:24:09Z,2025-04-30T05:26:15Z,269427,JavaScript,558,352,352,214
107,apache#cordova-ios,apache,cordova-ios,https://github.com/apache/cordova-ios,2012-11-28T08:00:23Z,2025-05-18T00:23:27Z,2025-05-18T00:23:23Z,32888,JavaScript,994,2187,2187,180
108,apache#cordova-js,apache,cordova-js,https://github.com/apache/cordova-js,2012-11-28T08:00:22Z,2025-05-22T05:23:36Z,2025-05-22T05:24:42Z,12628,JavaScript,830,636,636,70
109,apache#cordova-lib,apache,cordova-lib,https://github.com/apache/cordova-lib,2014-05-07T07:00:06Z,2025-05-26T02:24:53Z,2024-12-17T05:01:01Z,53844,JavaScript,246,223,223,137
110,apache#cordova-mobile-spec,apache,cordova-mobile-spec,https://github.com/apache/cordova-mobile-spec,2012-11-28T08:00:19Z,2025-03-23T00:31:46Z,2025-03-18T02:04:06Z,3333,JavaScript,104,65,65,48
111,apache#cordova-plugin-camera,apache,cordova-plugin-camera,https://github.com/apache/cordova-plugin-camera,2013-06-22T07:00:13Z,2025-05-29T15:25:23Z,2025-03-20T19:13:03Z,2062,Objective-C,1562,968,968,96
112,apache#cordova-plugin-device,apache,cordova-plugin-device,https://github.com/apache/cordova-plugin-device,2013-06-22T07:00:15Z,2025-05-12T18:03:02Z,2025-05-06T13:49:14Z,562,JavaScript,427,390,390,56
113,apache#cordova-plugin-file-transfer,apache,cordova-plugin-file-transfer,https://github.com/apache/cordova-plugin-file-transfer,2013-06-22T07:00:16Z,2025-05-07T03:35:06Z,2025-04-24T11:39:59Z,1197,JavaScript,888,600,600,76
114,apache#cordova-plugin-geolocation,apache,cordova-plugin-geolocation,https://github.com/apache/cordova-plugin-geolocation,2013-06-22T07:00:16Z,2025-05-07T03:44:01Z,2025-04-26T17:37:25Z,648,JavaScript,668,635,635,56
115,apache#cordova-plugin-media-capture,apache,cordova-plugin-media-capture,https://github.com/apache/cordova-plugin-media-capture,2013-06-22T07:00:17Z,2025-05-20T12:03:52Z,2025-02-26T06:59:05Z,3042,JavaScript,499,310,310,55
116,apache#cordova-plugin-screen-orientation,apache,cordova-plugin-screen-orientation,https://github.com/apache/cordova-plugin-screen-orientation,2016-06-02T07:00:06Z,2025-05-27T11:26:47Z,2025-05-27T11:06:16Z,273,JavaScript,230,217,217,26
117,apache#couchdb,apache,couchdb,https://github.com/apache/couchdb,2009-05-21T02:03:38Z,2025-06-02T02:34:45Z,2025-06-02T13:38:14Z,46260,Erlang,1055,6544,6544,182
118,apache#couchdb-fauxton,apache,couchdb-fauxton,https://github.com/apache/couchdb-fauxton,2014-01-17T08:00:08Z,2025-05-26T15:35:46Z,2025-05-01T03:05:50Z,15042,JavaScript,229,397,397,69
119,apache#ctakes,apache,ctakes,https://github.com/apache/ctakes,2022-11-29T13:43:35Z,2025-05-29T17:07:43Z,2025-04-01T14:37:11Z,134052,Java,13,78,78,4
120,apache#curator,apache,curator,https://github.com/apache/curator,2014-03-03T08:00:07Z,2025-05-23T02:13:33Z,2025-04-21T10:24:30Z,11284,Java,1247,3140,3140,121
121,apache#cxf,apache,cxf,https://github.com/apache/cxf,2014-02-19T08:00:08Z,2025-06-02T13:23:01Z,2025-06-02T13:23:04Z,143089,Java,1443,885,885,234
122,apache#daffodil,apache,daffodil,https://github.com/apache/daffodil,2017-08-29T07:00:10Z,2025-05-23T16:10:35Z,2025-05-23T17:40:29Z,182381,Scala,73,96,96,36
123,apache#datafu,apache,datafu,https://github.com/apache/datafu,2014-01-14T08:00:07Z,2025-05-20T11:32:03Z,2025-05-20T11:32:00Z,30447,Java,65,120,120,28
124,apache#datafusion,apache,datafusion,https://github.com/apache/datafusion,2021-04-17T15:40:23Z,2025-06-02T11:43:13Z,2025-06-02T11:33:12Z,148505,Rust,1501,7275,7275,417
125,apache#datafusion-ballista,apache,datafusion-ballista,https://github.com/apache/datafusion-ballista,2022-05-19T14:32:27Z,2025-06-01T17:27:42Z,2025-06-01T09:37:34Z,21624,Rust,219,1763,1763,309
126,apache#datafusion-comet,apache,datafusion-comet,https://github.com/apache/datafusion-comet,2024-01-15T17:33:42Z,2025-06-02T14:12:15Z,2025-06-02T14:12:11Z,17644,Rust,205,959,959,65
127,apache#datafusion-python,apache,datafusion-python,https://github.com/apache/datafusion-python,2022-07-20T11:19:28Z,2025-06-01T20:20:35Z,2025-05-28T18:39:30Z,8535,Python,113,457,457,48
128,apache#datafusion-ray,apache,datafusion-ray,https://github.com/apache/datafusion-ray,2024-09-19T19:56:04Z,2025-05-29T01:18:34Z,2025-04-02T17:46:15Z,428,Python,21,194,194,8
129,apache#datafusion-sqlparser-rs,apache,datafusion-sqlparser-rs,https://github.com/apache/datafusion-sqlparser-rs,2018-02-06T23:58:43Z,2025-06-02T11:50:43Z,2025-05-30T07:16:36Z,7478,Rust,612,3080,3080,261
130,apache#datasketches-cpp,apache,datasketches-cpp,https://github.com/apache/datasketches-cpp,2018-05-14T23:06:58Z,2025-05-29T06:06:18Z,2025-05-28T06:42:37Z,7151,C++,70,233,233,22
131,apache#datasketches-hive,apache,datasketches-hive,https://github.com/apache/datasketches-hive,2015-06-30T00:22:28Z,2025-02-24T00:45:35Z,2025-02-24T00:46:07Z,901,Java,22,50,50,7
132,apache#datasketches-java,apache,datasketches-java,https://github.com/apache/datasketches-java,2015-06-30T01:05:21Z,2025-05-29T18:21:03Z,2025-05-23T23:04:44Z,29118,Java,214,910,910,20
133,apache#datasketches-memory,apache,datasketches-memory,https://github.com/apache/datasketches-memory,2017-03-16T20:51:54Z,2025-04-19T04:35:56Z,2025-05-12T23:06:29Z,10967,Java,33,125,125,11
134,apache#datasketches-postgresql,apache,datasketches-postgresql,https://github.com/apache/datasketches-postgresql,2018-11-01T17:48:27Z,2025-01-17T18:57:19Z,2025-01-17T18:57:20Z,291,C,12,86,86,6
135,apache#datasketches-website,apache,datasketches-website,https://github.com/apache/datasketches-website,2015-06-18T22:03:27Z,2025-05-09T17:01:20Z,2025-05-31T04:02:08Z,111430,HTML,38,102,102,25
136,apache#deltaspike,apache,deltaspike,https://github.com/apache/deltaspike,2013-06-04T07:00:12Z,2025-04-14T11:49:12Z,2025-04-10T09:27:49Z,10634,Java,134,150,150,61
137,apache#directory-kerby,apache,directory-kerby,https://github.com/apache/directory-kerby,2015-03-17T07:00:05Z,2025-05-28T12:28:14Z,2025-06-02T12:41:30Z,43741,Java,75,111,111,21
138,apache#directory-scimple,apache,directory-scimple,https://github.com/apache/directory-scimple,2018-06-18T19:04:19Z,2025-05-30T13:27:50Z,2025-05-30T13:29:31Z,3863,Java,41,77,77,22
139,apache#directory-server,apache,directory-server,https://github.com/apache/directory-server,2009-05-21T02:25:07Z,2025-05-23T16:01:40Z,2025-05-23T16:01:37Z,73807,Java,95,160,160,25
140,apache#dolphinscheduler,apache,dolphinscheduler,https://github.com/apache/dolphinscheduler,2019-03-01T16:39:25Z,2025-06-02T12:57:53Z,2025-05-29T03:17:18Z,218948,Java,4806,13540,13540,359
141,apache#dolphinscheduler-sdk-python,apache,dolphinscheduler-sdk-python,https://github.com/apache/dolphinscheduler-sdk-python,2022-11-07T10:27:11Z,2025-04-27T08:44:50Z,2025-04-27T08:44:45Z,554,Python,21,56,56,7
142,apache#doris,apache,doris,https://github.com/apache/doris,2017-08-10T12:13:30Z,2025-06-02T13:10:16Z,2025-06-02T09:16:19Z,1075157,Java,3439,13735,13735,338
143,apache#doris-flink-connector,apache,doris-flink-connector,https://github.com/apache/doris-flink-connector,2022-02-11T14:48:32Z,2025-05-21T11:01:14Z,2025-05-12T07:02:04Z,2018,Java,244,347,347,60
144,apache#doris-operator,apache,doris-operator,https://github.com/apache/doris-operator,2023-07-05T03:25:30Z,2025-05-26T02:40:54Z,2025-05-26T02:40:49Z,12274,Go,54,109,109,15
145,apache#doris-spark-connector,apache,doris-spark-connector,https://github.com/apache/doris-spark-connector,2022-02-10T03:40:38Z,2025-05-29T11:03:45Z,2025-05-29T11:03:41Z,1000,Java,100,91,91,52
146,apache#drill,apache,drill,https://github.com/apache/drill,2012-09-05T07:00:26Z,2025-05-28T22:54:56Z,2025-05-28T23:31:21Z,71316,Java,982,1974,1974,161
147,apache#druid,apache,druid,https://github.com/apache/druid,2012-10-23T19:08:07Z,2025-06-02T08:46:08Z,2025-06-02T08:46:03Z,385811,Java,3739,13724,13724,357
148,apache#dubbo,apache,dubbo,https://github.com/apache/dubbo,2012-06-19T07:56:02Z,2025-06-02T13:42:52Z,2025-06-02T08:23:28Z,59805,Java,26517,41021,41021,400
149,apache#dubbo-admin,apache,dubbo-admin,https://github.com/apache/dubbo-admin,2018-01-11T05:30:17Z,2025-05-28T15:41:20Z,2025-05-07T01:40:19Z,14309,Java,2158,4018,4018,77
150,apache#dubbo-go,apache,dubbo-go,https://github.com/apache/dubbo-go,2018-08-08T05:30:36Z,2025-05-31T14:09:51Z,2025-06-02T03:42:41Z,96754,Go,951,4801,4801,188
151,apache#dubbo-go-hessian2,apache,dubbo-go-hessian2,https://github.com/apache/dubbo-go-hessian2,2018-12-12T06:22:58Z,2025-05-07T11:29:25Z,2025-04-16T22:28:15Z,782,Go,116,215,215,40
152,apache#dubbo-go-pixiu,apache,dubbo-go-pixiu,https://github.com/apache/dubbo-go-pixiu,2020-01-16T06:27:37Z,2025-06-02T11:37:59Z,2025-05-31T13:44:55Z,51160,Go,159,499,499,56
153,apache#dubbo-go-samples,apache,dubbo-go-samples,https://github.com/apache/dubbo-go-samples,2020-10-13T01:15:44Z,2025-06-02T03:46:45Z,2025-06-02T03:46:42Z,43662,Go,204,255,255,85
154,apache#dubbo-hessian-lite,apache,dubbo-hessian-lite,https://github.com/apache/dubbo-hessian-lite,2018-06-04T09:47:14Z,2025-05-31T12:05:49Z,2025-02-28T17:30:26Z,9785,Java,48,59,59,89
155,apache#dubbo-kubernetes,apache,dubbo-kubernetes,https://github.com/apache/dubbo-kubernetes,2018-07-17T09:31:28Z,2025-06-02T04:48:24Z,2025-06-02T04:48:52Z,225552,Go,81,183,183,94
156,apache#dubbo-python,apache,dubbo-python,https://github.com/apache/dubbo-python,2015-04-09T13:45:23Z,2025-05-16T22:42:00Z,2025-04-08T10:31:17Z,428,Python,97,282,282,5
157,apache#dubbo-spi-extensions,apache,dubbo-spi-extensions,https://github.com/apache/dubbo-spi-extensions,2020-05-14T15:51:35Z,2025-05-30T13:17:52Z,2025-06-02T08:16:17Z,6627,Java,115,199,199,37
158,apache#echarts,apache,echarts,https://github.com/apache/echarts,2013-04-03T03:18:59Z,2025-06-02T11:52:55Z,2025-06-01T19:03:45Z,249312,TypeScript,19734,63652,63652,238
159,apache#echarts-doc,apache,echarts-doc,https://github.com/apache/echarts-doc,2016-07-07T07:09:32Z,2025-05-24T19:20:07Z,2025-05-24T19:20:04Z,247697,JavaScript,186,243,243,92
160,apache#echarts-examples,apache,echarts-examples,https://github.com/apache/echarts-examples,2016-11-23T09:28:32Z,2025-05-06T14:45:05Z,2025-05-23T16:27:21Z,637122,TypeScript,241,380,380,22
161,apache#echarts-website,apache,echarts-website,https://github.com/apache/echarts-website,2018-05-31T02:51:42Z,2025-05-16T07:33:51Z,2025-04-11T07:33:10Z,953209,JavaScript,313,152,152,11
162,apache#empire-db,apache,empire-db,https://github.com/apache/empire-db,2011-07-14T07:03:04Z,2025-05-26T22:31:29Z,2025-05-26T22:31:26Z,17127,Java,23,84,84,9
163,apache#eventmesh,apache,eventmesh,https://github.com/apache/eventmesh,2019-09-16T03:04:56Z,2025-05-30T12:31:05Z,2025-05-09T06:20:47Z,68581,Java,636,1646,1646,338
164,apache#felix-dev,apache,felix-dev,https://github.com/apache/felix-dev,2020-02-24T22:09:29Z,2025-06-01T08:10:22Z,2025-06-01T08:10:20Z,82310,Java,142,150,150,75
165,apache#fineract,apache,fineract,https://github.com/apache/fineract,2015-12-22T08:00:06Z,2025-06-02T12:57:57Z,2025-06-02T11:22:02Z,90262,Java,1887,1588,1588,219
166,apache#flink,apache,flink,https://github.com/apache/flink,2014-06-07T07:00:10Z,2025-06-02T12:42:29Z,2025-06-02T12:42:23Z,524287,Java,13559,24915,24915,279
167,apache#flink-cdc,apache,flink-cdc,https://github.com/apache/flink-cdc,2020-07-27T19:23:33Z,2025-06-02T02:16:36Z,2025-05-30T09:25:54Z,43147,Java,2012,6077,6077,159
168,apache#flink-connector-aws,apache,flink-connector-aws,https://github.com/apache/flink-connector-aws,2022-07-27T14:55:32Z,2025-05-22T01:23:04Z,2025-05-28T07:52:01Z,1249,Java,66,70,70,29
169,apache#flink-connector-elasticsearch,apache,flink-connector-elasticsearch,https://github.com/apache/flink-connector-elasticsearch,2022-03-28T09:56:42Z,2025-05-13T02:11:16Z,2025-04-17T07:40:53Z,1165,Java,94,82,82,87
170,apache#flink-connector-jdbc,apache,flink-connector-jdbc,https://github.com/apache/flink-connector-jdbc,2022-11-23T21:59:29Z,2025-06-01T02:46:48Z,2025-04-27T06:53:01Z,1959,Java,179,153,153,88
171,apache#flink-connector-kafka,apache,flink-connector-kafka,https://github.com/apache/flink-connector-kafka,2022-11-22T14:01:46Z,2025-05-29T03:37:26Z,2025-05-21T13:06:11Z,3985,Java,151,151,151,158
172,apache#flink-kubernetes-operator,apache,flink-kubernetes-operator,https://github.com/apache/flink-kubernetes-operator,2022-02-10T05:00:35Z,2025-05-29T07:21:41Z,2025-05-28T09:26:22Z,8600,Java,468,884,884,127
173,apache#flink-shaded,apache,flink-shaded,https://github.com/apache/flink-shaded,2017-06-22T07:00:07Z,2025-04-15T11:40:12Z,2025-03-04T12:49:01Z,323,Shell,127,137,137,20
174,apache#fluo,apache,fluo,https://github.com/apache/fluo,2013-06-19T20:14:05Z,2025-05-08T22:46:25Z,2025-05-08T22:46:21Z,4533,Java,74,188,188,27
175,apache#freemarker,apache,freemarker,https://github.com/apache/freemarker,2015-09-04T07:00:05Z,2025-06-01T19:52:54Z,2025-03-11T10:58:36Z,24105,Java,270,1029,1029,39
176,apache#fury,apache,fury,https://github.com/apache/fury,2023-04-28T03:57:00Z,2025-06-02T07:50:25Z,2025-06-02T07:50:21Z,13201,Java,277,3295,3295,82
177,apache#geode,apache,geode,https://github.com/apache/geode,2015-04-30T07:00:05Z,2025-05-18T02:47:35Z,2025-05-09T03:39:04Z,224500,Java,681,2298,2298,125
178,apache#gobblin,apache,gobblin,https://github.com/apache/gobblin,2014-12-01T18:10:50Z,2025-05-21T09:31:37Z,2025-05-21T09:31:33Z,133557,Java,750,2237,2237,115
179,apache#grails-core,apache,grails-core,https://github.com/apache/grails-core,2010-02-10T23:57:57Z,2025-06-02T04:29:04Z,2025-06-02T04:29:00Z,428095,HTML,957,2824,2824,296
180,apache#grails-data-mapping,apache,grails-data-mapping,https://github.com/apache/grails-data-mapping,2013-09-25T11:27:04Z,2025-04-22T14:35:50Z,2025-04-22T14:35:45Z,389598,,199,226,226,179
181,apache#grails-doc,apache,grails-doc,https://github.com/apache/grails-doc,2010-02-10T23:59:05Z,2025-05-15T20:28:07Z,2025-06-02T03:09:40Z,605035,,540,202,202,265
182,apache#grails-quartz,apache,grails-quartz,https://github.com/apache/grails-quartz,2012-05-24T07:23:50Z,2025-05-22T08:44:19Z,2025-04-14T15:34:42Z,12719,Groovy,94,78,78,44
183,apache#grails-redis,apache,grails-redis,https://github.com/apache/grails-redis,2011-06-06T08:05:57Z,2025-04-14T15:35:53Z,2025-04-14T15:39:28Z,1685,Groovy,47,76,76,21
184,apache#grails-spring-security,apache,grails-spring-security,https://github.com/apache/grails-spring-security,2010-03-22T17:44:03Z,2025-05-04T17:49:30Z,2025-06-01T20:42:56Z,75619,Groovy,226,261,261,115
185,apache#grails-views,apache,grails-views,https://github.com/apache/grails-views,2015-08-26T12:57:17Z,2025-04-17T18:22:10Z,2025-04-17T18:22:06Z,39028,,43,57,57,107
186,apache#gravitino,apache,gravitino,https://github.com/apache/gravitino,2023-04-23T02:09:00Z,2025-06-02T07:30:59Z,2025-06-01T08:24:53Z,50723,Java,475,1539,1539,166
187,apache#griffin,apache,griffin,https://github.com/apache/griffin,2017-02-15T08:00:06Z,2025-05-22T09:13:28Z,2025-01-16T02:09:27Z,28484,Scala,589,1162,1162,49
188,apache#groovy,apache,groovy,https://github.com/apache/groovy,2015-04-16T07:00:05Z,2025-06-02T11:28:04Z,2025-06-02T07:18:21Z,219026,Java,1914,5314,5314,357
189,apache#groovy-geb,apache,groovy-geb,https://github.com/apache/groovy-geb,2010-08-03T03:58:46Z,2025-05-31T19:13:46Z,2025-05-21T14:19:40Z,10159,Groovy,237,1153,1153,67
190,apache#guacamole-client,apache,guacamole-client,https://github.com/apache/guacamole-client,2016-03-22T07:00:06Z,2025-06-02T06:26:38Z,2025-05-29T23:34:36Z,25117,Java,752,1514,1514,91
191,apache#guacamole-server,apache,guacamole-server,https://github.com/apache/guacamole-server,2016-03-22T07:00:06Z,2025-06-02T08:52:23Z,2025-06-02T07:35:36Z,8746,C,684,3379,3379,63
192,apache#hadoop,apache,hadoop,https://github.com/apache/hadoop,2014-08-28T07:00:08Z,2025-06-01T20:14:15Z,2025-05-30T10:24:47Z,596254,Java,9046,15109,15109,301
193,apache#hamilton,apache,hamilton,https://github.com/apache/hamilton,2023-02-23T17:16:48Z,2025-05-30T22:13:38Z,2025-05-30T00:56:19Z,81298,Jupyter Notebook,146,2148,2148,65
194,apache#hbase,apache,hbase,https://github.com/apache/hbase,2014-05-23T07:00:07Z,2025-06-02T09:28:50Z,2025-06-02T09:33:25Z,498789,Java,3349,5347,5347,268
195,apache#hbase-connectors,apache,hbase-connectors,https://github.com/apache/hbase-connectors,2018-07-31T23:08:26Z,2025-06-02T01:27:16Z,2025-05-28T08:14:12Z,1087,Scala,180,242,242,34
196,apache#helix,apache,helix,https://github.com/apache/helix,2014-01-13T08:00:06Z,2025-05-21T16:16:40Z,2025-05-21T16:16:35Z,41858,Java,234,481,481,61
197,apache#hertzbeat,apache,hertzbeat,https://github.com/apache/hertzbeat,2022-02-04T14:48:56Z,2025-06-02T13:06:09Z,2025-06-02T14:07:29Z,433312,Java,1126,6307,6307,248
198,apache#hive,apache,hive,https://github.com/apache/hive,2009-05-21T02:31:01Z,2025-06-02T13:36:53Z,2025-06-02T01:31:11Z,737837,Java,4749,5712,5712,256
199,apache#hop,apache,hop,https://github.com/apache/hop,2019-09-24T10:48:12Z,2025-06-02T10:13:45Z,2025-06-02T14:22:49Z,207793,Java,377,1151,1151,85
200,apache#horaedb,apache,horaedb,https://github.com/apache/horaedb,2022-05-26T06:22:14Z,2025-05-30T12:28:22Z,2025-05-26T07:55:23Z,11240,Rust,217,2752,2752,41
201,apache#httpcomponents-client,apache,httpcomponents-client,https://github.com/apache/httpcomponents-client,2009-05-21T01:43:06Z,2025-05-30T14:02:17Z,2025-05-30T14:02:13Z,19965,Java,980,1489,1489,99
202,apache#httpcomponents-core,apache,httpcomponents-core,https://github.com/apache/httpcomponents-core,2009-05-21T01:41:50Z,2025-05-29T16:07:12Z,2025-05-29T16:07:08Z,19892,Java,351,359,359,81
203,apache#httpd,apache,httpd,https://github.com/apache/httpd,2009-05-20T02:02:59Z,2025-05-31T01:17:03Z,2025-06-02T13:01:12Z,336991,C,1179,3702,3702,49
204,apache#hudi,apache,hudi,https://github.com/apache/hudi,2016-12-14T15:53:41Z,2025-06-01T21:05:09Z,2025-06-02T00:58:56Z,1940630,Java,2405,5809,5809,374
205,apache#hudi-rs,apache,hudi-rs,https://github.com/apache/hudi-rs,2024-05-02T21:40:33Z,2025-06-02T07:39:38Z,2025-06-02T07:39:39Z,880,Rust,44,222,222,14
206,apache#iceberg,apache,iceberg,https://github.com/apache/iceberg,2018-11-19T16:26:46Z,2025-06-02T12:55:33Z,2025-06-02T12:55:29Z,95952,Java,2581,7514,7514,406
207,apache#iceberg-go,apache,iceberg-go,https://github.com/apache/iceberg-go,2023-08-11T06:07:45Z,2025-05-30T18:48:48Z,2025-06-01T08:27:26Z,1350,Go,81,273,273,32
208,apache#iceberg-python,apache,iceberg-python,https://github.com/apache/iceberg-python,2023-08-11T06:07:31Z,2025-06-01T20:50:53Z,2025-06-01T20:50:49Z,11660,Python,297,755,755,167
209,apache#iceberg-rust,apache,iceberg-rust,https://github.com/apache/iceberg-rust,2023-07-21T06:16:00Z,2025-06-02T12:00:00Z,2025-06-01T12:53:40Z,25892,Rust,266,964,964,94
210,apache#iggy,apache,iggy,https://github.com/apache/iggy,2023-03-18T21:39:42Z,2025-06-02T09:21:35Z,2025-06-02T09:22:29Z,46055,Rust,138,2548,2548,43
211,apache#ignite,apache,ignite,https://github.com/apache/ignite,2015-02-19T08:00:05Z,2025-06-02T12:18:52Z,2025-06-02T12:18:47Z,465163,Java,1922,4935,4935,255
212,apache#ignite-3,apache,ignite-3,https://github.com/apache/ignite-3,2020-11-23T16:39:36Z,2025-06-02T13:36:02Z,2025-06-02T13:35:58Z,82873,Java,114,230,230,68
213,apache#impala,apache,impala,https://github.com/apache/impala,2016-04-13T07:00:08Z,2025-06-02T06:47:02Z,2025-06-02T06:46:56Z,236094,C++,528,1217,1217,174
214,apache#incubator-baremaps,apache,incubator-baremaps,https://github.com/apache/incubator-baremaps,2019-01-07T21:16:01Z,2025-06-01T16:18:03Z,2025-05-24T13:17:01Z,60253,Java,68,540,540,27
215,apache#incubator-devlake,apache,incubator-devlake,https://github.com/apache/incubator-devlake,2021-07-08T12:06:09Z,2025-06-02T12:21:46Z,2025-05-30T06:14:19Z,40314,Go,582,2744,2744,127
216,apache#incubator-gluten,apache,incubator-gluten,https://github.com/apache/incubator-gluten,2021-12-06T05:46:27Z,2025-06-01T09:18:31Z,2025-05-31T14:55:41Z,208695,Scala,498,1360,1360,162
217,apache#incubator-graphar,apache,incubator-graphar,https://github.com/apache/incubator-graphar,2022-09-23T14:30:07Z,2025-06-02T10:34:14Z,2025-05-29T01:46:19Z,17898,C++,69,277,277,22
218,apache#incubator-hugegraph,apache,incubator-hugegraph,https://github.com/apache/incubator-hugegraph,2018-07-18T03:30:20Z,2025-05-31T12:29:10Z,2025-05-14T10:51:55Z,27671,Java,542,2754,2754,77
219,apache#incubator-hugegraph-ai,apache,incubator-hugegraph-ai,https://github.com/apache/incubator-hugegraph-ai,2023-10-08T12:03:07Z,2025-05-30T08:01:46Z,2025-05-27T11:58:47Z,1044,Python,45,82,82,29
220,apache#incubator-hugegraph-doc,apache,incubator-hugegraph-doc,https://github.com/apache/incubator-hugegraph-doc,2018-06-19T07:24:51Z,2025-03-10T06:37:26Z,2025-03-11T06:18:51Z,92698,JavaScript,102,65,65,54
221,apache#incubator-hugegraph-toolchain,apache,incubator-hugegraph-toolchain,https://github.com/apache/incubator-hugegraph-toolchain,2018-08-16T14:29:13Z,2025-05-27T05:33:36Z,2025-05-19T03:06:15Z,10313,Java,100,100,100,50
222,apache#incubator-kie-drools,apache,incubator-kie-drools,https://github.com/apache/incubator-kie-drools,2011-02-18T08:37:05Z,2025-05-30T08:21:19Z,2025-06-01T04:24:35Z,299314,Java,2538,6031,6031,227
223,apache#incubator-kie-kogito-apps,apache,incubator-kie-kogito-apps,https://github.com/apache/incubator-kie-kogito-apps,2019-10-21T13:09:46Z,2025-06-02T06:26:06Z,2025-06-02T06:26:02Z,80313,Java,149,66,66,77
224,apache#incubator-kie-kogito-examples,apache,incubator-kie-kogito-examples,https://github.com/apache/incubator-kie-kogito-examples,2019-03-07T09:33:22Z,2025-05-29T15:27:10Z,2025-05-30T04:47:22Z,53248,Python,416,269,269,95
225,apache#incubator-kie-kogito-runtimes,apache,incubator-kie-kogito-runtimes,https://github.com/apache/incubator-kie-kogito-runtimes,2019-03-07T08:49:09Z,2025-05-30T17:08:20Z,2025-06-01T07:07:52Z,302798,Java,236,567,567,245
226,apache#incubator-kie-optaplanner,apache,incubator-kie-optaplanner,https://github.com/apache/incubator-kie-optaplanner,2011-02-15T19:38:23Z,2025-05-31T11:20:19Z,2025-06-01T06:08:30Z,243961,Java,957,3383,3383,132
227,apache#incubator-kie-optaplanner-quickstarts,apache,incubator-kie-optaplanner-quickstarts,https://github.com/apache/incubator-kie-optaplanner-quickstarts,2020-08-19T07:56:31Z,2025-05-15T14:16:08Z,2025-04-28T22:19:17Z,7801,Java,158,326,326,20
228,apache#incubator-kie-tools,apache,incubator-kie-tools,https://github.com/apache/incubator-kie-tools,2019-07-05T18:41:47Z,2025-05-30T23:43:04Z,2025-06-02T14:20:19Z,675900,Java,217,268,268,216
229,apache#incubator-livy,apache,incubator-livy,https://github.com/apache/incubator-livy,2017-06-25T07:00:09Z,2025-05-30T23:29:04Z,2025-05-20T10:26:33Z,3717,Scala,609,913,913,74
230,apache#incubator-nlpcraft,apache,incubator-nlpcraft,https://github.com/apache/incubator-nlpcraft,2020-03-01T09:10:50Z,2025-05-22T07:50:41Z,2025-05-22T07:50:37Z,158010,Scala,25,80,80,12
231,apache#incubator-pegasus,apache,incubator-pegasus,https://github.com/apache/incubator-pegasus,2015-09-01T02:29:37Z,2025-05-31T07:27:28Z,2025-05-29T03:11:00Z,128934,C++,314,2010,2010,63
232,apache#incubator-resilientdb,apache,incubator-resilientdb,https://github.com/apache/incubator-resilientdb,2019-11-22T18:28:12Z,2025-05-29T06:28:31Z,2025-05-14T05:43:21Z,347176,C++,223,149,149,21
233,apache#incubator-seata,apache,incubator-seata,https://github.com/apache/incubator-seata,2018-12-28T08:37:22Z,2025-06-01T11:08:18Z,2025-05-30T14:07:34Z,26648,Java,8828,25648,25648,338
234,apache#incubator-seata-go,apache,incubator-seata-go,https://github.com/apache/incubator-seata-go,2020-04-10T09:20:34Z,2025-06-02T13:11:19Z,2025-06-02T13:11:15Z,14889,Go,297,1612,1612,53
235,apache#incubator-teaclave-java-tee-sdk,apache,incubator-teaclave-java-tee-sdk,https://github.com/apache/incubator-teaclave-java-tee-sdk,2022-11-01T03:21:43Z,2025-06-02T09:36:51Z,2025-06-02T09:36:47Z,2004,Java,16,55,55,3
236,apache#incubator-teaclave-sgx-sdk,apache,incubator-teaclave-sgx-sdk,https://github.com/apache/incubator-teaclave-sgx-sdk,2017-04-27T05:43:24Z,2025-05-30T12:31:52Z,2025-05-07T08:42:03Z,47137,Rust,271,1200,1200,35
237,apache#incubator-teaclave-trustzone-sdk,apache,incubator-teaclave-trustzone-sdk,https://github.com/apache/incubator-teaclave-trustzone-sdk,2019-01-25T22:56:42Z,2025-06-02T13:55:54Z,2025-05-26T06:10:02Z,1468,Rust,65,238,238,16
238,apache#incubator-toree,apache,incubator-toree,https://github.com/apache/incubator-toree,2016-01-07T08:00:06Z,2025-05-23T20:27:17Z,2025-05-06T19:49:28Z,11436,Scala,225,743,743,39
239,apache#incubator-wayang,apache,incubator-wayang,https://github.com/apache/incubator-wayang,2020-12-16T12:51:54Z,2025-06-01T17:07:53Z,2025-05-30T07:31:53Z,19833,Java,97,222,222,41
240,apache#incubator-xtable,apache,incubator-xtable,https://github.com/apache/incubator-xtable,2023-07-21T19:07:10Z,2025-06-01T21:05:02Z,2025-05-31T18:22:45Z,14424,Java,174,1057,1057,35
241,apache#inlong,apache,inlong,https://github.com/apache/inlong,2020-01-03T07:13:14Z,2025-05-30T08:50:29Z,2025-05-30T08:50:24Z,60508,Java,534,1436,1436,177
242,apache#iotdb,apache,iotdb,https://github.com/apache/iotdb,2018-11-24T21:29:17Z,2025-06-01T01:00:25Z,2025-06-02T09:14:33Z,315895,Java,1055,5799,5799,281
243,apache#iotdb-client-go,apache,iotdb-client-go,https://github.com/apache/iotdb-client-go,2020-12-05T12:47:33Z,2025-05-09T03:20:20Z,2025-05-30T08:06:44Z,401,Go,34,64,64,20
244,apache#jackrabbit,apache,jackrabbit,https://github.com/apache/jackrabbit,2009-05-21T01:43:24Z,2025-05-23T06:32:18Z,2025-05-29T22:38:09Z,61894,Java,224,348,348,29
245,apache#jackrabbit-oak,apache,jackrabbit-oak,https://github.com/apache/jackrabbit-oak,2012-03-08T08:00:14Z,2025-06-02T09:33:20Z,2025-06-02T09:33:42Z,96522,Java,414,393,393,64
246,apache#james-mime4j,apache,james-mime4j,https://github.com/apache/james-mime4j,2011-12-09T08:00:19Z,2025-03-18T14:05:17Z,2025-03-18T14:05:10Z,5346,Java,82,54,54,29
247,apache#james-project,apache,james-project,https://github.com/apache/james-project,2015-07-11T07:00:06Z,2025-06-02T07:48:44Z,2025-06-02T02:15:51Z,150525,Java,479,939,939,99
248,apache#jclouds,apache,jclouds,https://github.com/apache/jclouds,2014-01-07T08:00:06Z,2025-05-21T23:36:47Z,2025-04-28T08:12:41Z,81928,Java,142,210,210,226
249,apache#jena,apache,jena,https://github.com/apache/jena,2013-01-04T08:00:32Z,2025-06-02T08:26:53Z,2025-06-02T08:26:57Z,466115,Java,664,1174,1174,105
250,apache#jmeter,apache,jmeter,https://github.com/apache/jmeter,2010-05-26T23:38:07Z,2025-06-02T08:42:49Z,2025-04-23T13:00:47Z,133346,Java,2181,8813,8813,79
251,apache#johnzon,apache,johnzon,https://github.com/apache/johnzon,2014-09-11T07:00:06Z,2025-05-31T18:37:14Z,2025-05-14T16:38:50Z,3428,Java,64,52,52,28
252,apache#jspwiki,apache,jspwiki,https://github.com/apache/jspwiki,2009-03-27T15:41:58Z,2025-05-10T10:57:46Z,2025-05-12T04:32:29Z,113272,Java,100,108,108,17
253,apache#juneau,apache,juneau,https://github.com/apache/juneau,2016-08-02T07:00:07Z,2025-05-23T10:05:14Z,2025-05-23T10:05:12Z,366380,Java,38,83,83,15
254,apache#kafka,apache,kafka,https://github.com/apache/kafka,2011-08-15T18:06:16Z,2025-06-02T14:10:59Z,2025-06-02T14:10:51Z,248649,Java,14410,30196,30196,350
255,apache#karaf,apache,karaf,https://github.com/apache/karaf,2010-08-12T03:32:41Z,2025-05-31T08:22:20Z,2025-04-26T19:37:50Z,70851,Java,663,687,687,162
256,apache#knox,apache,knox,https://github.com/apache/knox,2014-03-01T08:00:06Z,2025-05-30T19:24:30Z,2025-05-30T19:24:26Z,31718,Java,261,198,198,81
257,apache#kudu,apache,kudu,https://github.com/apache/kudu,2016-01-29T08:00:06Z,2025-05-30T14:13:22Z,2025-05-30T16:05:41Z,88822,C++,653,1871,1871,125
258,apache#kvrocks,apache,kvrocks,https://github.com/apache/kvrocks,2019-08-15T06:04:51Z,2025-06-01T22:01:03Z,2025-06-01T09:11:58Z,12251,C++,534,3895,3895,144
259,apache#kvrocks-controller,apache,kvrocks-controller,https://github.com/apache/kvrocks-controller,2021-07-31T07:59:56Z,2025-06-01T09:11:43Z,2025-06-01T09:11:39Z,1811,Go,55,100,100,30
260,apache#kylin,apache,kylin,https://github.com/apache/kylin,2015-01-03T08:00:05Z,2025-05-30T07:11:59Z,2025-04-07T06:28:44Z,573356,Java,1528,3709,3709,60
261,apache#kyuubi,apache,kyuubi,https://github.com/apache/kyuubi,2017-12-18T09:05:10Z,2025-05-31T23:56:52Z,2025-05-29T05:27:48Z,62869,Scala,941,2187,2187,209
262,apache#libcloud,apache,libcloud,https://github.com/apache/libcloud,2009-12-11T09:00:14Z,2025-06-01T14:08:11Z,2025-05-19T17:47:30Z,36371,Python,928,2068,2068,323
263,apache#linkis,apache,linkis,https://github.com/apache/linkis,2019-07-23T06:41:51Z,2025-05-31T04:14:06Z,2025-05-28T18:02:49Z,91384,Java,1165,3371,3371,156
264,apache#logging-log4cxx,apache,logging-log4cxx,https://github.com/apache/logging-log4cxx,2017-04-09T07:00:07Z,2025-05-27T05:55:59Z,2025-05-22T04:02:02Z,14307,C++,127,284,284,34
265,apache#logging-log4j2,apache,logging-log4j2,https://github.com/apache/logging-log4j2,2013-06-12T07:00:19Z,2025-06-02T10:39:58Z,2025-06-02T11:01:29Z,129167,Java,1674,3484,3484,226
266,apache#logging-log4net,apache,logging-log4net,https://github.com/apache/logging-log4net,2017-04-26T07:00:06Z,2025-06-01T09:10:35Z,2025-05-26T18:30:43Z,7957,C#,334,893,893,21
267,apache#lucene,apache,lucene,https://github.com/apache/lucene,2021-02-23T17:16:56Z,2025-06-01T12:59:12Z,2025-06-02T00:06:55Z,518249,Java,1148,2996,2996,316
268,apache#lucenenet,apache,lucenenet,https://github.com/apache/lucenenet,2009-03-27T15:41:57Z,2025-06-02T13:08:25Z,2025-05-29T15:05:16Z,178803,C#,647,2313,2313,68
269,apache#mahout,apache,mahout,https://github.com/apache/mahout,2014-05-23T07:00:07Z,2025-06-01T06:16:48Z,2025-05-23T13:58:31Z,65967,HTML,957,2167,2167,49
270,apache#manifoldcf,apache,manifoldcf,https://github.com/apache/manifoldcf,2012-06-22T07:00:16Z,2025-05-12T11:02:48Z,2025-05-12T11:02:44Z,164691,Java,64,78,78,15
271,apache#maven,apache,maven,https://github.com/apache/maven,2009-05-21T03:22:03Z,2025-06-02T12:00:42Z,2025-06-02T07:20:55Z,86563,Java,2742,4622,4622,202
272,apache#maven-archetype,apache,maven-archetype,https://github.com/apache/maven-archetype,2009-05-21T08:40:29Z,2025-05-24T04:26:11Z,2025-05-27T21:06:05Z,4852,Java,169,144,144,54
273,apache#maven-assembly-plugin,apache,maven-assembly-plugin,https://github.com/apache/maven-assembly-plugin,2017-12-09T15:04:05Z,2025-05-05T19:43:14Z,2025-05-05T19:43:12Z,3713,Java,71,99,99,38
274,apache#maven-build-cache-extension,apache,maven-build-cache-extension,https://github.com/apache/maven-build-cache-extension,2022-01-04T12:02:15Z,2025-06-02T13:39:24Z,2025-06-02T08:21:06Z,1312,Java,48,132,132,31
275,apache#maven-checkstyle-plugin,apache,maven-checkstyle-plugin,https://github.com/apache/maven-checkstyle-plugin,2017-12-09T15:05:07Z,2025-05-07T19:27:06Z,2025-05-07T19:27:03Z,1044,Java,60,79,79,50
276,apache#maven-clean-plugin,apache,maven-clean-plugin,https://github.com/apache/maven-clean-plugin,2017-12-09T15:05:25Z,2025-05-21T07:09:58Z,2025-05-28T20:49:02Z,432,Java,55,79,79,31
277,apache#maven-compiler-plugin,apache,maven-compiler-plugin,https://github.com/apache/maven-compiler-plugin,2017-12-09T15:05:42Z,2025-06-01T18:35:19Z,2025-06-01T18:35:16Z,1430,Java,174,216,216,67
278,apache#maven-dependency-plugin,apache,maven-dependency-plugin,https://github.com/apache/maven-dependency-plugin,2017-12-09T15:05:59Z,2025-05-30T17:39:37Z,2025-05-30T17:39:34Z,2599,Java,181,159,159,68
279,apache#maven-deploy-plugin,apache,maven-deploy-plugin,https://github.com/apache/maven-deploy-plugin,2017-12-09T15:06:15Z,2025-05-22T15:16:23Z,2025-05-22T15:16:20Z,778,Java,70,66,66,38
280,apache#maven-enforcer,apache,maven-enforcer,https://github.com/apache/maven-enforcer,2009-05-21T00:59:40Z,2025-05-12T18:43:47Z,2025-05-12T18:44:28Z,2670,Java,160,153,153,67
281,apache#maven-indexer,apache,maven-indexer,https://github.com/apache/maven-indexer,2014-04-22T07:00:07Z,2025-06-01T05:45:55Z,2025-05-30T19:49:23Z,8830,Java,63,67,67,30
282,apache#maven-jar-plugin,apache,maven-jar-plugin,https://github.com/apache/maven-jar-plugin,2017-12-09T15:09:23Z,2025-06-02T04:37:15Z,2025-06-02T04:37:47Z,619,Java,79,78,78,36
283,apache#maven-javadoc-plugin,apache,maven-javadoc-plugin,https://github.com/apache/maven-javadoc-plugin,2017-12-09T15:10:11Z,2025-06-02T11:08:19Z,2025-06-02T14:14:41Z,4211,Java,99,89,89,71
284,apache#maven-jlink-plugin,apache,maven-jlink-plugin,https://github.com/apache/maven-jlink-plugin,2017-12-09T15:11:58Z,2025-06-02T05:15:25Z,2025-06-02T05:15:29Z,381,Java,34,58,58,20
285,apache#maven-mvnd,apache,maven-mvnd,https://github.com/apache/maven-mvnd,2019-09-21T17:49:30Z,2025-06-02T10:13:11Z,2025-05-30T10:52:12Z,3572,Java,220,3106,3106,47
286,apache#maven-plugin-tools,apache,maven-plugin-tools,https://github.com/apache/maven-plugin-tools,2009-05-21T08:41:42Z,2025-05-05T19:29:13Z,2025-05-27T19:02:38Z,4586,Java,61,59,59,40
287,apache#maven-pmd-plugin,apache,maven-pmd-plugin,https://github.com/apache/maven-pmd-plugin,2017-12-09T15:13:30Z,2025-05-31T07:22:09Z,2025-06-02T07:19:24Z,1309,Java,47,54,54,40
288,apache#maven-release,apache,maven-release,https://github.com/apache/maven-release,2009-05-21T00:59:16Z,2025-05-21T01:43:46Z,2025-05-26T04:58:50Z,4419,Java,136,116,116,52
289,apache#maven-resolver,apache,maven-resolver,https://github.com/apache/maven-resolver,2016-09-14T07:00:07Z,2025-05-25T19:31:21Z,2025-05-30T05:52:50Z,8205,Java,134,133,133,45
290,apache#maven-resources-plugin,apache,maven-resources-plugin,https://github.com/apache/maven-resources-plugin,2017-12-09T15:14:54Z,2025-04-11T12:24:08Z,2025-05-20T21:04:00Z,1337,Java,30,55,55,27
291,apache#maven-scm,apache,maven-scm,https://github.com/apache/maven-scm,2009-05-21T00:33:04Z,2025-05-12T08:48:49Z,2025-05-22T18:52:06Z,13438,Java,178,96,96,64
292,apache#maven-shade-plugin,apache,maven-shade-plugin,https://github.com/apache/maven-shade-plugin,2017-12-09T15:16:16Z,2025-04-28T14:10:48Z,2025-04-07T20:11:09Z,1421,Java,91,169,169,55
293,apache#maven-surefire,apache,maven-surefire,https://github.com/apache/maven-surefire,2010-08-12T03:32:41Z,2025-05-30T23:15:33Z,2025-05-30T23:15:30Z,16673,Java,546,434,434,147
294,apache#maven-wrapper,apache,maven-wrapper,https://github.com/apache/maven-wrapper,2021-12-05T10:36:02Z,2025-05-31T04:34:16Z,2025-05-30T06:43:08Z,774,Java,54,215,215,64
295,apache#metron,apache,metron,https://github.com/apache/metron,2015-12-08T08:00:05Z,2025-05-20T09:19:31Z,2025-05-28T17:48:26Z,97694,Java,508,858,858,60
296,apache#mina,apache,mina,https://github.com/apache/mina,2009-05-21T01:13:51Z,2025-05-31T02:00:50Z,2025-03-03T22:20:44Z,16818,Java,430,912,912,17
297,apache#mina-ftpserver,apache,mina-ftpserver,https://github.com/apache/mina-ftpserver,2019-01-12T09:33:20Z,2025-04-24T12:57:47Z,2025-04-04T21:49:39Z,7133,Java,35,54,54,8
298,apache#mina-sshd,apache,mina-sshd,https://github.com/apache/mina-sshd,2010-05-26T23:38:08Z,2025-05-31T09:59:00Z,2025-06-02T12:24:46Z,21549,Java,368,978,978,75
299,apache#myfaces,apache,myfaces,https://github.com/apache/myfaces,2018-05-08T11:41:08Z,2025-05-30T10:59:06Z,2025-05-30T10:59:10Z,71618,Java,71,123,123,43
300,apache#mynewt-core,apache,mynewt-core,https://github.com/apache/mynewt-core,2015-10-29T07:00:07Z,2025-05-26T10:00:44Z,2025-05-26T10:00:39Z,185175,C,371,866,866,122
301,apache#mynewt-newt,apache,mynewt-newt,https://github.com/apache/mynewt-newt,2015-10-29T07:00:07Z,2025-06-02T07:09:49Z,2025-06-02T07:09:44Z,12342,Go,97,121,121,38
302,apache#mynewt-nimble,apache,mynewt-nimble,https://github.com/apache/mynewt-nimble,2017-12-04T19:34:47Z,2025-06-01T23:17:58Z,2025-05-23T11:04:06Z,17196,C,433,784,784,109
303,apache#netbeans,apache,netbeans,https://github.com/apache/netbeans,2017-09-01T07:00:11Z,2025-06-02T09:08:20Z,2025-06-01T20:22:18Z,409252,Java,887,2822,2822,229
304,apache#nifi,apache,nifi,https://github.com/apache/nifi,2014-12-12T08:00:05Z,2025-06-02T13:25:45Z,2025-06-02T13:25:38Z,280276,Java,2808,5351,5351,307
305,apache#nifi-minifi-cpp,apache,nifi-minifi-cpp,https://github.com/apache/nifi-minifi-cpp,2016-04-21T07:00:06Z,2025-05-29T18:08:21Z,2025-05-20T16:53:48Z,47009,C++,94,155,155,35
306,apache#nutch,apache,nutch,https://github.com/apache/nutch,2009-05-21T01:17:48Z,2025-05-31T16:06:43Z,2025-03-28T08:48:07Z,137916,Java,1253,3026,3026,51
307,apache#nuttx,apache,nuttx,https://github.com/apache/nuttx,2019-12-14T23:27:55Z,2025-06-02T08:08:14Z,2025-06-02T07:01:08Z,336616,C,1325,3338,3338,318
308,apache#nuttx-apps,apache,nuttx-apps,https://github.com/apache/nuttx-apps,2019-12-14T23:26:26Z,2025-06-01T20:11:05Z,2025-06-02T07:00:52Z,25958,C,609,348,348,285
309,apache#ofbiz-framework,apache,ofbiz-framework,https://github.com/apache/ofbiz-framework,2017-02-13T08:00:07Z,2025-05-30T03:51:54Z,2025-05-29T13:39:20Z,746422,Java,578,893,893,74
310,apache#ofbiz-plugins,apache,ofbiz-plugins,https://github.com/apache/ofbiz-plugins,2017-03-05T08:00:07Z,2025-05-28T05:43:10Z,2025-05-11T11:53:15Z,168103,Java,176,152,152,42
311,apache#olingo-odata4,apache,olingo-odata4,https://github.com/apache/olingo-odata4,2014-04-16T07:00:08Z,2025-05-20T15:23:34Z,2025-03-13T22:00:41Z,59004,Java,194,171,171,31
312,apache#opendal,apache,opendal,https://github.com/apache/opendal,2022-02-14T05:18:44Z,2025-06-02T13:36:03Z,2025-06-02T04:37:04Z,44220,Rust,596,4144,4144,278
313,apache#openjpa,apache,openjpa,https://github.com/apache/openjpa,2009-05-21T01:13:25Z,2025-05-24T06:12:48Z,2025-05-15T14:39:28Z,39297,Java,143,142,142,20
314,apache#openmeetings,apache,openmeetings,https://github.com/apache/openmeetings,2015-03-13T07:00:05Z,2025-06-01T19:23:35Z,2025-05-22T08:08:58Z,84542,Java,263,656,656,17
315,apache#opennlp,apache,opennlp,https://github.com/apache/opennlp,2011-11-09T08:00:09Z,2025-06-02T07:17:48Z,2025-06-02T07:17:48Z,17083,Java,479,1513,1513,56
316,apache#openoffice,apache,openoffice,https://github.com/apache/openoffice,2013-11-13T08:00:13Z,2025-06-02T00:49:02Z,2025-06-02T01:18:19Z,2404032,C++,334,1034,1034,29
317,apache#openwebbeans,apache,openwebbeans,https://github.com/apache/openwebbeans,2011-01-28T08:00:11Z,2025-05-14T09:51:14Z,2025-05-17T12:49:57Z,24937,Java,62,69,69,25
318,apache#openwebbeans-meecrowave,apache,openwebbeans-meecrowave,https://github.com/apache/openwebbeans-meecrowave,2016-12-10T08:00:06Z,2025-04-11T15:34:46Z,2024-12-13T21:02:40Z,2585,Java,29,57,57,10
319,apache#openwhisk,apache,openwhisk,https://github.com/apache/openwhisk,2016-02-18T21:16:19Z,2025-06-02T11:28:04Z,2025-06-01T17:31:50Z,69839,Scala,1176,6649,6649,189
320,apache#openwhisk-runtime-nodejs,apache,openwhisk-runtime-nodejs,https://github.com/apache/openwhisk-runtime-nodejs,2017-09-29T22:45:07Z,2025-05-12T18:40:28Z,2024-12-14T21:28:19Z,17527,JavaScript,72,63,63,48
321,apache#openwhisk-runtime-python,apache,openwhisk-runtime-python,https://github.com/apache/openwhisk-runtime-python,2017-10-04T19:52:21Z,2025-02-19T14:07:36Z,2025-01-13T17:45:57Z,6181,Scala,70,52,52,51
322,apache#openwhisk-wskdeploy,apache,openwhisk-wskdeploy,https://github.com/apache/openwhisk-wskdeploy,2016-10-05T22:36:44Z,2025-01-03T20:52:37Z,2024-12-12T23:24:42Z,29410,Go,74,76,76,39
323,apache#orc,apache,orc,https://github.com/apache/orc,2015-05-06T07:00:05Z,2025-05-29T02:42:09Z,2025-06-02T13:45:55Z,58664,Java,491,728,728,132
324,apache#otava,apache,otava,https://github.com/apache/otava,2021-08-24T20:04:22Z,2025-05-25T00:31:54Z,2025-05-29T05:01:29Z,434,Python,15,64,64,12
325,apache#ozhera,apache,ozhera,https://github.com/apache/ozhera,2023-09-08T09:43:53Z,2025-05-19T06:49:04Z,2025-05-19T06:49:00Z,65103,Java,36,91,91,20
326,apache#ozone,apache,ozone,https://github.com/apache/ozone,2019-10-02T15:56:19Z,2025-06-02T13:04:06Z,2025-06-02T13:04:02Z,106692,Java,538,925,925,237
327,apache#paimon,apache,paimon,https://github.com/apache/paimon,2022-01-12T03:13:15Z,2025-06-01T19:32:03Z,2025-05-30T11:05:53Z,55697,Java,1083,2814,2814,244
328,apache#parquet-format,apache,parquet-format,https://github.com/apache/parquet-format,2014-06-10T07:00:07Z,2025-06-02T13:40:39Z,2025-06-01T13:03:30Z,1372,Thrift,441,1956,1956,72
329,apache#parquet-java,apache,parquet-java,https://github.com/apache/parquet-java,2014-06-10T07:00:07Z,2025-05-30T15:50:58Z,2025-06-01T02:09:50Z,15432,Java,1463,2828,2828,235
330,apache#pdfbox,apache,pdfbox,https://github.com/apache/pdfbox,2009-09-26T08:00:19Z,2025-05-31T14:41:58Z,2025-06-01T11:50:48Z,111000,Java,902,2836,2836,6
331,apache#pekko,apache,pekko,https://github.com/apache/pekko,2022-10-31T08:40:39Z,2025-06-02T11:40:57Z,2025-06-02T11:13:51Z,263452,Scala,172,1368,1368,308
332,apache#pekko-connectors,apache,pekko-connectors,https://github.com/apache/pekko-connectors,2022-10-31T08:52:35Z,2025-06-01T08:26:03Z,2025-06-01T08:26:03Z,95581,Scala,37,66,66,306
333,apache#pekko-http,apache,pekko-http,https://github.com/apache/pekko-http,2022-10-31T08:43:27Z,2025-06-01T08:26:49Z,2025-06-01T08:26:50Z,13414,Scala,44,168,168,314
334,apache#pekko-samples,apache,pekko-samples,https://github.com/apache/pekko-samples,2022-10-31T08:51:29Z,2025-05-20T15:05:57Z,2025-03-09T01:17:43Z,1814,Scala,27,56,56,38
335,apache#phoenix,apache,phoenix,https://github.com/apache/phoenix,2014-06-04T07:00:08Z,2025-06-02T06:15:50Z,2025-06-02T06:15:46Z,85033,Java,1008,1039,1039,143
336,apache#phoenix-connectors,apache,phoenix-connectors,https://github.com/apache/phoenix-connectors,2018-12-18T01:41:28Z,2025-06-02T07:34:50Z,2025-06-02T07:34:46Z,796,Java,62,54,54,20
337,apache#phoenix-omid,apache,phoenix-omid,https://github.com/apache/phoenix-omid,2016-04-14T07:00:06Z,2025-05-05T15:07:32Z,2025-05-05T15:07:28Z,5086,Java,62,88,88,25
338,apache#phoenix-queryserver,apache,phoenix-queryserver,https://github.com/apache/phoenix-queryserver,2018-12-19T22:15:18Z,2025-05-15T08:37:53Z,2025-05-15T08:37:49Z,559,Python,67,50,50,24
339,apache#pinot,apache,pinot,https://github.com/apache/pinot,2014-05-19T23:27:48Z,2025-06-02T04:38:26Z,2025-06-02T12:14:14Z,331038,Java,1384,5792,5792,367
340,apache#plc4x,apache,plc4x,https://github.com/apache/plc4x,2017-12-20T08:00:09Z,2025-06-02T12:54:31Z,2025-06-02T12:54:28Z,168721,Java,440,1423,1423,87
341,apache#poi,apache,poi,https://github.com/apache/poi,2009-05-21T01:15:15Z,2025-05-30T15:12:22Z,2025-05-30T15:12:18Z,238063,Java,785,2024,2024,14
342,apache#polaris,apache,polaris,https://github.com/apache/polaris,2024-05-29T18:44:27Z,2025-06-02T13:27:47Z,2025-06-02T07:30:08Z,16292,Java,245,1512,1512,67
343,apache#pulsar,apache,pulsar,https://github.com/apache/pulsar,2016-06-28T07:00:03Z,2025-06-02T14:13:11Z,2025-06-02T09:26:41Z,237976,Java,3633,14632,14632,361
344,apache#pulsar-client-cpp,apache,pulsar-client-cpp,https://github.com/apache/pulsar-client-cpp,2022-09-29T01:10:49Z,2025-05-28T11:45:24Z,2025-05-28T11:45:18Z,6985,C++,68,58,58,132
345,apache#pulsar-client-go,apache,pulsar-client-go,https://github.com/apache/pulsar-client-go,2019-05-06T22:08:46Z,2025-05-30T14:51:41Z,2025-05-29T07:30:37Z,3604,Go,353,698,698,143
346,apache#pulsar-client-node,apache,pulsar-client-node,https://github.com/apache/pulsar-client-node,2019-03-01T12:35:51Z,2025-06-01T20:24:25Z,2025-05-30T01:38:29Z,1676,C++,91,157,157,37
347,apache#pulsar-client-python,apache,pulsar-client-python,https://github.com/apache/pulsar-client-python,2022-09-29T01:10:23Z,2025-05-16T12:02:35Z,2025-05-16T12:02:30Z,967,Python,45,63,63,72
348,apache#pulsar-client-reactive,apache,pulsar-client-reactive,https://github.com/apache/pulsar-client-reactive,2022-09-07T17:29:14Z,2025-05-27T08:23:06Z,2025-05-27T08:23:01Z,734,Java,21,62,62,5
349,apache#pulsar-dotpulsar,apache,pulsar-dotpulsar,https://github.com/apache/pulsar-dotpulsar,2018-11-07T18:22:16Z,2025-05-30T08:10:24Z,2025-05-30T08:10:21Z,14214,C#,74,256,256,28
350,apache#pulsar-helm-chart,apache,pulsar-helm-chart,https://github.com/apache/pulsar-helm-chart,2020-04-14T05:15:14Z,2025-06-01T20:27:16Z,2025-05-30T15:16:04Z,1071,Shell,240,223,223,109
351,apache#pulsar-manager,apache,pulsar-manager,https://github.com/apache/pulsar-manager,2018-10-31T18:09:47Z,2025-05-26T03:58:59Z,2025-01-12T14:40:43Z,12878,Vue,248,533,533,58
352,apache#qpid-broker-j,apache,qpid-broker-j,https://github.com/apache/qpid-broker-j,2017-04-19T07:00:07Z,2025-04-30T13:49:54Z,2025-04-30T13:49:50Z,148159,Java,46,58,58,26
353,apache#qpid-dispatch,apache,qpid-dispatch,https://github.com/apache/qpid-dispatch,2014-02-05T08:00:07Z,2025-03-19T18:27:25Z,2025-04-16T15:26:16Z,43210,Python,87,66,66,24
354,apache#qpid-jms,apache,qpid-jms,https://github.com/apache/qpid-jms,2014-09-24T07:00:07Z,2025-02-14T18:36:16Z,2025-02-14T18:36:12Z,8797,Java,153,75,75,20
355,apache#qpid-proton,apache,qpid-proton,https://github.com/apache/qpid-proton,2014-11-07T08:00:07Z,2025-05-22T13:04:40Z,2025-05-22T13:04:36Z,16577,C++,214,231,231,51
356,apache#ranger,apache,ranger,https://github.com/apache/ranger,2014-07-27T07:00:08Z,2025-05-31T17:30:23Z,2025-06-02T11:35:31Z,123405,Java,1017,960,960,147
357,apache#ratis,apache,ratis,https://github.com/apache/ratis,2017-01-31T08:00:07Z,2025-06-01T12:20:37Z,2025-05-25T15:38:05Z,12043,Java,429,1380,1380,104
358,apache#rocketmq,apache,rocketmq,https://github.com/apache/rocketmq,2016-11-30T08:00:08Z,2025-06-02T13:10:09Z,2025-05-30T06:09:26Z,43553,Java,11865,21811,21811,332
359,apache#rocketmq-client-cpp,apache,rocketmq-client-cpp,https://github.com/apache/rocketmq-client-cpp,2018-10-11T02:36:54Z,2025-05-20T02:29:14Z,2025-03-04T07:00:26Z,7079,C++,165,379,379,37
360,apache#rocketmq-client-go,apache,rocketmq-client-go,https://github.com/apache/rocketmq-client-go,2018-10-11T02:38:19Z,2025-06-01T03:33:41Z,2025-04-27T08:47:11Z,1277,Go,429,1353,1353,114
361,apache#rocketmq-clients,apache,rocketmq-clients,https://github.com/apache/rocketmq-clients,2022-06-17T07:53:53Z,2025-05-30T03:41:10Z,2025-05-29T03:05:18Z,14483,Java,242,396,396,51
362,apache#rocketmq-dashboard,apache,rocketmq-dashboard,https://github.com/apache/rocketmq-dashboard,2021-08-09T11:30:56Z,2025-06-02T06:34:59Z,2025-04-15T01:49:34Z,6634,Java,582,1206,1206,40
363,apache#rocketmq-externals,apache,rocketmq-externals,https://github.com/apache/rocketmq-externals,2017-03-14T07:00:06Z,2025-05-27T06:24:46Z,2024-12-09T09:00:27Z,36288,Java,3064,4601,4601,109
364,apache#rocketmq-operator,apache,rocketmq-operator,https://github.com/apache/rocketmq-operator,2019-06-03T06:01:27Z,2025-05-31T00:58:58Z,2025-01-14T05:56:29Z,800,Go,130,320,320,18
365,apache#rocketmq-spring,apache,rocketmq-spring,https://github.com/apache/rocketmq-spring,2018-10-15T06:07:53Z,2025-06-01T08:30:12Z,2025-03-19T13:17:52Z,679,Java,924,2186,2186,65
366,apache#roller,apache,roller,https://github.com/apache/roller,2009-05-21T02:42:21Z,2025-04-13T19:20:02Z,2025-04-06T20:06:24Z,301659,Java,139,125,125,14
367,apache#royale-asjs,apache,royale-asjs,https://github.com/apache/royale-asjs,2013-05-16T07:00:17Z,2025-05-18T00:05:00Z,2025-05-18T00:04:57Z,62220,ActionScript,117,376,376,43
368,apache#royale-compiler,apache,royale-compiler,https://github.com/apache/royale-compiler,2012-08-30T07:00:20Z,2025-05-16T22:48:34Z,2025-05-16T22:48:30Z,90613,Java,51,101,101,27
369,apache#samza,apache,samza,https://github.com/apache/samza,2015-03-14T07:00:05Z,2025-05-27T16:32:17Z,2025-05-02T22:22:30Z,35069,Java,337,826,826,131
370,apache#seatunnel,apache,seatunnel,https://github.com/apache/seatunnel,2017-08-05T09:14:47Z,2025-06-02T11:28:05Z,2025-05-29T12:38:23Z,45109,Java,1991,8542,8542,378
371,apache#seatunnel-web,apache,seatunnel-web,https://github.com/apache/seatunnel-web,2022-09-26T02:58:17Z,2025-05-30T23:27:10Z,2025-05-07T06:23:38Z,18230,Java,308,688,688,143
372,apache#sedona,apache,sedona,https://github.com/apache/sedona,2015-04-24T18:01:29Z,2025-05-31T20:34:32Z,2025-06-02T11:02:09Z,1328764,Java,711,2064,2064,126
373,apache#servicecomb-java-chassis,apache,servicecomb-java-chassis,https://github.com/apache/servicecomb-java-chassis,2017-05-18T09:29:30Z,2025-05-30T02:46:27Z,2025-06-01T07:41:03Z,28683,Java,822,1923,1923,139
374,apache#servicecomb-kie,apache,servicecomb-kie,https://github.com/apache/servicecomb-kie,2019-04-29T02:19:15Z,2025-05-07T01:06:30Z,2025-05-11T07:34:46Z,8736,Go,68,544,544,21
375,apache#servicecomb-service-center,apache,servicecomb-service-center,https://github.com/apache/servicecomb-service-center,2017-05-18T09:53:58Z,2025-05-09T09:11:10Z,2025-05-09T10:50:44Z,24927,Go,342,1343,1343,50
376,apache#servicemix-bundles,apache,servicemix-bundles,https://github.com/apache/servicemix-bundles,2015-03-10T19:06:30Z,2025-05-05T17:37:46Z,2025-05-27T19:44:32Z,23697,Java,108,56,56,53
377,apache#shardingsphere,apache,shardingsphere,https://github.com/apache/shardingsphere,2016-01-18T12:49:26Z,2025-06-02T13:36:51Z,2025-06-02T13:36:42Z,663219,Java,6814,20256,20256,318
378,apache#shardingsphere-elasticjob,apache,shardingsphere-elasticjob,https://github.com/apache/shardingsphere-elasticjob,2015-09-11T11:28:52Z,2025-05-28T13:11:33Z,2025-01-10T07:56:34Z,46052,Java,3280,8191,8191,111
379,apache#shenyu,apache,shenyu,https://github.com/apache/shenyu,2018-07-11T08:17:45Z,2025-05-29T03:22:05Z,2025-06-01T13:04:40Z,66198,Java,2978,8582,8582,377
380,apache#shenyu-dashboard,apache,shenyu-dashboard,https://github.com/apache/shenyu-dashboard,2018-07-22T14:40:54Z,2025-05-10T08:09:24Z,2025-05-10T08:11:25Z,25818,JavaScript,230,190,190,59
381,apache#shiro,apache,shiro,https://github.com/apache/shiro,2009-08-29T08:00:17Z,2025-06-02T02:00:05Z,2025-05-30T21:07:43Z,30937,Java,2315,4376,4376,67
382,apache#singa,apache,singa,https://github.com/apache/singa,2015-04-02T07:00:05Z,2025-06-01T19:43:12Z,2025-05-13T10:18:23Z,49050,C++,1271,3440,3440,75
383,apache#sis,apache,sis,https://github.com/apache/sis,2013-06-11T07:00:15Z,2025-05-21T16:17:42Z,2025-06-01T22:43:49Z,83003,Java,45,101,101,7
384,apache#skywalking,apache,skywalking,https://github.com/apache/skywalking,2015-11-07T03:30:36Z,2025-06-02T10:32:53Z,2025-05-30T07:49:21Z,172964,Java,6587,24339,24339,387
385,apache#skywalking-banyandb,apache,skywalking-banyandb,https://github.com/apache/skywalking-banyandb,2021-03-26T02:26:42Z,2025-05-30T14:51:07Z,2025-05-30T12:56:28Z,27505,Go,99,303,303,38
386,apache#skywalking-booster-ui,apache,skywalking-booster-ui,https://github.com/apache/skywalking-booster-ui,2021-12-05T13:54:04Z,2025-06-02T09:19:02Z,2025-06-02T09:18:58Z,5307,Vue,145,190,190,44
387,apache#skywalking-cli,apache,skywalking-cli,https://github.com/apache/skywalking-cli,2019-11-01T06:57:28Z,2025-05-20T05:10:51Z,2025-05-20T05:10:49Z,1007,Go,45,93,93,19
388,apache#skywalking-client-js,apache,skywalking-client-js,https://github.com/apache/skywalking-client-js,2019-12-06T08:59:04Z,2025-05-21T10:48:26Z,2025-04-29T02:30:39Z,956,TypeScript,79,260,260,22
389,apache#skywalking-data-collect-protocol,apache,skywalking-data-collect-protocol,https://github.com/apache/skywalking-data-collect-protocol,2018-02-23T02:52:44Z,2025-05-20T03:08:43Z,2025-05-20T03:08:39Z,197,Starlark,108,113,113,25
390,apache#skywalking-eyes,apache,skywalking-eyes,https://github.com/apache/skywalking-eyes,2020-12-21T04:38:31Z,2025-05-15T14:49:27Z,2025-04-24T02:05:46Z,1405,Go,59,275,275,41
391,apache#skywalking-go,apache,skywalking-go,https://github.com/apache/skywalking-go,2023-04-11T03:32:47Z,2025-06-02T02:45:44Z,2025-05-11T13:09:20Z,795,Go,103,335,335,33
392,apache#skywalking-helm,apache,skywalking-helm,https://github.com/apache/skywalking-helm,2018-10-25T03:41:03Z,2025-05-27T13:13:19Z,2025-05-12T11:42:08Z,605,Smarty,206,522,522,31
393,apache#skywalking-infra-e2e,apache,skywalking-infra-e2e,https://github.com/apache/skywalking-infra-e2e,2020-12-27T13:45:18Z,2025-05-18T12:48:52Z,2025-05-18T12:51:27Z,469,Go,31,51,51,16
394,apache#skywalking-java,apache,skywalking-java,https://github.com/apache/skywalking-java,2021-08-26T13:08:54Z,2025-05-30T06:14:11Z,2025-05-30T12:49:32Z,164341,Java,638,835,835,393
395,apache#skywalking-nodejs,apache,skywalking-nodejs,https://github.com/apache/skywalking-nodejs,2020-06-25T03:42:13Z,2025-05-07T09:03:53Z,2025-05-07T09:52:09Z,537,TypeScript,64,162,162,16
396,apache#skywalking-php,apache,skywalking-php,https://github.com/apache/skywalking-php,2022-08-31T00:26:13Z,2025-05-14T07:20:49Z,2025-04-15T01:22:36Z,569,Rust,18,167,167,7
397,apache#skywalking-python,apache,skywalking-python,https://github.com/apache/skywalking-python,2020-05-05T12:13:49Z,2025-05-26T08:27:16Z,2025-05-28T09:45:52Z,1844,Python,104,201,201,40
398,apache#skywalking-query-protocol,apache,skywalking-query-protocol,https://github.com/apache/skywalking-query-protocol,2018-09-03T08:09:40Z,2025-05-28T01:55:11Z,2025-05-28T01:55:10Z,194,,68,71,71,18
399,apache#skywalking-rover,apache,skywalking-rover,https://github.com/apache/skywalking-rover,2022-02-18T01:34:32Z,2025-05-28T11:50:27Z,2025-05-22T03:23:04Z,1318,Go,47,220,220,11
400,apache#skywalking-rust,apache,skywalking-rust,https://github.com/apache/skywalking-rust,2020-02-28T06:01:19Z,2025-04-25T10:02:26Z,2025-04-08T03:00:42Z,265,Rust,19,73,73,7
401,apache#skywalking-satellite,apache,skywalking-satellite,https://github.com/apache/skywalking-satellite,2020-10-31T09:52:07Z,2025-05-16T03:47:50Z,2025-05-27T01:43:21Z,1354,Go,50,111,111,14
402,apache#skywalking-swck,apache,skywalking-swck,https://github.com/apache/skywalking-swck,2020-02-19T12:53:10Z,2025-05-29T07:05:51Z,2025-05-29T07:05:50Z,1255,Go,51,133,133,18
403,apache#solr,apache,solr,https://github.com/apache/solr,2021-02-23T00:12:42Z,2025-06-02T04:53:15Z,2025-06-02T04:53:11Z,531568,Java,724,1396,1396,318
404,apache#solr-operator,apache,solr-operator,https://github.com/apache/solr-operator,2019-06-14T18:25:16Z,2025-05-25T13:38:05Z,2025-04-22T07:31:31Z,5371,Go,121,265,265,38
405,apache#spamassassin,apache,spamassassin,https://github.com/apache/spamassassin,2009-05-20T01:47:48Z,2025-06-02T08:31:54Z,2025-06-02T08:31:50Z,83892,Perl,79,302,302,5
406,apache#spark,apache,spark,https://github.com/apache/spark,2014-02-25T08:00:08Z,2025-06-02T13:27:08Z,2025-06-02T05:20:09Z,501915,Scala,28580,41215,41215,334
407,apache#spark-kubernetes-operator,apache,spark-kubernetes-operator,https://github.com/apache/spark-kubernetes-operator,2024-03-29T02:44:06Z,2025-06-01T04:52:24Z,2025-06-01T05:11:19Z,995,Java,33,164,164,6
408,apache#storm,apache,storm,https://github.com/apache/storm,2013-11-05T08:00:14Z,2025-06-02T11:28:03Z,2025-06-02T05:29:28Z,155665,Java,4069,6628,6628,279
409,apache#stormcrawler,apache,stormcrawler,https://github.com/apache/stormcrawler,2013-04-12T14:13:30Z,2025-06-02T12:51:41Z,2025-06-02T07:21:41Z,7713,Java,264,909,909,49
410,apache#streampark,apache,streampark,https://github.com/apache/streampark,2019-05-27T05:56:03Z,2025-05-30T04:08:39Z,2025-05-28T12:16:57Z,62334,Java,1035,4069,4069,153
411,apache#streampipes,apache,streampipes,https://github.com/apache/streampipes,2018-04-22T20:06:55Z,2025-05-31T21:56:06Z,2025-06-01T00:38:09Z,326580,Java,199,651,651,68
412,apache#streams,apache,streams,https://github.com/apache/streams,2014-03-18T07:00:06Z,2025-04-24T04:56:20Z,2025-04-24T16:40:39Z,149353,Java,45,77,77,16
413,apache#struts,apache,struts,https://github.com/apache/struts,2014-01-15T08:00:08Z,2025-05-27T13:19:16Z,2025-06-02T01:40:01Z,84930,Java,821,1313,1313,76
414,apache#struts-examples,apache,struts-examples,https://github.com/apache/struts-examples,2014-03-11T07:00:06Z,2025-05-28T09:00:19Z,2025-06-02T00:50:10Z,4296,Java,557,433,433,19
415,apache#struts-site,apache,struts-site,https://github.com/apache/struts-site,2009-05-21T02:24:34Z,2025-05-29T05:59:21Z,2025-05-29T05:59:56Z,103026,HTML,575,64,64,48
416,apache#subversion,apache,subversion,https://github.com/apache/subversion,2009-12-31T09:00:10Z,2025-06-01T11:39:36Z,2025-06-01T12:15:16Z,216765,C,180,598,598,36
417,apache#superset,apache,superset,https://github.com/apache/superset,2015-07-21T18:55:34Z,2025-06-02T11:28:04Z,2025-06-02T12:32:20Z,749868,Jupyter Notebook,15084,66473,66473,421
418,apache#synapse,apache,synapse,https://github.com/apache/synapse,2009-05-21T01:01:59Z,2025-05-13T07:57:26Z,2025-01-01T01:38:28Z,45244,Java,58,74,74,12
419,apache#syncope,apache,syncope,https://github.com/apache/syncope,2014-10-23T07:00:10Z,2025-05-31T08:20:46Z,2025-05-30T10:08:28Z,81031,Java,190,292,292,43
420,apache#systemds,apache,systemds,https://github.com/apache/systemds,2015-11-10T08:00:06Z,2025-05-28T09:35:44Z,2025-05-28T09:35:40Z,386243,Java,495,1046,1046,179
421,apache#tapestry-5,apache,tapestry-5,https://github.com/apache/tapestry-5,2012-05-23T07:00:11Z,2025-05-29T08:52:52Z,2025-05-29T08:52:48Z,43745,Java,95,125,125,39
422,apache#tez,apache,tez,https://github.com/apache/tez,2013-04-08T07:20:23Z,2025-05-30T06:09:01Z,2025-05-30T06:08:57Z,30762,Java,431,494,494,82
423,apache#thrift,apache,thrift,https://github.com/apache/thrift,2009-09-18T08:00:17Z,2025-06-02T04:19:52Z,2025-06-01T06:58:09Z,34909,C++,4056,10692,10692,325
424,apache#tika,apache,tika,https://github.com/apache/tika,2009-05-21T02:12:11Z,2025-06-02T07:10:30Z,2025-06-02T12:33:16Z,247648,Java,821,3019,3019,137
425,apache#tika-docker,apache,tika-docker,https://github.com/apache/tika-docker,2020-01-08T22:06:03Z,2025-06-02T11:10:02Z,2025-06-02T12:54:08Z,124,Shell,77,188,188,12
426,apache#tinkerpop,apache,tinkerpop,https://github.com/apache/tinkerpop,2015-02-07T08:00:05Z,2025-05-28T22:30:31Z,2025-06-01T14:52:13Z,224237,Java,825,2041,2041,196
427,apache#tomcat,apache,tomcat,https://github.com/apache/tomcat,2011-10-01T07:00:19Z,2025-05-30T17:05:17Z,2025-05-29T19:16:27Z,179002,Java,5173,7840,7840,128
428,apache#tomcat-jakartaee-migration,apache,tomcat-jakartaee-migration,https://github.com/apache/tomcat-jakartaee-migration,2020-01-13T12:37:17Z,2025-05-18T00:52:50Z,2025-04-14T05:45:24Z,338,Java,60,161,161,17
429,apache#tomcat-native,apache,tomcat-native,https://github.com/apache/tomcat-native,2010-08-12T03:32:41Z,2025-05-29T16:49:30Z,2025-05-29T16:49:27Z,16113,C,62,84,84,19
430,apache#tomee,apache,tomee,https://github.com/apache/tomee,2013-01-22T08:00:16Z,2025-06-02T06:08:42Z,2025-06-02T06:08:40Z,118390,Java,695,465,465,124
431,apache#trafficcontrol,apache,trafficcontrol,https://github.com/apache/trafficcontrol,2016-09-02T07:00:06Z,2025-06-02T11:28:05Z,2025-06-01T14:03:51Z,130689,Go,347,1136,1136,144
432,apache#trafficserver,apache,trafficserver,https://github.com/apache/trafficserver,2009-10-31T08:00:10Z,2025-06-02T11:53:06Z,2025-05-30T08:26:21Z,165444,C++,823,1872,1872,221
433,apache#tsfile,apache,tsfile,https://github.com/apache/tsfile,2023-11-17T08:07:14Z,2025-05-30T08:26:58Z,2025-06-01T07:00:40Z,14966,Java,66,137,137,112
434,apache#tvm,apache,tvm,https://github.com/apache/tvm,2016-10-12T22:20:28Z,2025-06-02T12:57:02Z,2025-06-02T12:08:06Z,113535,Python,3592,12335,12335,369
435,apache#uima-uimaj,apache,uima-uimaj,https://github.com/apache/uima-uimaj,2013-11-29T08:00:16Z,2025-01-23T08:02:10Z,2025-02-17T16:31:31Z,68427,Java,37,64,64,13
436,apache#uniffle,apache,uniffle,https://github.com/apache/uniffle,2022-06-17T01:47:53Z,2025-05-31T02:51:45Z,2025-05-27T08:47:38Z,13567,Java,156,416,416,73
437,apache#unomi,apache,unomi,https://github.com/apache/unomi,2015-11-24T08:00:05Z,2025-05-30T16:15:18Z,2025-03-20T15:40:58Z,30294,Java,134,307,307,46
438,apache#wicket,apache,wicket,https://github.com/apache/wicket,2009-05-21T01:51:51Z,2025-06-01T23:04:48Z,2025-06-01T23:04:43Z,131069,Java,392,763,763,113
439,apache#xerces-c,apache,xerces-c,https://github.com/apache/xerces-c,2020-01-10T10:00:34Z,2025-06-02T04:40:03Z,2025-03-06T13:25:29Z,24839,C++,93,144,144,9
440,apache#xmlbeans,apache,xmlbeans,https://github.com/apache/xmlbeans,2009-08-06T08:06:50Z,2025-05-24T18:45:10Z,2025-05-24T18:45:07Z,66584,Java,62,54,54,6
441,apache#xmlgraphics-batik,apache,xmlgraphics-batik,https://github.com/apache/xmlgraphics-batik,2009-05-21T02:32:14Z,2025-05-29T02:30:58Z,2025-04-24T09:47:47Z,171195,Java,147,229,229,6
442,apache#xmlgraphics-fop,apache,xmlgraphics-fop,https://github.com/apache/xmlgraphics-fop,2009-05-21T00:26:43Z,2025-06-01T22:47:17Z,2025-05-23T12:48:08Z,215311,Java,147,201,201,7
443,apache#yetus,apache,yetus,https://github.com/apache/yetus,2015-09-18T07:00:05Z,2025-03-04T15:20:57Z,2025-05-08T19:21:49Z,9042,Shell,60,69,69,77
444,apache#yunikorn-core,apache,yunikorn-core,https://github.com/apache/yunikorn-core,2019-06-13T15:18:08Z,2025-05-30T12:31:45Z,2025-05-07T00:40:21Z,14340,Go,247,932,932,68
445,apache#yunikorn-k8shim,apache,yunikorn-k8shim,https://github.com/apache/yunikorn-k8shim,2019-06-13T15:24:21Z,2025-05-23T14:00:25Z,2025-05-23T14:00:14Z,29943,Go,145,156,156,63
446,apache#zeppelin,apache,zeppelin,https://github.com/apache/zeppelin,2015-03-25T07:00:06Z,2025-06-02T12:16:55Z,2025-06-02T12:17:18Z,107596,Java,2815,6492,6492,335
447,apache#zookeeper,apache,zookeeper,https://github.com/apache/zookeeper,2009-03-27T15:41:56Z,2025-06-02T13:14:34Z,2025-05-22T23:40:10Z,148930,Java,7284,12498,12498,235
448,FFmpeg#FFmpeg,FFmpeg,FFmpeg,https://github.com/FFmpeg/FFmpeg,2011-04-14T14:12:38Z,2025-06-02T13:17:37Z,2025-06-02T11:55:05Z,440043,C,12681,50299,50299,312
449,torvalds#linux,torvalds,linux,https://github.com/torvalds/linux,2011-09-04T22:48:12Z,2025-06-02T13:40:58Z,2025-06-01T19:31:00Z,5591654,C,56087,194797,194797,0
