Date,Release Number,Production Deployment Success Rate (%),Mean Time to Recovery (MTTR) (Minutes),System Uptime (%),Performance SLA Compliance (%),Production Incident Count,Critical Issue Resolution Time (Hours),Customer Satisfaction Score (1-10),Business Value Delivered Score (1-10),Production Monitoring Coverage (%),Rollback Rate (%),Production Data Quality Score (1-10),Feature Adoption Rate (%),Performance Baseline Achievement (%),Production Test Coverage (%),Production Environment Health Score (1-10),Change Failure Rate (%),Lead Time for Changes (Hours),Deployment Frequency (Per Week),Recovery Time from Failures (Minutes),Customer Issue Resolution Time (Hours)
2021-01-04,1.0.0,93.1,7.9,90.8,65.1,15,1.7,8.11,9.27,76.0,35.9,4.4,90.7,92.1,92.5,5.62,0.2,30.7,0.6,120.0,2.0
2021-01-08,1.0.1,94.3,16.5,100.0,82.3,13,1.3,8.89,10.0,98.1,13.3,5.31,81.3,100.0,100.0,8.62,2.5,61.6,2.5,43.1,4.8
2021-01-23,1.1.0,96.7,10.9,100.0,92.7,14,3.7,8.81,8.9,87.0,14.0,7.25,69.7,100.0,100.0,7.02,0.4,16.4,3.0,88.6,2.0
2021-01-29,1.1.1,100.0,6.0,100.0,98.9,9,3.3,9.44,9.26,98.8,3.5,5.14,57.5,96.3,100.0,7.49,0.0,22.0,1.7,44.1,4.7
2021-02-07,1.2.0,91.5,3.7,100.0,100.0,7,3.4,7.23,9.94,97.0,12.4,7.23,55.2,90.3,94.6,9.02,0.6,14.6,1.5,18.0,2.8
2021-02-25,2.0.0,78.0,12.0,92.4,87.4,9,3.4,6.37,9.21,85.1,10.2,8.34,32.9,73.0,87.7,6.84,7.3,16.8,0.7,22.3,5.1
2021-03-02,2.0.1,92.9,24.6,100.0,99.5,11,3.4,5.38,8.15,87.2,14.5,8.24,73.6,94.5,93.5,6.16,1.8,11.2,3.1,22.1,6.7
2021-03-17,2.1.0,93.1,23.3,100.0,93.3,11,4.1,7.27,6.6,98.0,2.6,8.46,96.2,97.5,91.9,8.13,7.6,14.5,3.7,28.0,7.3
2021-03-21,2.1.1,94.2,18.5,100.0,97.2,10,1.6,7.93,9.04,100.0,2.9,9.87,100.0,92.8,88.7,8.85,20.9,38.6,2.1,65.6,12.0
2021-04-12,3.0.0,74.1,44.1,90.5,86.9,11,6.1,7.09,4.87,86.5,18.7,6.55,45.6,73.2,51.0,6.67,38.0,41.5,1.4,39.6,6.7
2021-04-27,3.1.0,95.2,52.9,99.4,92.6,9,2.9,9.15,5.37,90.9,7.7,6.95,78.3,93.7,80.6,6.29,14.9,19.5,1.9,32.6,7.5
2021-05-05,3.2.0,97.9,31.5,100.0,91.1,6,1.2,9.03,5.94,98.8,9.2,5.04,95.4,88.2,79.7,8.45,6.4,11.4,1.0,24.2,3.3
2021-05-08,3.2.1,98.3,17.3,100.0,100.0,10,1.7,7.98,7.79,100.0,12.3,7.93,83.8,100.0,91.2,7.15,14.5,26.9,4.2,7.4,3.6
2021-05-19,3.3.0,100.0,30.1,100.0,99.7,6,2.5,8.45,7.98,90.9,5.3,7.98,80.8,100.0,82.8,8.15,32.1,20.5,2.8,18.2,4.1
2021-05-22,3.3.1,100.0,28.7,100.0,100.0,4,1.3,7.84,7.07,96.7,12.8,6.26,58.3,100.0,68.3,7.83,19.1,21.2,2.8,35.4,5.0
2021-05-31,3.4.0,95.6,55.2,100.0,96.7,4,3.4,7.82,6.39,97.3,7.8,7.67,73.2,100.0,90.9,6.56,6.0,18.0,3.1,13.9,5.6
2021-06-10,3.5.0,97.4,34.8,100.0,100.0,1,1.5,9.15,6.31,99.9,1.5,7.18,61.5,92.9,92.7,6.61,10.7,11.5,5.9,16.6,2.3
2021-06-25,3.6.0,91.2,11.9,100.0,100.0,3,1.3,7.9,5.81,99.7,0.9,6.86,71.2,83.8,96.1,7.57,10.3,14.8,4.7,6.9,1.2
2021-07-17,4.0.0,82.4,27.2,88.4,81.5,7,3.8,6.75,6.3,83.7,13.4,5.98,33.3,67.9,81.0,4.8,12.6,70.6,0.5,29.2,7.8
2021-07-20,4.0.1,96.3,27.6,100.0,99.9,7,2.9,9.19,7.99,100.0,15.4,6.02,70.7,75.9,95.6,7.35,12.5,112.8,2.5,30.6,5.4
2021-08-04,4.1.0,95.0,51.7,100.0,94.7,9,3.1,7.69,9.2,100.0,4.5,8.57,90.3,72.9,96.3,7.25,26.3,26.0,2.5,16.3,6.9
2021-08-07,4.1.1,91.8,24.9,100.0,94.9,7,1.5,9.13,8.17,95.0,1.4,6.81,73.3,95.4,91.5,8.97,16.7,33.1,6.8,9.1,5.0
2021-08-20,4.2.0,98.4,15.2,100.0,96.1,4,3.2,9.5,7.44,95.5,0.7,6.17,62.4,98.3,69.5,9.55,18.1,16.8,5.2,11.9,1.8
2021-08-27,4.2.1,99.2,32.0,100.0,98.3,7,3.0,9.02,6.95,92.7,3.5,8.91,46.3,98.1,98.4,7.89,20.8,8.0,1.7,10.1,4.7
2021-09-11,4.3.0,93.9,12.0,100.0,86.0,9,1.1,7.79,4.95,82.5,0.8,9.99,60.8,94.6,89.8,7.59,8.6,24.9,3.6,8.9,3.1
2021-09-15,4.3.1,93.7,7.3,100.0,99.0,6,0.3,7.06,4.82,97.0,0.4,9.24,64.1,98.8,73.6,6.48,6.6,58.8,8.1,18.1,4.5
2021-10-06,5.0.0,90.3,19.3,97.1,86.6,5,1.4,6.29,4.24,94.8,0.9,6.78,40.4,89.7,79.3,7.12,6.7,80.7,9.2,11.3,2.6
2021-10-14,5.1.0,98.3,11.8,100.0,98.5,8,1.7,8.21,4.04,92.3,6.1,7.09,70.8,96.3,87.6,7.15,3.3,25.4,11.5,9.4,5.9
2021-10-31,6.0.0,94.5,15.3,96.7,82.6,6,2.2,6.55,3.84,90.8,11.2,7.2,62.7,92.3,71.3,5.41,7.7,22.7,3.7,10.4,2.9
2021-11-11,6.1.0,100.0,12.6,100.0,91.7,7,2.2,8.26,7.67,95.3,4.1,8.08,59.8,99.7,83.0,7.32,12.3,34.5,6.5,21.2,2.2
2021-11-15,6.1.1,100.0,16.9,100.0,83.6,7,2.6,7.01,7.85,93.2,1.8,8.25,60.8,97.4,99.2,7.18,3.4,33.5,3.2,41.4,3.2
2021-11-22,6.2.0,97.9,36.1,100.0,87.7,8,4.4,7.2,9.27,100.0,2.3,8.03,84.1,87.7,91.6,9.27,6.7,23.4,4.1,13.1,1.6
2021-11-28,6.2.1,96.3,23.5,100.0,99.0,6,1.9,8.12,9.0,100.0,0.8,7.98,94.4,79.6,81.9,7.84,3.6,10.6,2.0,27.2,3.0
2021-12-08,6.3.0,90.3,40.1,100.0,98.2,6,0.9,9.66,9.23,99.9,0.4,6.17,82.6,87.0,95.9,6.59,4.6,16.9,1.8,12.1,6.0
2021-12-20,6.4.0,97.5,9.6,100.0,98.5,5,0.7,7.75,7.25,89.6,0.2,6.44,91.4,94.3,97.7,8.86,4.9,34.7,1.6,33.1,3.6
2021-12-30,6.5.0,100.0,11.7,100.0,100.0,3,2.0,9.29,8.27,100.0,0.1,8.7,67.9,91.4,92.4,10.0,6.7,16.4,4.0,11.5,4.6
2022-01-09,6.6.0,99.2,6.9,100.0,100.0,2,4.4,8.94,8.98,100.0,0.3,6.72,73.5,91.0,69.9,8.3,10.0,29.9,5.8,28.6,1.5
2022-01-30,7.0.0,88.6,4.9,96.1,81.7,8,2.8,8.24,6.83,91.6,4.6,6.76,73.7,83.2,66.6,6.81,26.8,34.3,5.5,13.7,2.1
2022-02-06,7.1.0,90.6,4.5,100.0,99.4,6,0.8,8.73,8.62,100.0,6.2,6.28,70.4,81.3,83.1,9.02,9.7,40.8,2.3,40.8,2.2
2022-02-19,7.2.0,90.4,25.7,99.4,93.6,8,2.5,7.83,7.46,83.2,8.4,6.22,65.2,71.5,85.7,5.5,22.4,80.1,0.5,57.9,4.9
2022-02-25,7.2.1,100.0,25.0,100.0,100.0,8,1.5,8.05,7.22,99.2,6.3,7.02,64.1,92.8,86.0,5.06,7.4,29.1,0.8,20.5,5.9
2022-03-07,7.3.0,99.4,10.0,100.0,100.0,8,1.1,9.61,6.29,100.0,2.8,9.13,78.6,97.2,88.1,7.5,14.3,13.9,3.4,12.0,3.8
2022-03-11,7.3.1,98.0,11.8,100.0,100.0,5,1.0,8.29,5.41,96.0,8.0,9.65,90.6,91.2,98.6,9.04,22.6,12.0,6.6,22.8,2.6
2022-03-18,7.4.0,98.5,8.3,100.0,100.0,4,1.9,9.43,7.04,87.4,10.5,7.44,65.5,89.3,82.3,7.62,37.1,28.0,8.1,44.2,2.4
2022-04-02,7.5.0,97.9,9.1,100.0,95.8,6,1.7,8.15,8.02,85.3,3.5,8.62,87.5,95.5,96.3,7.37,11.5,17.4,3.1,34.8,1.0
2022-04-09,7.5.1,99.9,20.2,100.0,95.3,9,3.4,8.25,6.95,97.1,1.2,7.42,60.8,99.4,85.2,8.83,8.0,12.5,1.5,25.6,0.7
2022-04-18,7.6.0,100.0,26.7,100.0,90.1,9,2.1,6.99,7.48,99.0,1.8,7.08,62.2,97.3,94.4,10.0,14.2,7.4,0.7,29.9,3.5
2022-04-25,7.7.0,100.0,50.2,100.0,89.1,9,1.2,8.27,8.59,100.0,6.8,8.25,82.1,94.3,94.2,8.9,8.9,31.3,4.1,21.5,1.5
2022-05-03,7.8.0,100.0,21.1,100.0,86.0,6,2.8,9.78,9.03,100.0,0.9,7.45,76.5,91.2,100.0,8.75,2.3,40.4,2.7,9.4,1.1
2022-05-06,7.8.1,100.0,12.5,100.0,80.7,4,1.1,8.79,10.0,100.0,5.5,9.1,59.7,97.0,100.0,10.0,12.3,45.1,1.7,8.8,1.5
2022-05-26,8.0.0,95.0,12.9,94.8,73.8,9,2.8,7.82,9.53,87.5,16.9,6.88,49.0,85.1,80.0,7.17,10.3,77.4,4.4,15.6,5.1
2022-06-10,8.1.0,100.0,16.3,100.0,94.8,9,2.8,7.06,7.77,100.0,9.9,6.89,80.8,97.3,78.9,9.05,24.5,68.4,7.9,36.7,5.9
2022-06-22,9.0.0,85.6,20.8,97.2,87.8,10,2.7,6.89,9.13,85.0,13.7,6.02,54.1,89.2,84.1,7.04,12.5,29.8,5.6,93.3,3.4
2022-06-28,9.0.1,96.2,9.4,100.0,93.5,7,4.9,6.26,8.25,100.0,4.2,6.64,86.1,100.0,92.0,8.38,9.7,23.0,3.7,85.9,6.1
2022-07-06,9.1.0,91.0,14.0,100.0,99.4,8,2.5,5.67,9.28,100.0,3.4,8.84,81.0,98.8,95.7,8.03,17.0,18.3,3.7,30.6,2.7
2022-07-10,9.1.1,90.5,17.7,100.0,100.0,9,5.1,7.93,9.0,100.0,0.6,9.44,64.5,100.0,100.0,7.05,6.2,54.5,4.0,44.7,5.7
2022-07-22,9.2.0,91.9,48.8,100.0,100.0,10,3.1,9.4,7.94,100.0,0.0,10.0,66.9,100.0,100.0,6.52,3.1,47.2,7.4,20.2,1.8
2022-08-04,9.3.0,100.0,70.2,100.0,96.6,10,1.4,10.0,6.34,100.0,4.4,10.0,54.3,97.2,94.7,8.25,3.5,23.5,7.3,16.1,4.8
2022-08-18,9.4.0,95.2,18.8,100.0,100.0,7,2.2,8.39,7.16,100.0,1.0,8.25,79.7,88.0,82.1,9.39,10.8,26.7,7.8,10.5,3.0
2022-08-29,10.0.0,95.6,16.0,98.1,94.7,4,1.2,9.14,5.29,92.3,3.2,7.79,86.3,90.4,73.9,7.91,5.1,14.6,7.5,8.3,1.7
2022-09-11,11.0.0,84.9,7.1,95.4,81.5,8,0.9,8.49,7.88,91.0,0.8,6.27,62.9,94.0,88.9,8.22,0.8,40.0,2.8,14.4,2.2
2022-09-15,11.0.1,93.0,6.5,100.0,95.5,10,2.5,8.73,9.97,99.5,0.2,6.48,69.9,92.0,84.1,9.71,5.6,18.5,4.9,15.3,3.5
2022-09-24,11.1.0,96.6,12.8,100.0,100.0,7,3.6,8.83,7.58,100.0,0.8,6.24,58.2,89.5,95.7,8.16,2.9,24.8,3.5,28.0,2.2
2022-10-09,11.2.0,100.0,26.0,100.0,94.7,4,2.1,8.71,8.4,100.0,0.9,5.44,86.6,96.4,100.0,8.76,5.2,41.8,1.3,39.1,4.3
2022-10-15,11.2.1,100.0,11.9,100.0,100.0,4,4.0,8.89,7.17,100.0,3.2,5.13,65.9,97.2,99.3,10.0,0.7,38.6,0.6,31.3,2.0
2022-10-24,11.3.0,100.0,8.1,100.0,90.7,8,6.8,8.04,6.58,99.4,5.3,6.79,89.8,95.1,79.8,10.0,0.5,33.1,0.6,36.4,4.4
2022-11-08,11.4.0,99.5,3.0,100.0,100.0,10,8.3,6.86,8.52,100.0,6.0,5.84,84.9,100.0,64.7,9.19,3.2,28.5,2.7,24.0,5.5
2022-11-19,11.5.0,96.7,6.9,100.0,100.0,11,8.0,5.49,8.08,100.0,6.7,8.48,67.2,94.8,99.0,8.59,8.4,24.5,3.6,21.9,3.8
2022-11-30,11.6.0,100.0,4.7,100.0,96.8,9,9.8,8.11,9.89,100.0,18.4,7.44,62.5,87.5,93.1,8.95,6.8,16.6,3.9,12.1,2.5
2022-12-16,12.0.0,93.6,5.6,93.9,89.8,8,2.5,7.35,8.05,96.9,6.4,8.94,53.1,85.8,67.0,8.06,20.8,16.0,8.1,23.4,3.7
2022-12-24,12.1.0,90.7,4.9,100.0,86.0,9,2.0,7.23,9.51,97.1,6.9,8.3,50.2,95.0,98.1,7.85,9.8,36.8,2.8,34.4,5.2
2023-01-08,12.2.0,87.1,9.1,100.0,79.2,10,1.2,8.06,9.03,88.2,17.2,8.3,69.7,94.7,96.2,7.0,8.6,25.6,3.1,16.5,10.2
2023-01-15,12.3.0,86.2,4.0,100.0,83.5,7,2.3,8.97,9.65,87.7,25.5,6.67,54.9,100.0,100.0,8.24,17.6,16.5,3.9,15.4,10.9
2023-01-18,12.3.1,98.7,1.7,100.0,88.3,10,1.6,8.96,8.32,82.5,3.1,9.24,35.3,100.0,100.0,8.45,5.8,14.7,2.6,8.8,13.3
2023-01-31,13.0.0,90.5,18.7,94.4,91.7,13,2.1,7.31,7.44,85.0,4.6,9.28,52.0,95.2,92.0,7.31,5.5,34.9,3.1,9.8,24.0
2023-02-14,14.0.0,95.2,7.2,99.2,98.4,13,4.9,8.7,7.39,89.9,13.5,9.03,36.8,91.0,94.2,7.78,4.1,45.3,1.4,6.2,11.1
2023-02-22,14.1.0,98.7,5.6,100.0,97.3,7,2.8,10.0,7.06,99.1,8.9,7.51,50.8,99.7,100.0,9.94,8.4,39.4,4.8,20.1,6.9
2023-03-01,14.2.0,98.6,20.5,100.0,96.9,8,3.6,9.91,8.56,88.4,4.3,8.3,51.9,100.0,100.0,9.08,9.4,25.9,3.4,26.6,7.1
2023-03-07,14.2.1,100.0,49.7,100.0,100.0,9,2.6,10.0,9.34,81.1,5.1,6.8,51.6,100.0,100.0,7.37,3.1,32.2,8.0,26.5,2.6
2023-03-22,14.3.0,100.0,13.9,100.0,100.0,9,2.8,10.0,9.46,100.0,2.1,8.99,85.9,100.0,93.5,6.31,2.9,18.1,5.4,59.4,2.0
2023-03-25,14.3.1,100.0,11.7,100.0,97.7,10,2.7,10.0,10.0,99.1,3.5,10.0,83.8,100.0,97.9,6.81,2.3,17.2,8.2,21.9,1.7
2023-04-03,14.4.0,96.1,17.5,100.0,97.2,10,3.6,10.0,10.0,99.2,5.5,9.34,86.3,99.7,100.0,5.32,1.9,34.6,4.6,48.5,4.0
2023-04-14,14.5.0,96.5,43.9,100.0,100.0,13,6.5,10.0,8.99,86.7,9.7,6.79,62.0,91.8,100.0,6.69,5.0,53.9,3.8,25.6,3.5
2023-04-21,14.5.1,94.7,13.5,100.0,94.6,12,11.0,10.0,8.98,100.0,10.0,6.42,63.4,94.6,98.0,6.09,7.5,17.6,2.5,24.5,3.8
2023-05-10,15.0.0,83.8,15.3,94.8,75.3,12,6.6,7.63,6.91,89.5,5.2,7.69,70.0,86.5,97.7,5.82,15.9,12.4,3.4,14.8,6.6
2023-05-30,16.0.0,90.6,23.0,93.7,79.4,7,6.7,8.44,7.15,92.9,11.1,9.36,57.2,88.2,95.3,5.66,32.6,17.4,4.3,19.0,8.4
2023-06-16,17.0.0,88.7,31.5,96.6,87.9,7,2.4,7.33,6.64,100.0,25.9,9.31,76.7,94.6,97.2,6.86,7.8,45.8,2.4,32.6,5.2
2023-06-21,17.0.1,99.3,16.8,100.0,100.0,5,2.3,7.12,9.35,100.0,3.1,7.72,67.4,100.0,99.7,9.68,4.4,13.6,3.1,21.1,2.4
2023-06-29,17.1.0,100.0,14.4,100.0,99.3,4,4.4,9.0,9.25,100.0,9.5,8.57,69.1,99.4,95.1,9.0,14.8,20.5,2.1,48.9,5.5
2023-07-13,17.2.0,100.0,6.3,100.0,90.0,9,6.9,9.82,8.7,100.0,2.5,9.46,68.0,100.0,91.1,9.39,3.8,9.7,6.4,28.9,6.4
2023-07-27,17.3.0,100.0,7.3,100.0,96.9,11,4.7,10.0,9.71,96.1,7.5,7.54,75.4,100.0,88.6,8.37,9.0,9.3,4.6,21.7,2.0
2023-08-03,17.4.0,100.0,8.3,100.0,96.1,11,7.2,8.71,7.13,100.0,4.7,7.94,71.0,100.0,84.3,8.33,5.9,12.5,8.2,10.4,2.2
2023-08-09,17.4.1,98.9,14.7,100.0,100.0,10,5.8,7.67,5.38,100.0,11.1,8.7,72.9,100.0,64.0,8.64,3.3,13.3,4.8,19.4,3.3
2023-08-16,17.5.0,98.0,9.1,100.0,92.6,12,8.2,7.52,7.97,94.6,20.7,8.01,73.5,99.7,70.1,8.59,3.6,12.7,4.6,15.5,5.4
2023-08-29,17.6.0,91.1,18.7,100.0,93.8,9,5.4,8.12,8.1,100.0,11.7,6.23,67.4,95.1,94.6,7.79,10.2,16.0,2.4,8.0,9.9
2023-09-12,17.7.0,85.8,36.8,100.0,96.8,11,3.0,8.53,8.71,100.0,23.7,6.84,81.0,89.7,90.2,7.76,9.4,14.5,2.3,7.5,6.2
2023-09-20,17.8.0,82.2,27.2,100.0,100.0,7,3.4,9.65,6.86,100.0,3.9,7.43,87.4,92.2,100.0,5.93,27.1,7.8,3.4,29.9,6.8
2023-09-30,17.9.0,84.5,35.1,100.0,99.6,9,1.2,8.62,7.45,100.0,12.7,7.73,82.5,98.2,100.0,7.23,12.8,21.7,6.9,20.1,5.4
2023-10-12,18.0.0,90.0,22.0,97.1,82.8,9,2.8,7.99,8.99,95.8,13.8,6.55,70.4,93.6,96.8,7.94,14.6,37.8,6.0,8.8,2.5
2023-10-29,19.0.0,83.2,19.5,99.2,91.6,6,0.9,6.94,9.41,95.7,22.3,6.8,84.3,98.8,94.6,7.45,34.1,59.4,8.5,6.7,2.5
2023-11-05,19.0.1,93.2,10.9,100.0,94.9,6,0.3,8.58,9.3,100.0,4.6,7.98,82.9,100.0,100.0,10.0,8.6,14.6,8.1,11.6,2.7
2023-11-12,19.1.0,100.0,16.3,100.0,100.0,7,2.2,8.56,8.22,100.0,1.6,8.66,78.5,97.9,100.0,8.28,2.4,20.9,10.9,24.1,3.2
2023-11-16,19.1.1,99.7,15.0,100.0,93.5,9,3.3,7.94,7.7,97.7,2.2,8.38,83.2,100.0,100.0,9.3,8.1,32.0,6.9,24.6,1.3
2023-12-01,19.2.0,100.0,42.9,100.0,100.0,9,1.3,7.92,6.11,100.0,2.5,7.77,100.0,100.0,100.0,9.22,2.6,15.4,11.4,32.3,1.6
2023-12-05,19.2.1,98.2,65.5,100.0,95.7,9,0.9,8.14,7.4,100.0,6.0,8.5,72.6,98.4,100.0,8.54,4.5,16.8,4.8,13.8,2.4
2023-12-13,19.3.0,97.5,48.7,100.0,82.1,10,3.2,7.9,8.88,100.0,17.6,6.36,89.6,90.4,100.0,8.08,4.0,18.3,2.6,19.9,2.4
2023-12-18,19.3.1,94.6,16.7,100.0,100.0,8,1.9,9.87,7.29,97.2,1.8,8.39,64.8,88.9,98.8,9.08,4.4,41.1,1.6,8.4,2.4
2023-12-29,19.4.0,93.8,7.3,100.0,100.0,7,4.9,8.71,6.79,88.6,8.7,8.32,77.1,99.7,99.3,9.69,2.7,115.8,6.1,9.4,4.1
2024-01-10,19.5.0,100.0,19.8,100.0,100.0,4,3.4,8.22,6.09,86.4,4.3,8.36,98.1,99.0,100.0,10.0,1.5,17.6,7.0,6.2,1.7
2024-01-24,20.0.0,88.2,25.0,99.3,96.4,7,4.0,6.14,5.3,74.6,5.0,8.93,94.0,90.5,92.3,8.81,5.7,49.8,4.3,4.4,0.9
2024-01-31,20.0.1,99.8,30.2,100.0,100.0,5,7.3,6.63,7.31,94.0,0.9,7.36,95.4,99.9,100.0,10.0,3.6,16.9,7.2,19.5,1.3
2024-02-11,20.1.0,100.0,8.3,100.0,100.0,3,4.8,7.03,5.24,100.0,4.4,5.54,80.6,100.0,100.0,8.58,1.8,36.0,7.5,34.1,3.6
2024-02-20,20.2.0,98.3,20.3,100.0,100.0,6,2.0,6.84,7.71,100.0,0.5,7.68,81.6,99.2,100.0,9.93,1.0,59.1,11.2,46.2,6.7
2024-03-06,20.3.0,89.8,27.1,100.0,100.0,6,2.3,9.11,9.14,95.2,1.4,8.2,78.8,95.0,100.0,9.46,0.1,16.8,3.2,20.8,9.1
2024-03-21,20.4.0,96.5,10.2,100.0,100.0,3,2.4,8.57,8.17,96.1,0.4,8.56,69.9,97.0,87.6,10.0,2.6,24.5,2.6,38.0,2.5
2024-04-01,20.5.0,93.5,8.8,100.0,100.0,3,0.9,9.78,6.35,97.4,1.9,7.93,72.4,100.0,99.1,10.0,5.1,22.7,2.4,10.7,2.5
2024-04-04,20.5.1,100.0,13.6,100.0,100.0,6,1.4,9.08,5.59,100.0,1.0,9.16,80.9,100.0,87.1,10.0,2.9,31.1,1.1,23.5,3.6
2024-04-16,20.6.0,89.4,45.9,99.3,91.1,15,4.8,6.55,6.13,81.5,20.6,7.4,44.1,84.3,82.6,5.72,16.6,65.2,0.5,52.0,9.3
2024-04-21,20.6.1,100.0,22.5,100.0,96.1,12,4.6,7.71,5.48,93.7,8.5,8.99,51.6,100.0,94.4,7.34,7.9,79.6,2.0,36.5,7.2
2024-04-29,20.7.0,100.0,17.1,100.0,83.4,9,3.5,8.11,6.34,100.0,3.6,8.34,45.3,96.0,100.0,9.22,3.9,41.8,5.3,32.2,2.9
2024-05-11,20.8.0,94.0,13.8,100.0,100.0,5,2.4,10.0,5.92,100.0,2.5,6.38,74.3,93.1,96.2,9.59,9.7,23.6,10.0,11.4,2.7
2024-05-25,20.9.0,99.5,15.5,100.0,100.0,5,2.0,7.84,8.35,100.0,11.2,8.65,88.3,84.9,80.2,9.0,19.8,44.7,4.9,5.5,4.3
2024-06-01,20.10.0,100.0,35.2,100.0,98.4,8,2.6,6.65,7.45,99.5,16.2,9.7,89.6,100.0,95.2,9.39,17.2,44.1,3.1,6.7,5.7
2024-06-20,21.0.0,95.9,8.6,98.2,78.6,10,3.8,6.25,7.51,92.6,10.0,8.96,96.9,92.4,90.8,8.68,22.7,70.3,3.1,18.6,2.6
2024-06-28,21.1.0,100.0,9.6,100.0,89.6,10,2.0,7.89,8.82,100.0,6.2,8.18,92.1,100.0,91.2,10.0,14.2,22.3,5.3,33.4,2.1
2024-07-17,22.0.0,97.0,13.0,100.0,87.4,12,1.1,8.14,9.71,90.2,1.0,8.52,87.4,99.1,91.9,9.56,18.8,12.2,3.0,10.3,0.8
2024-07-27,22.1.0,100.0,16.4,100.0,96.2,8,3.3,9.43,8.84,100.0,5.3,9.96,95.0,100.0,100.0,10.0,34.7,11.3,2.5,6.0,0.9
2024-08-03,22.2.0,100.0,12.9,100.0,96.5,5,2.2,8.4,9.06,98.9,0.7,10.0,85.7,98.8,100.0,10.0,9.7,10.8,5.4,4.6,1.1
2024-08-25,23.0.0,87.8,5.5,97.6,94.3,4,0.9,8.6,6.35,98.7,4.1,7.87,72.6,90.0,98.5,10.0,2.3,26.9,5.3,7.7,0.7
2024-09-06,24.0.0,86.9,14.2,99.6,97.5,8,2.8,9.28,8.45,95.4,8.0,7.88,93.3,83.9,98.4,8.31,8.1,46.9,2.2,4.4,2.0
2024-09-18,24.1.0,86.6,54.8,100.0,83.1,10,5.9,8.1,5.94,89.5,27.7,7.72,64.5,80.3,94.1,7.08,19.8,51.5,0.5,26.5,5.8
2024-09-26,24.2.0,85.9,17.0,100.0,96.6,8,2.2,9.44,6.69,95.0,8.7,8.19,64.6,79.5,97.1,9.43,14.7,80.0,3.4,14.4,2.3
2024-10-03,24.2.1,100.0,23.7,100.0,100.0,8,2.7,9.67,7.62,95.6,7.5,7.38,82.3,86.1,87.4,9.04,18.6,117.5,4.7,12.4,2.9
2024-10-16,24.3.0,100.0,15.1,100.0,100.0,5,4.0,8.33,6.42,91.0,16.8,8.72,87.9,82.6,93.3,9.99,4.7,49.2,2.7,5.3,1.8
2024-10-30,24.4.0,91.6,15.8,100.0,100.0,5,3.7,9.25,7.65,94.9,22.8,9.37,69.4,98.1,100.0,9.73,0.9,19.9,2.9,7.2,3.2
2024-11-09,24.5.0,87.1,6.9,100.0,100.0,7,5.0,9.26,9.35,90.6,5.4,9.16,91.6,99.6,89.7,8.52,3.5,50.3,3.5,24.0,1.4
2024-11-25,25.0.0,91.6,8.2,100.0,98.6,6,2.0,8.3,8.21,93.1,5.5,8.51,77.9,94.6,87.9,8.61,0.5,32.4,4.6,9.4,2.3
2024-12-01,25.0.1,100.0,19.4,100.0,97.3,7,2.6,10.0,7.26,94.8,5.7,8.58,71.4,100.0,89.3,10.0,3.6,28.4,2.4,10.3,2.0
2024-12-15,25.1.0,100.0,24.9,100.0,100.0,7,2.1,8.12,7.44,100.0,7.2,10.0,92.2,100.0,100.0,10.0,11.8,21.4,1.7,26.3,3.6
2024-12-22,25.1.1,100.0,51.9,100.0,100.0,3,1.6,6.79,8.92,100.0,0.9,8.4,100.0,100.0,100.0,9.07,2.7,11.8,3.3,11.9,3.6
2025-01-02,26.0.0,100.0,63.9,98.4,100.0,6,3.7,5.23,6.12,90.9,4.1,7.22,68.8,100.0,99.6,7.68,1.2,7.5,2.8,11.3,3.3
2025-01-14,26.1.0,100.0,53.8,100.0,100.0,8,7.2,7.07,5.86,97.6,0.5,8.08,99.3,100.0,100.0,10.0,0.4,18.8,4.8,26.9,1.3
2025-01-21,26.2.0,92.0,115.1,100.0,100.0,6,9.2,7.38,8.39,100.0,4.6,9.3,100.0,96.0,100.0,8.82,4.4,11.2,2.4,16.3,0.6
2025-01-25,26.2.1,100.0,52.5,100.0,100.0,2,12.6,6.57,8.91,100.0,6.5,7.31,92.2,93.1,100.0,7.56,2.3,35.3,3.9,34.2,0.8
2025-02-08,26.3.0,94.1,55.9,100.0,100.0,1,4.0,5.87,9.15,100.0,7.0,5.9,100.0,82.3,91.4,9.61,11.0,14.5,6.6,28.2,1.8
2025-02-17,26.4.0,94.8,20.9,100.0,100.0,5,4.0,5.49,10.0,100.0,1.5,5.08,98.4,92.7,70.2,9.77,18.9,8.0,6.6,16.0,1.3
2025-03-03,26.5.0,93.6,18.4,100.0,99.3,7,5.5,8.84,10.0,91.9,8.5,7.09,88.5,94.2,89.6,9.21,16.2,18.8,6.4,19.1,3.5
2025-03-14,26.6.0,98.1,10.5,100.0,100.0,6,4.5,10.0,10.0,99.9,8.3,6.29,75.4,94.0,99.3,9.01,8.8,42.9,4.3,19.1,2.5
2025-03-23,26.7.0,100.0,21.6,100.0,100.0,9,3.9,8.68,10.0,100.0,4.7,6.8,89.6,100.0,100.0,9.52,18.0,31.9,2.3,40.2,1.4
2025-04-02,26.8.0,100.0,7.7,100.0,100.0,5,5.7,8.28,9.31,100.0,2.9,8.86,94.2,100.0,100.0,8.72,4.0,37.7,2.8,16.8,1.7
2025-04-19,27.0.0,87.2,41.5,97.2,78.8,10,6.1,5.06,5.28,91.0,8.0,5.39,62.5,92.7,87.6,7.51,17.4,38.6,3.0,38.8,6.7
2025-04-25,27.0.1,92.8,24.8,100.0,98.0,10,2.9,4.84,8.33,100.0,3.3,7.95,68.2,97.9,96.5,9.94,6.6,19.8,3.0,22.8,5.1
2025-05-07,27.1.0,87.2,42.0,100.0,91.1,7,2.0,6.96,8.8,100.0,2.2,8.03,77.7,91.6,95.1,9.26,10.4,11.6,2.0,27.0,7.4
2025-05-29,28.0.0,86.3,47.0,97.5,91.3,7,3.3,6.26,7.17,90.1,7.6,8.66,76.3,92.6,90.6,8.88,13.9,7.5,2.4,8.2,3.1
2025-06-12,28.1.0,88.6,113.8,100.0,85.7,9,5.3,6.43,5.39,74.8,11.3,7.95,47.2,92.6,94.9,7.14,22.6,36.5,0.7,47.9,6.5
2025-07-02,29.0.0,93.1,67.9,99.3,81.1,5,4.8,5.53,8.08,89.3,8.5,6.81,39.4,79.6,95.9,8.8,7.6,16.2,1.8,31.9,6.1
2025-07-08,29.0.1,100.0,15.0,100.0,81.7,6,5.2,6.49,9.35,93.8,5.2,7.85,79.0,90.1,100.0,8.33,9.8,7.9,4.1,11.3,4.3
2025-07-17,29.1.0,100.0,12.5,100.0,98.4,9,2.6,8.1,7.7,100.0,6.3,9.32,56.9,96.7,100.0,7.0,1.8,7.6,5.2,27.0,2.1
2025-07-22,29.1.1,100.0,5.7,100.0,92.3,11,4.0,8.69,9.65,100.0,9.1,9.64,76.4,95.2,94.3,8.41,7.1,6.5,6.9,59.6,1.0
2025-07-30,29.2.0,88.7,25.5,100.0,69.2,12,6.7,7.78,7.25,80.0,22.3,6.24,55.1,81.0,90.9,7.78,15.2,38.3,7.1,86.4,4.5
2025-08-03,29.2.1,90.3,27.3,100.0,100.0,12,2.6,7.15,7.68,87.0,7.0,8.39,91.3,90.5,85.4,9.55,7.2,32.2,9.1,120.0,1.9
2025-08-25,30.0.0,85.9,35.6,99.4,94.2,9,5.5,8.22,8.17,72.6,1.9,6.67,73.2,90.4,84.5,9.06,8.9,42.7,3.1,32.7,0.7
2025-08-30,30.0.1,100.0,13.3,100.0,100.0,11,2.5,8.1,7.17,92.2,0.7,9.48,94.6,100.0,97.4,9.36,6.2,42.7,2.5,8.0,0.6
2025-09-11,31.0.0,91.9,6.5,100.0,79.1,11,0.8,8.25,7.74,88.0,1.4,9.43,77.4,94.4,98.6,8.61,4.5,111.0,2.5,4.2,0.2
2025-09-29,32.0.0,96.0,10.3,98.5,85.7,12,0.5,8.3,9.7,77.0,2.1,9.2,78.4,98.7,94.6,7.46,14.7,38.7,2.0,14.4,2.6
2025-10-14,32.1.0,99.6,4.9,100.0,100.0,10,0.4,7.37,9.97,100.0,6.2,9.71,97.9,98.9,81.4,7.78,11.1,33.1,1.3,9.5,4.3
2025-10-28,32.2.0,100.0,4.3,100.0,100.0,14,1.4,7.6,8.86,100.0,1.6,8.9,83.5,100.0,99.3,9.15,3.3,35.3,1.8,5.5,1.8
2025-11-01,32.2.1,100.0,10.7,100.0,100.0,11,1.6,8.83,7.98,100.0,11.1,9.8,99.9,100.0,92.9,10.0,3.7,29.7,2.1,7.9,2.0
2025-11-12,32.3.0,100.0,22.8,100.0,100.0,8,1.5,9.34,7.66,92.6,2.9,8.76,75.8,100.0,99.3,8.28,12.6,19.4,1.9,16.0,0.8
2025-11-23,32.4.0,100.0,36.1,100.0,100.0,10,2.9,8.78,7.64,100.0,4.3,9.14,85.1,100.0,98.6,9.36,3.4,15.9,2.3,6.1,1.2
