Date,Release Number,Build Success Rate (%),Build Time (Minutes),Deployment Success Rate (%),Deployment Time (Minutes),Build Failure Recovery Time (Minutes),Deployment Frequency (Per Week),Build Automation Coverage (%),Infrastructure as Code Coverage (%),Build Reproducibility Score (1-10),Container Build Success Rate (%),Artifact Storage Efficiency Score (1-10),Build Cache Hit Ratio (%),Parallel Build Efficiency (%),Build Security Scan Pass Rate (%),Deployment Rollback Rate (%),Environment Promotion Success Rate (%),Build Artifact Size (MB),Configuration Drift Detection Rate (%),CI/CD Pipeline Reliability Score (1-10),Build Cost Optimization Score (1-10)
2022-01-15,MVP-1.0.0,84.7,18.6,81.3,12.4,47.8,2.3,76.9,72.1,6.8,79.2,6.5,68.4,71.8,82.6,15.7,83.9,248.7,73.2,6.9,6.4
2022-01-29,MVP-1.1.0,91.2,14.3,89.6,9.8,32.1,3.7,86.4,84.7,7.9,87.8,7.6,79.3,82.5,89.4,8.4,91.2,194.3,85.9,7.8,7.5
2022-02-12,MVP-1.2.0,78.4,24.7,75.8,17.9,63.2,1.8,69.3,65.8,5.9,71.6,5.7,58.7,62.4,74.1,21.6,76.3,312.8,64.7,5.8,5.6
2022-02-26,MVP-1.3.0,93.8,12.1,91.4,8.2,27.6,4.2,89.7,87.3,8.4,91.5,8.1,84.6,87.9,92.8,6.2,94.1,176.5,89.2,8.3,8.0
2022-03-12,MVP-1.4.0,82.9,20.4,79.7,14.7,52.3,2.6,73.8,70.2,6.4,75.9,6.2,63.1,67.3,79.6,17.1,81.4,276.4,69.8,6.3,6.1
2022-03-26,MVP-1.5.0,95.6,10.8,93.2,7.1,23.4,4.9,92.4,90.1,8.8,94.3,8.5,88.7,91.2,95.1,4.4,96.7,158.2,92.6,8.7,8.4
2022-04-09,MVP-1.6.0,76.1,28.9,73.4,21.6,71.4,1.4,66.2,62.7,5.5,68.9,5.2,54.3,58.1,71.8,25.9,73.7,347.6,61.4,5.4,5.1
2022-04-23,MVP-1.7.0,87.3,16.7,84.9,11.3,41.8,3.1,81.6,78.4,7.2,83.7,7.0,74.9,78.1,86.2,11.7,87.6,223.9,77.3,7.1,6.8
2022-05-07,MVP-1.8.0,90.7,13.9,88.1,9.6,34.2,3.8,85.2,82.6,7.7,86.4,7.4,78.2,81.7,88.9,9.3,90.5,201.7,83.1,7.6,7.3
2022-05-21,MVP-1.9.0,80.6,22.1,77.9,16.2,58.7,2.2,71.4,67.9,6.1,73.8,5.9,61.5,65.2,77.3,19.4,79.8,295.1,67.6,6.0,5.8
2022-06-04,MVP-1.10.0,89.4,15.8,86.7,10.9,38.6,3.4,83.9,80.8,7.4,85.1,7.1,76.8,80.3,87.6,10.6,89.2,217.8,81.4,7.3,7.0
2022-06-18,Platform-2.0.0,96.8,9.7,94.5,6.4,20.1,5.3,94.7,92.8,9.1,96.2,8.8,91.4,94.3,96.9,3.2,97.8,142.6,95.1,8.9,8.6
2022-07-02,Platform-2.1.0,83.7,19.6,81.2,13.8,49.7,2.7,75.1,71.6,6.6,77.4,6.3,66.2,70.1,81.9,16.3,83.8,261.3,72.9,6.5,6.2
2022-07-16,Platform-2.2.0,92.1,13.4,90.3,8.9,30.8,4.0,87.8,85.1,8.1,89.6,7.8,82.7,85.4,91.3,7.9,92.9,186.4,86.7,7.9,7.6
2022-07-30,Platform-2.3.0,78.9,25.3,76.1,18.4,65.9,1.9,68.7,64.2,5.7,70.8,5.4,57.1,60.9,73.6,22.4,75.9,324.7,63.8,5.6,5.3
2022-08-13,Platform-2.4.0,88.6,16.2,85.8,11.7,42.3,3.2,82.3,79.1,7.3,84.5,6.9,75.4,79.6,86.7,12.1,88.4,231.5,79.8,7.2,6.9
2022-08-27,Platform-2.5.0,97.4,8.9,95.1,5.8,18.7,5.6,95.8,94.2,9.3,97.6,9.0,93.1,95.7,97.8,2.6,98.4,129.1,96.3,9.1,8.8
2022-09-10,Platform-2.6.0,81.2,21.8,78.6,15.1,56.4,2.4,72.7,68.5,6.2,74.9,6.0,64.3,68.7,80.1,18.8,82.3,286.9,70.4,6.1,5.9
2022-09-24,Platform-2.7.0,91.8,14.6,89.7,10.2,33.7,3.9,86.5,83.9,7.8,88.3,7.5,80.1,83.8,90.4,8.6,91.7,198.2,84.6,7.7,7.4
2022-10-08,Platform-2.8.0,85.3,18.1,82.9,12.6,45.9,2.9,78.6,75.7,6.9,80.7,6.6,71.8,75.4,84.2,14.7,86.1,245.8,76.3,6.8,6.5
2022-10-22,Platform-2.9.0,94.2,11.7,92.6,7.8,26.3,4.5,90.3,88.4,8.6,92.1,8.3,86.9,89.2,93.7,5.8,95.3,167.9,89.8,8.4,8.1
2022-11-05,Platform-2.10.0,77.6,26.7,74.3,19.8,69.1,1.6,65.9,61.4,5.3,67.2,4.9,53.6,57.3,70.9,24.7,73.1,359.4,60.7,5.2,4.9
2022-11-19,Enterprise-3.0.0,98.1,8.2,96.3,5.1,16.4,5.9,96.9,95.6,9.5,98.4,9.2,94.8,96.9,98.6,2.1,99.1,118.7,97.2,9.3,9.0
2022-12-03,Enterprise-3.1.0,86.4,17.3,84.1,12.0,43.6,3.0,79.7,76.8,7.0,81.9,6.7,73.2,76.9,85.4,13.6,87.2,239.6,78.1,6.9,6.6
2022-12-17,Enterprise-3.2.0,93.7,12.8,91.9,8.5,29.1,4.3,89.1,86.7,8.3,91.0,8.0,84.3,87.1,92.8,6.9,94.6,179.3,87.4,8.1,7.8
2022-12-31,Enterprise-3.3.0,89.8,15.4,87.3,10.6,37.9,3.5,84.5,81.2,7.5,86.7,7.2,77.6,81.4,89.1,10.2,90.8,208.4,82.7,7.4,7.1
2023-01-14,Enterprise-3.4.0,82.4,20.9,79.8,14.3,53.7,2.5,74.3,71.0,6.3,76.2,6.1,65.9,69.8,81.7,17.6,83.5,269.7,73.6,6.2,5.9
2023-01-28,Enterprise-3.5.0,97.9,8.5,95.8,5.6,17.2,5.7,96.1,94.9,9.4,97.8,9.1,93.6,95.4,98.2,2.4,98.7,123.5,96.8,9.2,8.9
2023-02-11,Enterprise-3.6.0,87.1,16.8,84.6,11.4,41.2,3.1,80.9,77.5,7.1,83.2,6.8,74.7,78.2,86.3,12.9,88.0,233.1,79.4,7.0,6.7
2023-02-25,Enterprise-3.7.0,92.4,13.7,90.5,9.1,31.5,4.1,88.3,85.6,8.0,90.2,7.7,82.1,85.9,91.6,7.6,93.4,189.7,86.1,7.9,7.6
2023-03-11,Smart-4.0.0,98.6,7.3,97.1,4.7,14.8,6.2,97.8,96.4,9.7,99.1,9.4,95.9,97.8,99.2,1.7,99.4,105.2,98.1,9.5,9.2
2023-03-25,Smart-4.1.0,88.7,15.9,86.2,10.8,39.4,3.3,82.1,79.2,7.3,84.6,7.0,76.3,79.7,87.8,11.8,89.3,225.8,81.0,7.2,6.9
2023-04-08,Smart-4.2.0,94.8,11.2,92.7,7.4,25.9,4.7,91.4,89.1,8.7,93.3,8.4,87.6,90.8,94.5,5.2,95.9,162.1,90.7,8.6,8.3
2023-04-22,Smart-4.3.0,79.3,24.1,76.7,17.6,61.8,2.0,70.5,66.9,5.8,72.4,5.6,59.2,63.1,76.9,20.7,78.6,301.5,67.2,5.7,5.4
2023-05-06,Smart-4.4.0,90.5,14.1,88.0,9.4,35.8,3.6,85.7,82.4,7.6,87.1,7.3,79.4,82.9,89.3,9.5,91.1,203.4,83.8,7.5,7.2
2023-05-20,Smart-4.5.0,96.2,9.8,94.1,6.2,21.7,5.1,93.6,91.8,8.9,95.7,8.6,90.2,93.1,96.4,3.8,97.2,147.9,93.4,8.7,8.4
2023-06-03,Smart-4.6.0,83.6,19.3,81.4,13.2,48.1,2.8,76.8,73.3,6.5,78.9,6.4,68.7,72.6,83.5,15.9,85.2,254.6,74.8,6.4,6.1
2023-06-17,Smart-4.7.0,91.9,13.5,89.8,8.9,32.4,4.0,87.2,84.8,7.9,89.0,7.6,81.5,84.7,91.0,8.1,92.6,194.7,85.3,7.8,7.5
2023-07-01,Adaptive-5.0.0,99.1,6.7,97.8,4.1,13.2,6.5,98.4,97.1,9.8,99.6,9.6,96.8,98.5,99.7,1.3,99.7,96.8,98.9,9.7,9.4
2023-07-15,Adaptive-5.1.0,89.2,15.3,86.9,10.2,37.6,3.4,83.4,80.1,7.4,85.8,7.1,77.9,81.3,88.7,11.1,90.1,219.2,82.7,7.3,7.0
2023-07-29,Adaptive-5.2.0,95.3,10.6,93.4,6.8,23.5,4.8,92.7,90.6,8.8,94.8,8.5,88.9,92.4,95.7,4.7,96.8,155.3,91.9,8.7,8.4
2023-08-12,Adaptive-5.3.0,81.0,22.4,78.2,15.8,57.9,2.3,73.1,69.7,6.0,75.3,5.8,62.8,66.5,79.4,19.0,81.7,288.3,71.6,5.9,5.6
2023-08-26,Adaptive-5.4.0,92.6,13.1,90.1,8.7,31.0,4.1,88.9,86.3,8.1,90.7,7.8,83.4,86.5,92.3,7.4,93.8,187.6,87.0,8.0,7.7
2023-09-09,Adaptive-5.5.0,96.7,9.2,94.9,5.9,20.3,5.3,94.1,92.5,9.0,96.4,8.7,91.7,94.2,97.1,3.3,97.6,141.7,94.8,8.8,8.5
2023-09-23,Adaptive-5.6.0,84.8,18.7,82.3,12.8,46.3,2.9,78.2,74.9,6.7,80.5,6.5,70.4,74.8,84.9,14.5,86.7,247.9,76.5,6.6,6.3
2023-10-07,Adaptive-5.7.0,93.1,12.4,91.2,8.1,28.7,4.4,89.6,87.4,8.4,91.5,8.1,85.2,88.1,93.4,6.6,94.9,172.8,88.7,8.2,7.9
2023-10-21,Cognitive-6.0.0,99.4,6.1,98.2,3.7,11.9,6.8,99.1,97.9,9.9,99.8,9.7,97.6,99.1,99.9,1.0,99.9,88.4,99.2,9.8,9.5
2023-11-04,Cognitive-6.1.0,90.4,14.7,87.8,9.6,36.1,3.5,84.7,81.8,7.5,87.0,7.2,79.1,82.7,89.6,10.4,91.3,210.5,84.3,7.4,7.1
2023-11-18,Cognitive-6.2.0,95.8,10.1,93.9,6.5,22.1,5.0,93.2,91.3,8.9,95.6,8.6,90.4,93.7,96.2,4.2,97.1,149.6,92.8,8.7,8.4
2023-12-02,Cognitive-6.3.0,82.7,21.0,80.1,14.7,54.2,2.4,75.6,72.0,6.2,77.8,6.0,64.9,69.1,81.3,17.3,83.4,275.1,73.2,6.1,5.8
2023-12-16,Cognitive-6.4.0,93.5,12.7,91.6,8.3,29.8,4.2,89.3,86.9,8.2,91.8,7.9,84.7,87.4,93.1,6.9,94.2,181.9,87.6,8.1,7.8
2023-12-30,Future-7.0.0,99.7,5.4,98.9,3.2,10.1,7.1,99.6,98.7,10.0,99.9,9.8,98.4,99.6,99.9,0.7,99.9,79.6,99.6,9.9,9.6
2024-01-13,Future-7.1.0,91.1,14.2,88.5,9.1,34.7,3.7,85.9,83.4,7.7,88.3,7.4,80.6,83.9,90.8,9.8,92.0,201.8,85.7,7.6,7.3
2024-01-27,Future-7.2.0,96.4,9.5,94.6,6.1,21.0,5.2,93.8,92.0,8.9,95.9,8.7,91.3,93.9,96.7,3.6,97.4,144.2,93.1,8.8,8.5
2024-02-10,Future-7.3.0,84.2,19.8,81.7,13.5,50.4,2.6,77.4,74.1,6.4,79.6,6.3,69.8,73.9,84.0,16.8,85.8,263.7,75.9,6.3,6.0
2024-02-24,Future-7.4.0,92.8,13.0,90.7,8.6,30.2,4.3,88.7,86.1,8.2,90.4,7.9,83.9,86.8,92.5,7.2,94.1,178.4,87.3,8.1,7.8
2024-03-09,Future-7.5.0,97.1,8.8,95.3,5.7,19.6,5.4,94.6,92.9,9.1,96.8,8.8,92.4,94.8,97.4,3.1,98.0,136.5,94.7,8.9,8.6
2024-03-23,Future-7.6.0,86.9,17.1,84.4,11.9,44.8,3.0,80.1,76.7,6.8,82.3,6.6,72.6,76.4,86.5,13.1,88.2,238.1,78.4,6.7,6.4
2024-04-06,Future-7.7.0,94.6,11.5,92.3,7.7,26.4,4.6,91.0,88.8,8.6,93.1,8.3,87.2,90.3,94.2,5.4,95.7,164.9,90.4,8.5,8.2
2024-04-20,Future-7.8.0,98.3,7.9,96.7,4.9,17.3,5.8,95.7,94.1,9.3,97.9,9.0,93.8,96.2,98.1,2.7,98.6,125.7,96.4,9.1,8.8
2024-05-04,Future-7.9.0,88.1,16.4,85.6,11.2,40.1,3.2,82.6,79.4,7.2,84.9,6.9,76.8,80.6,88.2,12.4,90.0,221.3,81.3,7.1,6.8
2024-05-18,Future-7.10.0,95.0,10.9,92.8,7.2,24.8,4.9,92.3,90.2,8.7,94.5,8.4,89.1,92.0,95.4,4.6,96.5,159.6,92.0,8.6,8.3
2024-06-01,Transcendent-8.0.0,99.9,4.8,99.4,2.6,8.7,7.4,99.9,99.2,10.0,99.9,9.9,99.1,99.8,99.9,0.4,99.9,71.2,99.8,10.0,9.7
2024-06-15,8.1.0,82.1,20.4,79.7,14.6,51.3,2.1,74.3,70.9,6.4,76.8,6.1,65.2,68.7,80.4,17.9,81.6,267.4,70.1,6.5,6.2
2024-06-29,8.2.0,89.6,15.7,87.2,10.8,35.7,3.4,83.8,81.2,7.6,86.1,7.3,76.4,79.1,87.9,10.4,88.7,202.1,82.6,7.4,7.1
2024-07-13,8.3.0,76.8,25.9,74.1,18.7,66.8,1.6,67.2,63.4,5.6,69.3,5.4,56.1,59.8,72.6,23.2,74.8,331.6,62.9,5.7,5.3
2024-07-27,8.4.0,92.4,13.2,90.1,8.9,29.3,4.0,88.1,85.9,8.1,89.7,7.8,82.7,85.4,91.3,7.6,92.9,183.2,87.1,8.0,7.7
2024-08-10,8.5.0,87.3,17.8,84.9,12.4,42.6,2.9,80.5,77.1,7.0,82.4,6.7,73.2,76.3,85.8,13.1,86.5,234.9,78.4,6.9,6.6
2024-08-24,8.6.0,94.1,11.9,91.8,8.1,27.0,4.3,90.4,88.1,8.4,92.6,8.1,85.9,88.7,93.5,6.2,94.3,168.7,89.6,8.3,8.0
2024-09-07,8.7.0,79.7,23.1,77.2,16.4,58.4,1.9,70.8,67.0,6.1,73.1,5.8,62.3,65.2,76.9,20.3,78.4,298.5,66.3,6.0,5.7
2024-09-21,8.8.0,90.8,14.6,88.5,10.2,33.8,3.6,85.7,83.0,7.7,87.9,7.4,79.1,81.8,89.1,9.2,90.4,197.8,84.2,7.6,7.3
2024-10-05,8.9.0,96.3,10.3,94.1,6.8,23.1,5.1,93.8,91.7,8.9,95.9,8.6,90.4,93.5,96.8,4.2,97.1,153.2,93.3,8.8,8.5
2024-10-19,8.10.0,85.9,19.2,83.4,13.7,45.9,2.6,78.2,74.6,6.7,80.6,6.4,70.7,73.9,83.7,14.6,85.2,245.1,75.8,6.6,6.3
2024-11-02,8.11.0,92.7,12.8,90.4,8.6,28.7,4.1,87.9,85.6,8.2,90.3,7.9,83.5,86.1,92.0,7.3,93.6,178.9,88.4,8.1,7.8
2024-11-16,8.12.0,78.6,24.3,75.9,17.1,62.1,1.7,68.5,64.8,5.8,70.7,5.6,57.9,61.6,73.4,22.4,75.6,316.2,64.0,5.8,5.5
2024-11-30,9.0.0,97.8,8.7,95.6,5.4,19.6,5.6,95.2,93.4,9.1,97.3,8.8,92.1,95.4,97.9,3.1,98.2,131.4,95.7,8.9,8.6
2024-12-14,9.1.0,88.7,16.1,86.3,11.6,38.4,3.1,81.9,78.5,7.3,84.2,7.0,75.6,78.4,87.1,11.7,88.9,218.6,80.7,7.2,6.9
2024-12-28,9.2.0,93.5,12.4,91.2,8.3,28.1,4.2,89.0,86.7,8.3,91.8,8.0,84.2,87.0,92.7,6.8,94.0,174.3,88.8,8.2,7.9
2025-01-11,9.3.0,86.4,18.5,84.0,12.9,43.7,2.8,79.7,76.3,6.9,81.9,6.6,72.8,75.7,85.2,13.6,86.8,238.2,77.9,6.8,6.5
2025-01-25,9.4.0,81.3,22.6,78.8,15.8,55.2,2.0,72.1,68.3,6.2,74.4,5.9,63.7,66.8,78.1,19.2,80.1,289.7,67.6,6.1,5.8
2025-02-08,9.5.0,95.7,10.6,93.5,7.1,24.4,4.8,92.6,90.4,8.7,94.8,8.4,88.9,91.7,95.1,4.8,96.4,156.8,91.7,8.6,8.3
2025-02-22,9.6.0,90.2,15.3,87.8,10.7,36.1,3.3,84.6,81.9,7.5,86.8,7.2,78.3,80.5,88.4,10.2,89.6,206.4,83.1,7.4,7.1
2025-03-08,9.7.0,93.1,12.7,90.8,8.5,28.6,4.1,88.4,86.1,8.2,90.7,7.9,83.8,86.5,92.3,7.2,93.8,177.5,88.0,8.1,7.8
2025-03-22,9.8.0,84.6,20.1,82.1,14.2,48.3,2.4,76.9,73.2,6.6,79.1,6.3,68.4,71.6,82.3,16.4,84.0,257.9,73.5,6.4,6.1
2025-04-05,9.9.0,91.9,13.5,89.6,9.1,31.4,3.8,86.8,84.5,8.0,89.0,7.7,81.5,84.2,90.6,8.4,92.2,188.7,86.2,7.9,7.6
2025-04-19,9.10.0,96.0,10.7,93.8,7.2,24.7,4.9,93.3,91.1,8.8,95.5,8.5,89.6,92.4,96.2,4.5,97.0,155.1,92.7,8.7,8.4
2025-05-03,9.11.0,87.8,17.2,85.3,12.0,40.9,3.0,80.9,77.6,7.1,83.1,6.8,74.0,77.1,86.5,12.2,87.6,227.3,79.3,7.0,6.7
2025-05-17,9.12.0,93.8,12.1,91.5,8.0,27.8,4.3,89.3,87.0,8.3,92.1,8.0,84.5,87.3,93.0,6.5,94.2,173.9,88.5,8.2,7.9
2025-05-31,10.0.0,98.6,7.4,96.8,4.8,17.9,5.9,96.1,94.7,9.4,98.2,9.1,93.5,96.8,98.7,2.4,98.9,124.6,96.9,9.2,8.9
2025-06-14,10.1.0,85.2,19.7,82.7,13.9,47.1,2.5,77.6,74.0,6.5,79.8,6.2,69.8,72.8,82.9,15.1,84.6,251.7,74.9,6.3,6.0
2025-06-28,10.2.0,92.0,13.8,89.7,9.3,30.7,3.9,87.2,84.9,8.1,89.4,7.8,82.1,85.0,91.0,7.9,92.6,184.3,86.8,8.0,7.7
2025-07-12,10.3.0,78.9,24.8,76.4,17.6,63.7,1.8,69.7,66.1,5.9,72.0,5.7,58.2,62.0,74.7,21.1,77.2,308.1,65.4,5.9,5.6
2025-07-26,10.4.0,91.6,14.0,89.3,9.5,32.2,3.7,86.5,84.2,7.9,88.7,7.6,80.9,83.7,90.3,8.7,92.0,191.6,85.5,7.8,7.5
2025-08-09,10.5.0,95.4,10.9,93.2,7.3,25.0,4.7,92.0,89.8,8.6,94.2,8.3,88.3,91.1,94.8,5.2,96.1,160.3,91.4,8.5,8.2
2025-08-23,10.6.0,83.4,21.3,80.9,15.0,52.6,2.2,75.1,71.5,6.3,77.3,6.0,66.0,69.4,80.6,17.6,82.7,276.4,72.0,6.2,5.9
2025-09-06,10.7.0,90.5,14.9,88.2,10.1,34.5,3.5,85.0,82.6,7.7,87.2,7.4,79.7,82.4,89.4,9.5,90.8,199.2,83.9,7.6,7.3
2025-09-20,10.8.0,87.1,17.6,84.7,12.3,41.8,2.9,80.3,76.9,7.0,82.8,6.7,73.6,76.5,86.0,12.9,87.3,233.1,78.7,6.9,6.6
2025-10-04,10.9.0,94.7,11.6,92.4,7.8,26.3,4.5,90.8,88.5,8.5,93.0,8.2,86.7,89.8,94.0,5.6,95.5,167.9,90.1,8.4,8.1
2025-10-18,10.10.0,80.5,23.4,78.0,16.7,57.9,1.9,71.4,67.6,6.0,73.6,5.8,61.8,65.0,77.2,20.0,79.5,295.3,68.9,6.0,5.7
2025-11-01,10.11.0,89.8,15.5,87.4,10.8,35.9,3.4,84.2,81.5,7.6,86.5,7.3,77.9,80.1,88.7,9.8,90.1,203.7,82.8,7.5,7.2
2025-11-15,10.12.0,95.9,10.4,93.7,6.9,23.8,5.0,93.6,91.4,8.8,95.7,8.5,90.1,93.2,96.5,4.3,96.8,152.4,93.0,8.7,8.4
2025-11-29,11.0.0,98.4,7.6,96.6,4.9,18.2,5.8,95.9,94.5,9.3,98.0,9.0,93.2,96.5,98.5,2.5,98.7,126.8,96.7,9.1,8.8
2025-12-13,11.1.0,88.4,16.8,86.0,11.9,39.1,3.1,81.6,78.2,7.2,83.9,6.9,75.0,78.0,86.8,12.0,88.6,222.9,80.4,7.1,6.8
