Date,Release Number,Lines of Code,Cyclomatic Complexity,Code Coverage (%),Test Coverage (%),Code Duplication (%),Technical Debt Hours,Code Quality Score (1-10),Code Review Coverage (%),Bug Density (per KLOC),Security Vulnerabilities Count,Performance Issues Count,Maintainability Index,Code Churn Rate (%),Refactoring Frequency (per Sprint),Documentation Coverage (%),Static Analysis Violations,Dead Code Percentage (%),Code Modularity Score (1-10),API Design Quality Score (1-10),Code Standards Compliance (%),Legacy Code Percentage (%),Automated Testing Coverage (%),Code Reusability Score (1-10),SOLID Principles Adherence Score (1-10)
2022-01-15,MVP-1.0.0,78942,16.8,82.4,79.7,11.3,127,6.9,84.1,8.6,15,23,71.3,18.7,3.2,76.8,89,7.2,6.8,7.1,78.4,24.7,81.2,6.5,6.7
2022-01-29,MVP-1.1.0,85634,14.2,89.6,87.1,8.7,89,7.8,91.5,5.9,9,14,79.8,12.4,4.1,84.2,62,4.8,7.6,7.9,86.3,19.2,88.7,7.4,7.5
2022-02-12,MVP-1.2.0,72186,19.7,75.8,73.2,14.9,168,6.1,76.9,12.3,21,31,64.7,25.8,2.6,69.4,124,9.8,6.0,6.2,71.6,32.4,74.5,5.8,6.0
2022-02-26,MVP-1.3.0,91847,13.4,92.1,89.8,7.2,72,8.5,94.2,4.8,7,11,83.6,9.7,4.8,87.9,48,3.6,8.1,8.4,89.7,16.3,91.4,8.0,8.2
2022-03-12,MVP-1.4.0,76823,17.9,79.3,76.8,12.6,142,6.6,80.7,9.7,18,26,68.9,21.3,3.0,73.1,103,8.4,6.4,6.7,75.2,28.9,78.6,6.2,6.4
2022-03-26,MVP-1.5.0,98562,12.1,94.7,92.3,5.8,58,9.1,96.8,3.4,5,8,87.4,7.1,5.2,91.6,34,2.9,8.7,8.9,93.1,13.7,94.2,8.6,8.8
2022-04-09,MVP-1.6.0,69734,21.3,72.6,70.1,16.8,195,5.7,74.2,14.7,26,38,61.2,29.4,2.1,66.8,147,11.3,5.6,5.9,68.4,37.2,71.9,5.4,5.6
2022-04-23,MVP-1.7.0,83456,15.6,86.2,83.9,9.4,108,7.4,87.8,6.8,12,18,76.5,15.9,3.7,80.3,71,5.7,7.2,7.5,82.6,22.1,85.4,7.0,7.3
2022-05-07,MVP-1.8.0,89174,13.8,90.5,88.2,8.1,81,8.2,92.6,5.2,8,13,81.7,11.6,4.5,85.7,55,4.1,7.8,8.1,87.9,17.8,89.3,7.7,7.9
2022-05-21,MVP-1.9.0,75629,18.4,77.9,75.4,13.7,158,6.3,78.6,10.9,19,28,66.3,23.1,2.8,71.2,116,9.1,6.1,6.4,73.7,30.6,76.8,6.0,6.2
2022-06-04,MVP-1.10.0,86791,14.9,88.7,86.1,8.9,95,7.6,90.3,6.1,10,16,78.1,13.8,4.0,82.5,68,5.3,7.4,7.7,85.2,20.4,87.6,7.2,7.4
2022-06-18,Platform-2.0.0,102847,11.6,95.8,93.7,5.1,49,9.4,97.9,2.9,4,6,89.2,6.3,5.8,93.4,28,2.4,9.1,9.3,94.8,12.1,96.1,9.0,9.2
2022-07-02,Platform-2.1.0,78965,17.2,81.4,78.9,11.8,134,6.8,82.4,8.9,16,24,70.6,19.7,3.1,75.6,96,7.8,6.6,6.9,77.8,26.3,80.9,6.4,6.6
2022-07-16,Platform-2.2.0,93218,13.1,91.3,89.0,7.6,76,8.3,93.5,5.4,8,12,82.4,10.8,4.6,86.8,52,3.9,7.9,8.2,88.6,18.2,90.7,7.8,8.0
2022-07-30,Platform-2.3.0,71452,20.1,74.7,72.3,15.4,179,5.9,75.8,13.2,23,34,62.9,26.9,2.4,68.1,136,10.7,5.8,6.1,70.3,34.8,73.6,5.6,5.8
2022-08-13,Platform-2.4.0,87593,14.5,87.9,85.4,9.2,102,7.7,89.1,6.5,11,17,77.8,14.7,3.8,81.9,74,5.6,7.3,7.6,84.7,21.5,86.8,7.1,7.3
2022-08-27,Platform-2.5.0,106329,10.8,96.4,94.6,4.7,42,9.6,98.7,2.6,3,5,90.7,5.8,6.1,94.9,24,2.1,9.4,9.6,95.7,10.8,97.3,9.3,9.5
2022-09-10,Platform-2.6.0,74836,18.7,79.1,76.6,13.1,162,6.4,79.3,10.3,20,29,68.2,22.4,2.7,72.8,119,8.7,6.2,6.5,74.9,31.7,78.4,6.1,6.3
2022-09-24,Platform-2.7.0,91672,13.6,90.8,88.5,8.3,87,8.1,92.2,5.6,9,14,80.9,12.1,4.3,85.1,59,4.5,7.7,8.0,87.3,19.6,89.9,7.6,7.8
2022-10-08,Platform-2.8.0,79548,16.4,83.6,81.1,10.7,121,7.0,85.2,7.8,14,21,73.4,17.2,3.4,77.9,85,6.9,6.8,7.1,79.6,25.1,82.7,6.6,6.8
2022-10-22,Platform-2.9.0,95461,12.7,93.2,90.9,6.9,69,8.7,95.1,4.3,6,10,85.1,8.9,5.0,89.3,41,3.2,8.4,8.7,91.4,15.7,92.6,8.3,8.5
2022-11-05,Platform-2.10.0,68274,21.8,71.9,69.4,17.2,207,5.5,72.6,15.4,28,41,59.7,31.2,2.0,65.3,159,12.1,5.4,5.7,67.1,39.4,70.8,5.2,5.4
2022-11-19,Enterprise-3.0.0,113856,9.7,97.3,95.9,4.2,35,9.8,99.1,2.1,2,4,92.1,4.9,6.7,96.2,19,1.8,9.7,9.9,96.8,9.4,98.4,9.6,9.8
2022-12-03,Enterprise-3.1.0,82147,15.8,85.7,83.2,10.1,115,7.2,86.9,7.2,13,19,75.2,16.4,3.5,79.4,81,6.4,7.0,7.3,81.8,23.6,84.9,6.8,7.0
2022-12-17,Enterprise-3.2.0,97824,12.3,92.6,90.3,7.1,63,8.5,94.8,4.9,7,11,83.9,9.4,4.9,88.7,45,3.5,8.2,8.5,90.1,16.9,91.8,8.1,8.3
2022-12-31,Enterprise-3.3.0,88459,14.1,89.4,87.0,8.6,92,7.9,91.2,5.8,10,15,79.5,12.9,4.2,83.6,64,4.8,7.5,7.8,86.2,20.3,88.5,7.4,7.6
2023-01-14,Enterprise-3.4.0,76932,17.6,80.8,78.3,12.3,146,6.5,81.9,9.1,17,25,69.8,20.5,3.0,74.7,107,8.2,6.3,6.6,76.4,27.8,80.1,6.2,6.4
2023-01-28,Enterprise-3.5.0,109687,10.4,96.9,95.1,4.5,38,9.7,98.6,2.4,3,5,91.4,5.2,6.4,95.7,22,1.9,9.5,9.7,96.3,10.1,97.8,9.4,9.6
2023-02-11,Enterprise-3.6.0,81543,16.1,84.2,81.7,10.4,128,6.9,84.6,7.5,15,22,74.6,17.8,3.3,78.2,92,6.7,6.7,7.0,80.3,24.9,83.4,6.5,6.7
2023-02-25,Enterprise-3.7.0,94376,13.0,91.7,89.4,7.4,73,8.4,93.9,5.1,8,13,82.7,10.2,4.7,87.1,47,3.7,8.0,8.3,89.8,17.6,91.2,7.9,8.1
2023-03-11,Smart-4.0.0,117942,9.1,98.1,96.7,3.8,31,9.9,99.4,1.9,2,3,93.6,4.3,7.1,97.8,16,1.5,9.8,10.0,97.9,8.2,99.1,9.7,9.9
2023-03-25,Smart-4.1.0,85692,15.3,86.9,84.4,9.7,109,7.4,88.2,6.8,12,18,76.9,15.1,3.6,80.7,76,5.9,7.1,7.4,83.5,22.4,86.1,6.9,7.1
2023-04-08,Smart-4.2.0,102534,11.9,94.3,92.1,6.6,56,8.8,96.2,4.1,5,9,86.4,8.1,5.3,90.6,37,3.0,8.5,8.8,92.7,14.3,93.9,8.4,8.6
2023-04-22,Smart-4.3.0,73684,19.4,76.5,74.0,14.2,173,6.0,77.1,11.8,22,32,65.4,24.7,2.5,70.6,129,9.4,5.9,6.2,72.8,33.1,75.7,5.7,5.9
2023-05-06,Smart-4.4.0,89258,13.7,90.1,87.8,8.0,84,8.0,91.8,5.5,9,14,81.2,11.9,4.4,84.9,58,4.2,7.6,7.9,87.0,18.7,89.4,7.5,7.7
2023-05-20,Smart-4.5.0,105876,10.6,95.5,93.4,5.3,45,9.3,97.7,3.2,4,7,88.7,6.7,5.9,93.1,26,2.6,9.0,9.2,94.2,11.5,96.8,8.9,9.1
2023-06-03,Smart-4.6.0,77419,17.9,81.7,79.2,11.9,155,6.6,82.8,8.8,16,24,71.0,19.3,3.1,75.1,101,7.6,6.4,6.7,77.2,26.7,81.5,6.3,6.5
2023-06-17,Smart-4.7.0,92603,13.2,91.9,89.6,7.7,78,8.2,93.1,5.3,8,12,82.1,10.5,4.5,86.4,53,4.0,7.8,8.1,88.9,18.9,90.8,7.7,7.9
2023-07-01,Adaptive-5.0.0,121487,8.6,98.6,97.2,3.4,27,10.0,99.7,1.6,1,2,94.8,3.8,7.6,98.4,13,1.2,9.9,10.0,98.6,7.1,99.5,9.8,10.0
2023-07-15,Adaptive-5.1.0,88574,14.8,87.8,85.3,9.3,101,7.6,89.5,6.5,11,17,78.3,14.6,3.7,82.1,72,5.6,7.2,7.5,84.7,21.8,87.2,7.0,7.2
2023-07-29,Adaptive-5.2.0,106892,11.2,95.1,92.9,6.2,52,9.1,96.9,3.7,4,8,87.6,7.4,5.6,91.8,32,2.8,8.7,9.0,93.5,13.6,95.4,8.6,8.8
2023-08-12,Adaptive-5.3.0,76143,18.6,78.9,76.4,13.4,168,6.2,79.7,10.6,19,28,67.7,22.8,2.6,72.3,122,8.9,6.0,6.3,74.6,31.4,78.1,5.9,6.1
2023-08-26,Adaptive-5.4.0,91764,13.4,90.6,88.3,8.2,86,8.1,92.4,5.4,9,13,80.4,11.7,4.3,85.7,61,4.3,7.7,8.0,87.8,19.2,90.1,7.6,7.8
2023-09-09,Adaptive-5.5.0,108239,10.1,96.7,94.8,4.9,41,9.5,98.2,2.8,3,6,89.9,5.9,6.2,94.6,23,2.3,9.2,9.4,95.1,10.7,97.1,9.1,9.3
2023-09-23,Adaptive-5.6.0,79658,16.7,83.4,80.9,11.1,137,6.8,84.1,8.1,14,20,72.8,18.4,3.2,76.9,88,7.1,6.6,6.9,78.7,25.6,82.9,6.4,6.6
2023-10-07,Adaptive-5.7.0,94827,12.8,92.3,90.0,7.5,71,8.3,94.6,4.8,7,11,83.2,9.8,4.8,87.9,50,3.6,8.1,8.4,90.4,16.4,92.1,8.0,8.2
2023-10-21,Cognitive-6.0.0,124693,8.2,99.1,97.8,3.1,24,10.0,99.9,1.3,1,1,95.7,3.2,8.1,99.1,10,0.9,10.0,10.0,99.3,6.4,99.8,9.9,10.0
2023-11-04,Cognitive-6.1.0,90146,14.4,88.6,86.1,9.0,96,7.7,90.8,6.2,10,16,79.1,13.9,3.8,83.4,69,5.3,7.3,7.6,85.9,20.7,88.5,7.1,7.3
2023-11-18,Cognitive-6.2.0,109754,10.7,95.8,93.6,5.6,48,9.2,97.4,3.5,4,7,88.2,6.9,5.7,92.9,29,2.7,8.9,9.1,94.7,12.2,96.3,8.8,9.0
2023-12-02,Cognitive-6.3.0,77892,18.1,80.3,77.8,12.7,150,6.4,81.6,9.4,18,26,69.5,20.9,2.9,73.8,110,8.5,6.2,6.5,75.9,29.3,79.7,6.1,6.3
2023-12-16,Cognitive-6.4.0,96471,12.6,92.8,90.5,7.2,67,8.4,95.0,4.6,6,10,84.6,9.1,4.9,88.2,44,3.4,8.2,8.5,90.9,15.8,92.4,8.1,8.3
2023-12-30,Future-7.0.0,132847,7.8,99.4,98.1,2.8,21,10.0,99.9,1.0,0,1,96.4,2.7,8.5,99.6,7,0.6,10.0,10.0,99.7,5.7,99.9,10.0,10.0
2024-01-13,Future-7.1.0,92583,13.9,89.2,86.7,8.7,89,7.8,91.4,5.9,9,15,80.0,13.2,3.9,84.1,66,5.0,7.4,7.7,86.6,19.8,89.1,7.2,7.4
2024-01-27,Future-7.2.0,112648,10.3,96.2,94.1,5.9,46,9.1,97.8,3.3,3,6,89.5,6.5,5.8,93.7,27,2.5,8.8,9.0,94.9,11.9,96.7,8.7,8.9
2024-02-10,Future-7.3.0,81279,17.4,82.9,80.4,11.6,143,6.7,83.7,8.5,15,23,71.9,18.8,3.1,77.6,95,7.3,6.5,6.8,79.2,26.1,83.1,6.4,6.6
2024-02-24,Future-7.4.0,98736,12.4,92.4,90.1,7.3,74,8.3,94.2,4.7,7,11,83.8,9.6,4.7,87.5,49,3.5,8.1,8.4,90.7,16.7,92.8,8.0,8.2
2024-03-09,Future-7.5.0,118492,9.4,97.6,95.8,4.6,39,9.4,98.5,2.9,2,5,90.8,5.4,6.3,95.2,21,2.1,9.3,9.5,95.8,10.4,97.9,9.2,9.4
2024-03-23,Future-7.6.0,84561,15.7,85.1,82.6,10.2,121,7.1,87.3,7.1,13,19,75.7,16.1,3.4,80.9,79,6.2,6.9,7.2,82.4,23.1,85.5,6.7,6.9
2024-04-06,Future-7.7.0,103948,11.5,94.7,92.4,6.4,59,8.6,96.6,4.0,5,9,86.9,7.8,5.4,91.2,35,3.1,8.4,8.7,92.1,14.0,94.3,8.3,8.5
2024-04-20,Future-7.8.0,125674,8.9,98.3,96.9,4.1,33,9.6,98.9,2.5,2,4,91.7,4.7,6.8,96.8,18,1.8,9.5,9.7,96.4,9.1,98.6,9.4,9.6
2024-05-04,Future-7.9.0,87329,14.2,88.0,85.5,9.1,103,7.5,90.1,6.4,11,16,78.6,14.3,3.7,82.8,73,5.5,7.2,7.5,85.2,21.3,87.9,7.0,7.2
2024-05-18,Future-7.10.0,108765,10.8,95.4,93.1,6.1,51,9.0,97.1,3.6,4,8,88.0,7.1,5.5,92.6,30,2.9,8.6,8.9,94.3,12.7,95.8,8.5,8.7
2024-06-01,Transcendent-8.0.0,145629,7.1,99.7,98.6,2.3,17,10.0,99.9,0.7,0,0,97.8,2.1,9.2,99.9,4,0.3,10.0,10.0,99.9,4.8,99.9,10.0,10.0
2024-06-15,8.1.0,89245,18.7,73.2,70.8,16.5,189,5.8,75.4,13.7,28,38,59.3,29.4,2.1,62.7,147,11.6,5.3,5.6,68.5,35.8,72.1,5.0,5.2
2024-06-29,8.2.0,112847,12.4,87.6,85.1,9.8,94,7.9,89.2,7.2,12,18,76.4,15.8,3.9,81.5,71,6.4,7.4,7.7,83.9,22.6,86.3,7.1,7.3
2024-07-13,8.3.0,97531,15.9,79.4,76.9,13.7,142,6.5,81.6,10.8,19,26,66.8,23.1,2.8,69.2,102,8.9,6.1,6.4,75.3,29.4,78.7,5.8,6.0
2024-07-27,8.4.0,128964,10.8,91.3,89.0,7.4,71,8.3,93.7,5.6,8,13,81.5,11.2,4.6,86.8,54,4.7,7.9,8.2,88.6,18.7,90.9,7.6,7.8
2024-08-10,8.5.0,104729,14.6,83.8,81.3,11.2,118,7.1,85.9,9.1,15,21,71.7,19.4,3.3,74.6,87,7.3,6.8,7.1,80.2,25.9,83.1,6.5,6.7
2024-08-24,8.6.0,135821,9.3,93.7,91.4,6.1,56,8.7,95.8,4.2,6,10,84.9,8.9,5.1,89.3,41,3.8,8.3,8.6,91.8,15.2,93.5,8.0,8.2
2024-09-07,8.7.0,98674,16.8,76.9,74.4,15.3,164,6.2,78.1,12.4,23,32,63.2,26.7,2.5,66.8,128,10.1,5.7,6.0,73.6,32.1,76.2,5.5,5.7
2024-09-21,8.8.0,119853,11.7,88.4,86.0,8.9,86,8.0,90.5,6.8,10,16,78.1,14.6,4.2,83.2,64,5.9,7.6,7.9,85.7,20.8,87.8,7.3,7.5
2024-10-05,8.9.0,141297,8.4,95.8,93.6,5.3,42,9.1,97.2,3.4,4,7,87.4,7.1,5.8,92.1,28,2.9,8.7,9.0,94.5,12.4,95.6,8.4,8.6
2024-10-19,8.10.0,102563,15.2,81.5,79.0,12.8,131,6.8,83.7,10.2,17,24,69.0,21.3,3.0,72.4,95,8.6,6.4,6.7,78.8,27.6,81.0,6.1,6.3
2024-11-02,8.11.0,123947,10.9,89.2,86.8,8.1,78,8.2,91.4,6.1,9,14,79.6,12.8,4.4,85.0,58,5.2,7.7,8.0,87.4,19.5,89.1,7.4,7.6
2024-11-16,8.12.0,96842,17.3,75.1,72.6,16.9,176,5.9,77.3,13.1,25,34,61.7,27.8,2.3,64.9,139,11.2,5.4,5.7,71.2,34.2,74.4,5.1,5.3
2024-11-30,9.0.0,148376,6.8,99.2,98.1,2.7,21,9.8,99.4,1.1,1,1,96.3,2.8,8.7,98.7,7,0.6,9.8,9.9,98.6,6.1,99.4,9.7,9.8
2024-12-14,9.1.0,106487,14.1,84.6,82.1,10.7,108,7.3,86.8,8.7,13,19,73.2,18.2,3.5,76.1,81,7.0,6.9,7.2,81.9,24.3,84.5,6.6,6.8
2024-12-28,9.2.0,127531,11.2,90.1,87.7,7.8,73,8.4,92.3,5.9,8,13,80.4,11.9,4.5,87.6,52,4.9,7.8,8.1,89.3,18.2,90.0,7.5,7.7
2025-01-11,9.3.0,98956,16.4,78.7,76.2,14.6,156,6.4,80.9,11.6,21,28,65.8,24.9,2.7,68.5,121,9.4,5.9,6.2,75.1,30.7,78.0,5.7,5.9
2025-01-25,9.4.0,91284,18.1,72.3,69.8,17.2,201,5.6,74.5,14.8,30,41,57.9,31.7,2.0,61.2,163,12.3,5.1,5.4,67.6,37.1,71.8,4.8,5.0
2025-02-08,9.5.0,133762,9.7,94.3,92.0,5.9,48,8.9,96.4,3.8,5,9,85.7,8.4,5.6,90.8,34,3.2,8.5,8.8,93.2,13.8,94.1,8.2,8.4
2025-02-22,9.6.0,114895,12.8,86.9,84.4,9.3,89,7.8,88.7,7.5,11,17,75.6,16.1,3.8,82.1,68,6.1,7.3,7.6,84.2,21.9,86.7,7.0,7.2
2025-03-08,9.7.0,125389,10.4,90.7,88.3,7.5,76,8.3,92.9,5.4,7,12,81.2,11.3,4.6,86.4,55,4.6,7.9,8.2,88.0,18.7,90.5,7.6,7.8
2025-03-22,9.8.0,103647,15.7,80.8,78.3,13.4,138,6.6,82.9,10.5,18,25,67.4,22.6,2.9,71.7,98,8.9,6.2,6.5,77.5,28.3,80.2,6.2,6.4
2025-04-05,9.9.0,129874,11.0,89.5,87.1,8.2,79,8.1,91.7,6.0,9,14,78.9,13.1,4.3,84.6,59,5.3,7.6,7.9,86.8,19.8,89.3,7.3,7.5
2025-04-19,9.10.0,142153,8.2,96.1,94.0,5.1,39,9.2,97.8,3.2,3,6,88.6,6.8,6.0,93.4,26,2.7,8.8,9.2,95.7,11.9,96.0,8.6,8.8
2025-05-03,9.11.0,108524,13.6,85.2,82.7,10.9,115,7.0,87.4,8.9,14,20,72.8,17.8,3.4,75.9,84,7.6,6.7,7.0,82.5,25.6,84.8,6.4,6.6
2025-05-17,9.12.0,126847,10.7,91.3,89.0,7.3,72,8.5,93.6,5.6,8,13,81.7,10.9,4.7,87.2,50,4.4,8.0,8.3,89.6,18.1,91.1,7.7,7.9
2025-05-31,10.0.0,151824,6.3,99.8,99.0,1.9,14,10.0,99.8,0.4,0,0,98.6,1.6,9.5,99.7,2,0.2,10.0,10.0,99.8,3.7,99.9,10.0,10.0
2025-06-14,10.1.0,94736,17.9,74.8,72.3,15.8,184,5.7,76.7,13.2,26,36,60.4,28.3,2.2,63.9,152,11.0,5.2,5.5,70.1,35.4,73.6,4.9,5.1
2025-06-28,10.2.0,118952,11.5,88.7,86.2,8.6,82,8.0,90.8,6.7,10,15,77.3,14.9,4.0,83.4,62,5.7,7.5,7.8,85.9,21.2,88.2,7.2,7.4
2025-07-12,10.3.0,87143,19.4,71.6,69.1,18.7,218,5.3,73.8,15.4,33,45,55.2,33.9,1.8,58.7,174,13.1,4.8,5.1,66.3,39.2,70.9,4.5,4.7
2025-07-26,10.4.0,122635,11.8,88.1,85.6,9.1,85,7.9,90.2,7.0,11,16,76.7,15.6,3.9,82.8,65,6.0,7.4,7.7,85.3,21.8,87.9,7.1,7.3
2025-08-09,10.5.0,137489,8.9,94.9,92.6,5.7,45,8.8,96.7,3.6,5,8,86.2,7.9,5.5,91.4,31,3.0,8.6,8.9,93.8,13.2,94.7,8.3,8.5
2025-08-23,10.6.0,99724,16.2,79.3,76.8,14.1,149,6.3,81.4,11.1,20,27,64.6,23.8,2.8,69.7,110,9.1,5.8,6.1,76.2,29.9,78.6,5.6,5.8
2025-09-06,10.7.0,124817,10.3,90.4,88.0,7.7,74,8.4,92.6,5.8,8,13,80.9,11.7,4.5,86.8,53,4.8,7.8,8.1,88.7,18.9,90.3,7.5,7.7
2025-09-20,10.8.0,104692,14.9,82.7,80.2,11.8,125,6.9,84.9,9.5,16,22,70.3,20.1,3.2,73.6,92,8.2,6.5,6.8,79.9,26.8,82.4,6.3,6.5
2025-10-04,10.9.0,134581,9.1,93.2,90.9,6.4,52,8.7,95.4,4.5,6,10,84.1,9.3,5.2,89.7,38,3.5,8.4,8.7,92.6,14.7,93.0,8.1,8.3
2025-10-18,10.10.0,92847,18.6,73.9,71.4,16.2,196,5.5,75.1,14.1,29,39,58.7,30.1,2.1,62.4,159,11.8,5.0,5.3,69.2,36.7,72.8,4.7,4.9
2025-11-01,10.11.0,116329,12.1,87.3,84.8,9.4,88,7.7,89.4,7.8,12,17,75.9,15.9,3.7,81.7,70,6.4,7.2,7.5,84.6,22.5,87.1,6.9,7.1
2025-11-15,10.12.0,140752,8.5,95.6,93.3,5.4,41,9.0,97.1,3.3,4,7,87.8,7.2,5.7,92.8,27,2.8,8.7,9.0,95.0,12.6,95.4,8.4,8.6
2025-11-29,11.0.0,158943,5.7,99.9,99.4,1.6,9,10.0,99.9,0.2,0,0,99.1,1.1,9.8,99.9,1,0.1,10.0,10.0,99.9,2.4,99.9,10.0,10.0
2025-12-13,11.1.0,107852,13.3,86.1,83.6,10.2,105,7.2,88.3,8.4,13,19,74.6,17.1,3.6,77.8,78,6.8,7.0,7.3,83.2,23.9,85.9,6.8,7.0
