Date,Release Number,Type,Name,Description
2022-01-10,0.1.0,Major,Genesis MVP,"Initial MVP with basic lead management, contact tracking, and simple dashboard. Core authentication service, user management microservice, and basic CRM frontend components."
2022-01-17,0.1.1,Minor,Quick Fix,Critical authentication bug fixes and performance improvements for login service.
2022-01-24,0.2.0,Major,Contact Foundation,"Enhanced contact management with search capabilities, basic import/export functionality, and contact deduplication service."
2022-02-07,0.3.0,Major,Lead Pipeline,"Lead scoring engine, pipeline visualization, and lead assignment workflow automation."
2022-02-14,0.3.1,Minor,Pipeline Patch,Lead assignment algorithm improvements and UI bug fixes in pipeline view.
2022-02-21,0.4.0,Major,Opportunity Engine,"Opportunity management service, sales stage tracking, and revenue forecasting basics."
2022-03-07,0.5.0,Major,Activity Tracker,"Activity logging service, email integration, and task management for sales representatives."
2022-03-21,0.6.0,Major,Reporting Foundation,"Basic reporting engine, sales performance dashboards, and data export capabilities."
2022-03-28,0.6.1,Minor,Report Fixes,Dashboard performance optimization and chart rendering bug fixes.
2022-04-04,0.7.0,Major,Team Management,"Sales team hierarchy, territory management, and role-based access control enhancements."
2022-04-18,0.8.0,Major,Mobile Foundation,Mobile-responsive frontend components and mobile API gateway for field sales access.
2022-05-02,0.9.0,Major,Integration Gateway,"External API integration service, webhook framework, and third-party connector infrastructure."
2022-05-16,0.10.0,Major,Account Management,"Enterprise account management, account hierarchy, and customer relationship tracking."
2022-05-23,0.10.1,Minor,Account Sync Fix,Account synchronization service bug fixes and data consistency improvements.
2022-05-30,0.11.0,Major,Email Campaign Engine,"Email marketing automation, campaign management service, and template engine."
2022-06-13,0.12.0,Major,Advanced Search,"Elasticsearch integration, advanced search capabilities, and intelligent filtering across all entities."
2022-06-27,0.13.0,Major,Quote Generator,"Quote generation service, pricing engine, and proposal management workflow."
2022-07-04,0.13.1,Minor,Quote Template Fix,Quote template rendering fixes and PDF generation improvements.
2022-07-11,0.14.0,Major,Analytics Engine,"Advanced analytics service, predictive modeling foundation, and custom dashboard builder."
2022-07-25,0.15.0,Major,Document Management,"Document storage service, file sharing capabilities, and version control for sales materials."
2022-08-08,0.16.0,Major,Workflow Automation,"Business process automation engine, workflow designer, and approval workflows."
2022-08-15,0.16.1,Minor,Workflow Hotfix,Critical workflow execution engine bug fixes and performance improvements.
2022-08-22,0.17.0,Major,Calendar Integration,"Calendar synchronization service, meeting scheduling, and availability management."
2022-09-05,0.18.0,Major,Performance Optimization,"Database optimization, caching layer implementation, and API response time improvements."
2022-09-19,0.19.0,Major,Social Integration,"Social media integration, lead capture from social platforms, and social selling tools."
2022-10-03,0.20.0,Major,Territory Management,"Advanced territory planning, geographic assignment rules, and territory performance analytics."
2022-10-17,0.21.0,Major,Commission Engine,"Commission calculation service, compensation plan management, and earnings tracking."
2022-10-24,0.21.1,Minor,Commission Fix,Commission calculation algorithm corrections and payout report fixes.
2022-10-31,0.22.0,Major,API Security Enhancement,"Enhanced API security, OAuth 2.0 implementation, and rate limiting services."
2022-11-14,0.23.0,Major,Data Import Wizard,"Advanced data import service, field mapping wizard, and bulk data processing capabilities."
2022-11-28,0.24.0,Major,Custom Fields Engine,"Dynamic custom fields service, field validation engine, and schema management."
2022-12-12,0.25.0,Major,Year-End Analytics,"Comprehensive year-end reporting, sales performance analysis, and forecasting for next year."
2022-12-26,0.26.0,Major,Foundation Complete,"Platform foundation completion with all core CRM features, preparing for advanced capabilities in Year 2."
2023-01-09,1.0.0,Major,Enterprise Ready,"First major version release with enterprise-grade features, advanced security, and full API documentation."
2023-01-23,1.1.0,Major,AI Insights Foundation,"AI/ML service foundation, predictive lead scoring, and intelligent recommendations engine."
2023-01-30,1.1.1,Minor,AI Model Fix,Machine learning model training pipeline fixes and prediction accuracy improvements.
2023-02-06,1.2.0,Major,Advanced Forecasting,"AI-powered sales forecasting, pipeline analysis, and revenue prediction with confidence intervals."
2023-02-20,1.3.0,Major,Chatbot Integration,"Conversational AI service, customer support chatbot, and automated lead qualification."
2023-03-06,1.4.0,Major,Video Conferencing,"Integrated video conferencing service, screen sharing, and meeting recording capabilities."
2023-03-13,1.4.1,Minor,Video Stability,Video service stability improvements and audio/video quality optimizations.
2023-03-20,1.5.0,Major,E-signature Integration,"Digital signature service, contract management, and automated document signing workflows."
2023-04-03,1.6.0,Major,Advanced Analytics,"Real-time analytics dashboard, cohort analysis, and customer lifetime value calculations."
2023-04-17,1.7.0,Major,Marketing Automation,"Advanced marketing automation, lead nurturing campaigns, and multi-channel marketing orchestration."
2023-05-01,1.8.0,Major,Enterprise Integration,"ERP integration service, accounting system connectors, and enterprise data synchronization."
2023-05-08,1.8.1,Minor,Integration Patch,ERP connector stability fixes and data mapping improvements.
2023-05-15,1.9.0,Major,Mobile App v2,"Native mobile application with offline capabilities, push notifications, and mobile-optimized workflows."
2023-05-29,1.10.0,Major,Voice Integration,"Voice-to-text service, call recording integration, and voice-activated commands."
2023-06-12,1.11.0,Major,Compliance Framework,"GDPR compliance tools, data privacy controls, and audit trail services."
2023-06-26,1.12.0,Major,Partner Portal,"Channel partner management, partner portal, and co-selling workflow automation."
2023-07-03,1.12.1,Minor,Portal Security Fix,Partner portal security enhancements and access control improvements.
2023-07-10,1.13.0,Major,IoT Integration,"IoT device integration, sensor data collection, and smart product usage analytics."
2023-07-24,1.14.0,Major,Advanced Workflows,"Complex workflow engine, conditional logic, and multi-step approval processes."
2023-08-07,1.15.0,Major,Real-time Collaboration,"Real-time collaborative editing, shared workspaces, and team coordination tools."
2023-08-21,1.16.0,Major,Blockchain Integration,"Blockchain-based contract verification, immutable audit trails, and smart contract integration."
2023-08-28,1.16.1,Minor,Blockchain Stability,Blockchain service performance optimizations and transaction processing improvements.
2023-09-04,1.17.0,Major,Advanced Security,"Zero-trust security model, advanced threat detection, and behavioral analysis."
2023-09-18,1.18.0,Major,Personalization Engine,"AI-powered personalization, adaptive UI, and customized user experiences."
2023-10-02,1.19.0,Major,Multi-tenant Architecture,"Full multi-tenancy support, tenant isolation, and scalable resource allocation."
2023-10-16,1.20.0,Major,Performance Monitoring,"Advanced performance monitoring, APM integration, and proactive issue detection."
2023-10-23,1.20.1,Minor,Monitoring Fix,Performance monitoring service bug fixes and alert threshold optimizations.
2023-10-30,1.21.0,Major,Global Localization,"Multi-language support, currency handling, and regional compliance features."
2023-11-13,1.22.0,Major,Advanced Reporting,"Custom report builder, scheduled reports, and advanced data visualization."
2023-11-27,1.23.0,Major,API Management,"API gateway enhancement, rate limiting, and developer portal for third-party integrations."
2023-12-11,1.24.0,Major,Predictive Analytics,"Advanced predictive models, churn prediction, and next-best-action recommendations."
2023-12-25,1.25.0,Major,Year 2 Platform,"Comprehensive platform with AI capabilities, enterprise integrations, and advanced analytics."
2024-01-08,2.0.0,Major,Next Generation Platform,"Major architecture upgrade with cloud-native design, serverless components, and next-gen AI capabilities."
2024-01-22,2.1.0,Major,Generative AI Integration,"GPT integration, automated content generation, and AI-powered sales coaching."
2024-01-29,2.1.1,Minor,AI Content Fix,Generative AI content quality improvements and hallucination reduction measures.
2024-02-05,2.2.0,Major,Augmented Analytics,"Automated insights discovery, natural language queries, and self-service analytics."
2024-02-19,2.3.0,Major,Edge Computing,"Edge computing deployment, distributed data processing, and low-latency response capabilities."
2024-03-04,2.4.0,Major,Quantum-Ready Security,"Quantum-resistant encryption, advanced cryptography, and future-proof security measures."
2024-03-11,2.4.1,Minor,Security Patch,Security vulnerability patches and encryption algorithm updates.
2024-03-18,2.5.0,Major,Metaverse Integration,"Virtual reality meeting spaces, 3D product demonstrations, and immersive customer experiences."
2024-04-01,2.6.0,Major,Advanced AI Agents,"Autonomous AI sales agents, intelligent task automation, and decision-making algorithms."
2024-04-15,2.7.0,Major,Sustainability Tracking,"ESG compliance tools, carbon footprint tracking, and sustainability reporting."
2024-04-29,2.8.0,Major,Quantum Analytics,"Quantum computing integration for complex optimization and advanced pattern recognition."
2024-05-06,2.8.1,Minor,Quantum Stability,Quantum service stability improvements and algorithm optimization.
2024-05-13,2.9.0,Major,Holographic Interfaces,"Holographic display support, 3D data visualization, and spatial computing interfaces."
2024-05-27,2.10.0,Major,Neural Network Optimization,"Advanced neural networks, deep learning models, and automated model optimization."
2024-06-10,2.11.0,Major,Autonomous Workflows,"Fully autonomous business processes, self-healing systems, and adaptive workflows."
2024-06-24,2.12.0,Major,Digital Twin Platform,"Digital twin modeling, simulation capabilities, and predictive maintenance."
2024-07-01,2.12.1,Minor,Twin Sync Fix,Digital twin synchronization improvements and simulation accuracy enhancements.
2024-07-08,2.13.0,Major,Cognitive Computing,"Cognitive computing integration, human-like reasoning, and contextual understanding."
2024-07-22,2.14.0,Major,Swarm Intelligence,"Swarm-based problem solving, collective intelligence, and distributed decision making."
2024-08-05,2.15.0,Major,Biometric Integration,"Biometric authentication, emotion recognition, and behavioral biometrics."
2024-08-19,2.16.0,Major,6G Connectivity,"6G network optimization, ultra-low latency features, and enhanced mobile experiences."
2024-08-26,2.16.1,Minor,6G Optimization,6G connection optimization and backward compatibility improvements.
2024-09-02,2.17.0,Major,Emotion AI,"Emotional intelligence AI, sentiment analysis, and empathetic customer interactions."
2024-09-16,2.18.0,Major,Adaptive Architecture,"Self-adapting system architecture, auto-scaling algorithms, and dynamic resource allocation."
2024-09-30,2.19.0,Major,Synthetic Data Engine,"Synthetic data generation, privacy-preserving analytics, and data augmentation capabilities."
2024-10-14,2.20.0,Major,Quantum Encryption,"Quantum key distribution, unhackable communications, and quantum-secured data storage."
2024-10-21,2.20.1,Minor,Encryption Patch,Quantum encryption performance optimizations and key management improvements.
2024-10-28,2.21.0,Major,Autonomous Testing,"Self-testing systems, automated quality assurance, and intelligent bug detection."
2024-11-11,2.22.0,Major,Predictive Maintenance,"System health prediction, proactive maintenance, and self-healing capabilities."
2024-11-25,2.23.0,Major,Next-Gen UX,"Brain-computer interfaces, thought-controlled navigation, and neural user experiences."
2024-12-09,2.24.0,Major,Ethical AI Framework,"Ethical AI governance, bias detection, and responsible AI decision-making frameworks."
2024-12-23,2.25.0,Major,Future Platform Complete,Three-year platform evolution complete with cutting-edge technologies and market-leading capabilities.
