Date,Release Number,Requirements Count,Requirements Completeness Score (1-10),Requirements Clarity Score (1-10),Stakeholder Agreement Score (1-10),Requirements Traceability Coverage (%),Requirements Change Rate (%),Requirements Review Cycle Time (Days),Business Value Score (1-10),Requirements Complexity Score (1-10),User Story Acceptance Rate (%),Epic Completion Rate (%),Requirements Documentation Quality Score (1-10),Functional Requirements Coverage (%),Non-Functional Requirements Coverage (%),Requirements Risk Score (1-10),Requirements Validation Coverage (%),Cross-functional Requirements Coverage (%),Requirements Dependencies Mapped (%),Requirements Testing Coverage (%),Acceptance Criteria Completeness Score (1-10)
2022-01-15,MVP-1.0.0,147,7.8,7.2,6.9,89.4,12.7,8.4,7.5,6.8,82.6,78.3,7.1,87.9,84.2,6.4,86.7,81.5,88.1,85.3,7.3
2022-01-29,MVP-1.1.0,168,8.4,8.1,7.8,93.7,8.9,6.7,8.2,7.4,89.3,87.1,8.0,92.8,89.6,5.8,91.4,88.9,92.5,90.7,8.1
2022-02-12,MVP-1.2.0,134,6.9,6.4,6.1,81.2,18.4,11.2,6.6,8.2,74.8,69.7,6.3,79.6,76.4,7.8,78.9,75.1,80.3,77.8,6.5
2022-02-26,MVP-1.3.0,189,8.7,8.3,8.0,95.1,7.4,5.9,8.5,7.1,92.4,89.8,8.4,95.3,92.7,5.2,94.1,91.6,94.8,93.2,8.6
2022-03-12,MVP-1.4.0,156,7.5,7.0,6.7,86.8,14.1,9.3,7.2,7.6,80.9,77.4,7.4,85.7,82.5,6.9,84.3,79.8,86.4,83.1,7.2
2022-03-26,MVP-1.5.0,201,9.1,8.8,8.5,96.7,6.2,4.8,8.9,6.8,94.8,92.3,8.9,97.1,94.5,4.7,96.2,93.7,96.9,95.4,8.8
2022-04-09,MVP-1.6.0,142,6.6,6.1,5.8,78.9,21.3,12.7,6.3,8.5,72.1,67.9,6.0,76.8,73.6,8.4,76.2,72.8,77.5,74.9,6.2
2022-04-23,MVP-1.7.0,174,8.2,7.8,7.5,91.3,10.6,7.8,7.9,7.3,87.6,84.2,7.8,90.4,87.1,6.1,89.7,86.4,91.2,88.9,7.9
2022-05-07,MVP-1.8.0,187,8.9,8.5,8.2,94.6,8.1,6.2,8.6,7.0,91.9,89.1,8.7,94.8,91.7,5.4,93.5,90.8,95.1,92.3,8.5
2022-05-21,MVP-1.9.0,163,7.1,6.6,6.3,83.4,16.8,10.4,6.8,7.9,76.5,73.1,6.9,82.3,79.8,7.3,81.6,77.9,83.7,80.5,7.0
2022-06-04,MVP-1.10.0,195,8.6,8.2,7.9,93.8,9.4,6.9,8.3,7.2,90.7,87.9,8.2,93.5,90.4,5.7,92.1,89.6,94.2,91.8,8.3
2022-06-18,Platform-2.0.0,254,9.3,8.9,8.6,97.2,5.8,4.3,9.1,6.7,95.4,93.1,9.0,97.9,95.8,4.2,96.7,94.9,97.5,96.1,9.2
2022-07-02,Platform-2.1.0,178,7.4,6.9,6.6,85.7,15.2,9.8,7.1,7.7,79.8,76.2,7.3,84.6,81.9,7.1,83.8,78.7,85.9,82.4,7.1
2022-07-16,Platform-2.2.0,218,8.8,8.4,8.1,94.3,8.7,6.4,8.5,7.1,92.1,89.4,8.6,94.7,91.8,5.5,93.9,91.2,95.3,92.6,8.4
2022-07-30,Platform-2.3.0,139,6.8,6.3,6.0,80.6,19.7,11.9,6.5,8.3,73.9,70.4,6.1,78.4,75.7,8.0,77.5,74.3,79.1,76.2,6.4
2022-08-13,Platform-2.4.0,203,8.5,8.1,7.8,93.1,9.8,7.1,8.2,7.3,90.4,87.6,8.1,93.2,90.1,5.9,92.8,89.3,94.0,91.5,8.2
2022-08-27,Platform-2.5.0,267,9.4,9.0,8.7,97.8,5.1,3.9,9.2,6.6,96.1,94.3,9.1,98.4,96.7,3.8,97.2,95.6,98.1,96.9,9.3
2022-09-10,Platform-2.6.0,151,7.0,6.5,6.2,82.8,17.5,10.7,6.7,8.0,75.3,71.8,6.7,81.9,78.6,7.6,80.7,76.5,82.4,79.1,6.8
2022-09-24,Platform-2.7.0,224,8.7,8.3,8.0,94.9,8.3,6.6,8.4,7.2,91.6,88.7,8.5,94.5,91.4,5.6,93.7,90.9,95.1,92.8,8.3
2022-10-08,Platform-2.8.0,189,7.6,7.1,6.8,87.2,13.9,9.1,7.3,7.5,81.4,78.0,7.5,86.1,83.3,6.7,85.0,80.3,87.3,84.7,7.4
2022-10-22,Platform-2.9.0,245,9.0,8.6,8.3,95.4,7.6,5.7,8.7,6.9,93.8,91.2,8.8,96.1,93.5,5.1,95.3,92.8,96.7,94.9,8.7
2022-11-05,Platform-2.10.0,167,6.7,6.2,5.9,79.3,20.4,12.3,6.4,8.4,72.6,69.1,5.9,77.1,74.2,8.2,76.8,73.5,78.6,75.7,6.3
2022-11-19,Enterprise-3.0.0,298,9.6,9.2,8.9,98.1,4.7,3.6,9.4,6.5,96.8,95.1,9.3,98.7,97.2,3.5,97.9,96.4,98.5,97.6,9.5
2022-12-03,Enterprise-3.1.0,173,7.3,6.8,6.5,84.9,15.8,9.5,7.0,7.8,78.7,75.3,7.2,83.8,80.6,7.2,82.9,78.9,84.5,81.7,7.0
2022-12-17,Enterprise-3.2.0,231,8.9,8.5,8.2,95.0,8.0,6.0,8.6,7.0,92.3,89.6,8.7,95.7,92.9,5.3,94.6,91.8,96.2,93.7,8.6
2022-12-31,Enterprise-3.3.0,208,8.1,7.7,7.4,90.6,11.4,8.2,7.8,7.4,86.9,83.8,7.7,89.8,86.5,6.3,88.4,85.1,90.5,87.9,7.8
2023-01-14,Enterprise-3.4.0,156,7.2,6.7,6.4,83.7,16.9,10.1,6.9,7.9,77.1,73.6,6.8,82.4,79.3,7.5,81.2,77.4,83.1,80.0,6.9
2023-01-28,Enterprise-3.5.0,274,9.5,9.1,8.8,97.6,5.4,4.1,9.3,6.6,95.9,93.7,9.2,98.2,95.8,3.9,97.5,95.1,98.0,96.4,9.4
2023-02-11,Enterprise-3.6.0,182,7.5,7.0,6.7,86.4,14.6,9.6,7.2,7.6,80.2,76.8,7.4,85.3,82.1,6.8,84.7,80.9,86.8,83.5,7.3
2023-02-25,Enterprise-3.7.0,239,8.8,8.4,8.1,94.7,8.5,6.5,8.5,7.1,92.0,89.2,8.6,94.9,92.1,5.5,94.2,91.5,95.6,93.1,8.5
2023-03-11,Smart-4.0.0,321,9.7,9.3,9.0,98.4,4.3,3.2,9.5,6.4,97.2,95.6,9.4,99.1,97.8,3.2,98.3,96.9,98.8,97.9,9.6
2023-03-25,Smart-4.1.0,195,7.7,7.2,6.9,87.8,13.2,8.7,7.4,7.5,82.5,79.1,7.6,87.0,84.4,6.6,86.3,82.7,88.2,85.6,7.5
2023-04-08,Smart-4.2.0,267,9.1,8.7,8.4,95.8,7.2,5.4,8.8,6.8,94.1,91.8,8.9,96.4,94.0,4.9,95.7,93.4,96.9,95.2,8.8
2023-04-22,Smart-4.3.0,148,6.9,6.4,6.1,81.5,18.8,11.5,6.6,8.1,74.2,70.7,6.5,80.1,77.0,7.9,79.4,75.9,81.7,78.4,6.6
2023-05-06,Smart-4.4.0,223,8.6,8.2,7.9,93.6,9.1,6.8,8.3,7.2,90.8,87.9,8.4,93.7,90.6,5.8,92.9,89.7,94.4,92.0,8.3
2023-05-20,Smart-4.5.0,289,9.2,8.8,8.5,96.3,6.7,4.9,8.9,6.7,94.6,92.4,8.9,97.0,94.7,4.6,96.1,93.8,97.4,95.8,9.0
2023-06-03,Smart-4.6.0,171,7.1,6.6,6.3,83.1,17.1,10.3,6.8,8.0,76.0,72.5,6.6,81.6,78.9,7.4,80.9,77.1,82.9,79.8,6.7
2023-06-17,Smart-4.7.0,248,8.9,8.5,8.2,95.2,7.9,5.9,8.6,7.0,92.7,90.1,8.7,95.5,92.8,5.2,94.8,92.0,96.1,93.9,8.6
2023-07-01,Adaptive-5.0.0,356,9.8,9.4,9.1,98.7,3.9,2.8,9.6,6.3,97.9,96.4,9.5,99.4,98.1,2.9,98.6,97.3,99.1,98.5,9.7
2023-07-15,Adaptive-5.1.0,214,7.8,7.3,7.0,88.5,12.5,8.4,7.5,7.4,83.2,79.8,7.7,87.7,85.1,6.5,86.9,83.4,88.9,86.2,7.6
2023-07-29,Adaptive-5.2.0,281,9.3,8.9,8.6,96.1,6.4,5.1,9.0,6.7,94.9,92.7,9.0,96.8,94.5,4.7,95.9,93.6,97.2,95.6,9.1
2023-08-12,Adaptive-5.3.0,159,7.0,6.5,6.2,82.3,18.2,11.0,6.7,8.2,75.8,72.0,6.4,80.7,77.6,7.7,79.6,76.4,81.4,78.9,6.5
2023-08-26,Adaptive-5.4.0,236,8.7,8.3,8.0,94.4,8.8,6.3,8.4,7.1,91.5,88.6,8.5,94.2,91.1,5.7,93.5,90.3,95.0,92.7,8.4
2023-09-09,Adaptive-5.5.0,302,9.4,9.0,8.7,97.0,5.9,4.6,9.1,6.6,95.7,93.5,9.1,97.6,95.3,4.3,96.8,94.2,97.9,96.1,9.2
2023-09-23,Adaptive-5.6.0,178,7.4,6.9,6.6,85.2,15.4,9.7,7.1,7.7,79.5,75.9,7.3,84.1,81.4,7.0,83.3,79.6,85.7,82.8,7.2
2023-10-07,Adaptive-5.7.0,253,8.8,8.4,8.1,94.8,8.2,6.1,8.5,7.0,92.4,89.7,8.6,95.1,92.5,5.4,94.5,91.9,95.8,93.5,8.5
2023-10-21,Cognitive-6.0.0,387,9.9,9.5,9.2,99.0,3.5,2.4,9.7,6.2,98.4,97.1,9.6,99.7,98.6,2.6,99.1,97.8,99.4,98.9,9.8
2023-11-04,Cognitive-6.1.0,231,7.9,7.4,7.1,89.1,11.8,8.1,7.6,7.3,84.0,80.5,7.8,88.4,85.8,6.4,87.6,84.1,89.6,87.0,7.7
2023-11-18,Cognitive-6.2.0,295,9.2,8.8,8.5,95.9,6.6,5.0,8.9,6.7,94.3,92.0,8.9,96.5,94.2,4.8,95.6,93.1,97.0,95.4,9.0
2023-12-02,Cognitive-6.3.0,167,6.8,6.3,6.0,80.7,19.3,11.8,6.5,8.3,73.5,69.8,6.2,78.9,75.4,8.1,78.1,74.6,80.3,77.2,6.4
2023-12-16,Cognitive-6.4.0,248,8.9,8.5,8.2,95.3,7.8,5.8,8.6,7.0,92.8,90.2,8.7,95.6,92.9,5.1,94.9,92.1,96.2,94.0,8.6
2023-12-30,Future-7.0.0,428,10.0,9.6,9.3,99.3,3.1,2.0,9.8,6.1,98.9,97.8,9.7,99.9,99.2,2.3,99.4,98.5,99.7,99.4,9.9
2024-01-13,Future-7.1.0,254,8.0,7.5,7.2,90.2,11.3,7.9,7.7,7.2,85.1,81.7,7.9,89.0,86.7,6.2,88.3,85.0,90.4,88.1,7.8
2024-01-27,Future-7.2.0,318,9.1,8.7,8.4,95.7,6.9,5.3,8.8,6.8,94.0,91.6,8.8,96.3,93.9,4.9,95.4,92.9,96.8,95.1,8.9
2024-02-10,Future-7.3.0,184,7.3,6.8,6.5,84.6,16.0,9.9,7.0,7.8,78.9,75.4,7.1,83.5,80.8,7.3,82.7,79.2,84.9,82.1,7.0
2024-02-24,Future-7.4.0,267,8.8,8.4,8.1,94.6,8.4,6.2,8.5,7.1,92.2,89.5,8.6,94.8,92.3,5.5,94.1,91.7,95.5,93.3,8.5
2024-03-09,Future-7.5.0,341,9.5,9.1,8.8,97.4,5.6,4.3,9.2,6.5,96.0,94.1,9.2,97.9,95.6,4.1,96.7,94.7,98.2,96.8,9.3
2024-03-23,Future-7.6.0,198,7.6,7.1,6.8,87.3,13.7,8.9,7.3,7.5,81.7,78.3,7.5,86.5,83.9,6.7,85.5,81.8,87.8,84.9,7.4
2024-04-06,Future-7.7.0,279,9.0,8.6,8.3,95.1,7.5,5.7,8.7,6.9,93.6,91.0,8.8,95.8,93.2,5.2,95.0,92.5,96.4,94.6,8.7
2024-04-20,Future-7.8.0,361,9.6,9.2,8.9,97.8,5.2,4.0,9.3,6.4,96.4,94.7,9.3,98.1,95.9,3.8,97.3,95.2,98.5,97.1,9.4
2024-05-04,Future-7.9.0,215,7.7,7.2,6.9,88.0,12.9,8.6,7.4,7.4,82.9,79.6,7.6,87.2,84.6,6.6,86.1,82.5,88.5,85.7,7.5
2024-05-18,Future-7.10.0,294,9.3,8.9,8.6,96.2,6.3,4.8,9.0,6.7,95.1,92.9,9.0,96.9,94.6,4.6,96.0,93.7,97.3,95.7,9.1
2024-06-01,Transcendent-8.0.0,456,10.0,9.6,9.3,99.6,2.7,1.6,9.9,6.0,99.3,98.4,9.8,99.9,99.5,2.0,99.7,99.1,99.8,99.7,10.0
2024-06-15,8.1.0,234,8.1,7.7,7.4,91.3,11.2,7.8,8.0,7.2,86.4,83.7,7.9,90.6,87.9,6.1,89.2,85.8,91.4,88.6,7.8
2024-06-29,8.2.0,297,8.9,8.5,8.2,94.7,8.4,6.1,8.6,6.8,91.8,89.2,8.7,94.1,91.5,5.0,93.3,90.6,95.2,92.7,8.5
2024-07-13,8.3.0,189,7.2,6.8,6.5,86.9,14.7,9.4,7.1,7.8,80.3,77.1,6.9,85.7,82.4,7.2,84.1,80.9,87.3,84.0,7.0
2024-07-27,8.4.0,312,9.1,8.7,8.4,95.4,7.9,5.6,8.8,6.6,93.2,90.7,8.8,95.8,93.1,4.7,94.6,92.1,96.0,94.3,8.7
2024-08-10,8.5.0,267,8.5,8.1,7.8,92.8,9.7,7.0,8.3,7.0,89.1,86.4,8.2,92.4,89.7,5.6,91.0,87.9,93.6,90.8,8.1
2024-08-24,8.6.0,345,9.4,9.0,8.7,96.1,6.8,4.9,9.1,6.4,94.7,92.3,9.1,96.5,94.0,4.2,95.3,93.0,97.1,95.6,9.0
2024-09-07,8.7.0,201,7.6,7.2,6.9,88.4,13.2,8.9,7.5,7.6,82.7,79.3,7.3,87.0,84.1,6.8,85.6,82.4,88.9,85.7,7.4
2024-09-21,8.8.0,289,8.8,8.4,8.1,94.2,8.6,6.3,8.5,6.9,92.4,89.8,8.5,94.7,91.9,5.2,93.5,90.2,95.4,93.1,8.4
2024-10-05,8.9.0,356,9.5,9.1,8.8,96.8,6.2,4.6,9.2,6.3,95.4,93.1,9.2,97.2,94.7,4.0,96.0,93.7,97.8,96.3,9.1
2024-10-19,8.10.0,223,7.9,7.5,7.2,90.1,11.8,8.2,7.8,7.4,85.3,82.6,7.6,89.4,86.6,6.3,88.0,84.7,90.7,87.9,7.7
2024-11-02,8.11.0,301,9.0,8.6,8.3,94.9,8.1,5.9,8.7,6.7,92.7,90.1,8.6,95.3,92.6,4.9,94.1,91.4,95.7,93.8,8.6
2024-11-16,8.12.0,178,7.1,6.7,6.4,86.2,15.3,9.7,7.0,7.9,79.8,76.4,6.8,85.1,81.9,7.4,83.5,80.2,86.7,83.6,6.9
2024-11-30,9.0.0,398,9.8,9.4,9.1,97.9,5.1,3.8,9.5,6.1,97.1,95.2,9.5,98.3,95.8,3.5,97.7,95.4,98.5,97.2,9.4
2024-12-14,9.1.0,245,8.2,7.8,7.5,91.7,10.8,7.5,8.1,7.1,87.2,84.5,8.0,91.0,88.3,5.9,89.6,86.5,92.3,89.4,7.9
2024-12-28,9.2.0,333,9.3,8.9,8.6,95.8,7.4,5.2,9.0,6.5,94.1,91.6,8.9,96.2,93.5,4.4,95.0,92.3,96.8,94.7,8.8
2025-01-11,9.3.0,287,8.7,8.3,8.0,93.5,9.2,6.6,8.4,6.8,90.8,88.1,8.4,93.9,91.2,5.4,92.7,89.6,94.3,92.0,8.3
2025-01-25,9.4.0,195,7.4,7.0,6.7,87.6,14.1,9.1,7.3,7.7,81.5,78.2,7.1,86.4,83.6,7.0,85.0,81.8,88.1,85.3,7.2
2025-02-08,9.5.0,371,9.6,9.2,8.9,97.3,6.0,4.3,9.3,6.2,96.0,93.8,9.3,97.7,95.2,3.8,96.5,94.1,98.1,96.8,9.2
2025-02-22,9.6.0,252,8.3,7.9,7.6,92.1,10.4,7.2,8.2,7.0,88.0,85.2,8.1,91.5,88.8,5.7,90.3,87.2,92.8,90.1,8.0
2025-03-08,9.7.0,318,9.2,8.8,8.5,95.2,7.6,5.4,8.9,6.6,93.6,91.0,8.8,95.7,93.0,4.6,94.5,91.8,96.3,94.2,8.7
2025-03-22,9.8.0,207,7.7,7.3,7.0,88.8,12.9,8.6,7.6,7.5,83.1,79.8,7.4,87.6,84.5,6.6,86.2,83.0,89.4,86.1,7.5
2025-04-05,9.9.0,294,8.9,8.5,8.2,94.4,8.3,6.0,8.6,6.9,92.1,89.5,8.6,94.9,92.2,5.1,93.7,90.9,95.5,93.4,8.5
2025-04-19,9.10.0,356,9.4,9.0,8.7,96.3,6.7,4.8,9.1,6.4,94.9,92.5,9.0,96.8,94.3,4.1,95.6,93.2,97.4,95.9,9.0
2025-05-03,9.11.0,229,8.0,7.6,7.3,90.5,11.5,7.9,7.9,7.3,86.1,83.3,7.7,89.8,87.0,6.2,88.4,85.3,91.1,88.3,7.8
2025-05-17,9.12.0,307,9.1,8.7,8.4,95.0,7.8,5.7,8.8,6.7,93.4,90.8,8.7,95.5,92.8,4.8,94.3,91.6,96.1,94.0,8.6
2025-05-31,10.0.0,412,9.9,9.5,9.2,98.4,4.6,3.5,9.6,5.9,97.8,96.1,9.6,99.0,96.5,3.2,98.2,96.0,99.1,98.0,9.5
2025-06-14,10.1.0,267,8.4,8.0,7.7,92.6,10.1,7.1,8.3,7.1,89.5,86.8,8.2,92.8,90.1,5.5,91.4,88.3,93.2,90.5,8.1
2025-06-28,10.2.0,324,9.2,8.8,8.5,95.4,7.5,5.3,8.9,6.5,93.8,91.2,8.8,95.9,93.2,4.5,94.7,92.0,96.5,94.4,8.7
2025-07-12,10.3.0,186,7.3,6.9,6.6,87.1,14.6,9.3,7.2,7.8,80.6,77.3,7.0,86.0,82.8,7.1,84.4,81.1,87.7,84.4,7.1
2025-07-26,10.4.0,298,8.9,8.5,8.2,94.6,8.2,6.0,8.6,6.8,92.4,89.7,8.6,95.1,92.4,5.0,93.9,91.1,95.7,93.6,8.5
2025-08-09,10.5.0,354,9.4,9.0,8.7,96.1,6.8,4.9,9.1,6.4,94.8,92.4,9.0,96.7,94.2,4.2,95.5,93.1,97.3,95.8,9.0
2025-08-23,10.6.0,218,7.8,7.4,7.1,89.3,12.4,8.4,7.7,7.4,84.2,81.0,7.5,88.7,85.9,6.4,87.3,84.2,90.0,87.1,7.6
2025-09-06,10.7.0,312,9.1,8.7,8.4,95.1,7.7,5.6,8.8,6.6,93.5,90.9,8.7,95.6,92.9,4.7,94.4,91.7,96.2,94.1,8.6
2025-09-20,10.8.0,278,8.6,8.2,7.9,93.2,9.4,6.7,8.4,6.9,90.4,87.6,8.3,93.6,90.9,5.3,92.4,89.3,94.0,91.7,8.2
2025-10-04,10.9.0,345,9.3,8.9,8.6,95.7,7.2,5.1,9.0,6.5,94.3,91.8,8.9,96.1,93.6,4.4,94.9,92.5,96.7,94.6,8.8
2025-10-18,10.10.0,201,7.5,7.1,6.8,88.0,13.7,8.8,7.4,7.6,82.3,79.1,7.2,87.2,84.0,6.9,85.8,82.6,88.6,85.9,7.3
2025-11-01,10.11.0,289,8.8,8.4,8.1,94.0,8.7,6.4,8.5,6.9,92.0,89.3,8.5,94.5,91.7,5.2,93.2,90.0,95.1,92.8,8.4
2025-11-15,10.12.0,367,9.5,9.1,8.8,96.6,6.4,4.5,9.2,6.3,95.2,92.9,9.1,97.0,94.5,4.0,95.8,93.5,97.6,96.1,9.1
2025-11-29,11.0.0,421,9.9,9.5,9.2,98.1,4.9,3.6,9.6,6.0,97.5,95.7,9.5,98.7,96.2,3.3,97.9,95.7,98.8,97.7,9.4
2025-12-13,11.1.0,256,8.3,7.9,7.6,92.3,10.2,7.3,8.2,7.0,88.7,85.9,8.1,92.2,89.5,5.6,90.9,87.9,93.0,90.8,8.0
