Date,Release Number,User Acceptance Pass Rate (%),Feature Acceptance Rate (%),Business Rule Validation Rate (%),UAT Test Execution Rate (%),User Satisfaction Score (1-10),Business Value Realization Score (1-10),UAT Cycle Time (Days),UAT Defect Detection Rate (%),Requirements Traceability Coverage (%),Sign-off Completion Rate (%),User Training Completion Rate (%),System Readiness Score (1-10),UAT Environment Stability (%),Stakeholder Engagement Score (1-10),UAT Test Data Quality Score (1-10),Performance in UAT Environment (%),Regression Issues in UAT (%),UAT Test Coverage (%),Accessibility Compliance Rate (%),UAT Documentation Quality Score (1-10)
2021-01-04,1.0.0,94.8,92.4,48.8,91.5,4.68,7.62,27.4,0.36,91.7,73.3,84.5,8.14,87.9,4.32,9.28,69.5,29.8,92.4,52.5,6.94
2021-01-08,1.0.1,93.3,100.0,74.7,100.0,5.78,8.71,30.4,0.67,100.0,80.8,84.0,9.34,96.0,6.82,8.83,78.3,16.5,100.0,76.4,8.85
2021-01-23,1.1.0,92.7,100.0,73.5,99.9,6.82,8.27,24.9,1.22,100.0,84.1,73.6,9.38,95.2,6.64,7.84,89.6,9.6,100.0,67.6,8.32
2021-01-29,1.1.1,92.6,100.0,94.9,96.6,5.62,7.45,18.3,1.1,97.8,94.3,94.8,9.8,98.0,8.11,7.38,87.4,7.7,99.1,88.3,8.6
2021-02-07,1.2.0,91.6,100.0,91.9,95.8,7.57,8.49,23.5,1.68,96.9,90.9,94.7,8.66,95.7,8.44,8.38,83.0,6.8,100.0,79.0,8.96
2021-02-25,2.0.0,76.7,96.1,85.0,90.6,6.96,7.08,11.6,2.16,87.8,73.0,91.5,8.04,92.3,6.68,8.94,74.8,1.8,89.1,84.9,8.32
2021-03-02,2.0.1,91.6,100.0,94.7,99.4,7.61,8.7,6.8,3.96,98.7,68.1,99.3,8.64,100.0,7.04,9.07,76.0,2.8,97.2,98.5,8.45
2021-03-17,2.1.0,96.9,100.0,87.6,98.0,6.58,9.51,14.1,1.94,99.5,80.8,100.0,8.97,100.0,5.82,8.9,78.8,4.8,92.8,95.9,7.62
2021-03-21,2.1.1,100.0,99.6,97.4,96.5,7.72,8.39,6.4,5.41,100.0,95.1,94.6,9.17,100.0,7.79,10.0,86.3,1.3,89.9,96.3,7.78
2021-04-12,3.0.0,89.2,82.9,80.8,91.4,7.97,8.89,6.1,17.93,95.8,75.4,87.0,7.6,95.5,7.64,8.74,72.3,0.5,87.6,94.0,7.84
2021-04-27,3.1.0,99.9,78.1,68.2,100.0,8.45,8.2,9.0,26.39,100.0,89.1,95.7,7.96,100.0,8.44,9.3,95.3,3.3,92.0,100.0,9.22
2021-05-05,3.2.0,95.6,81.0,71.4,96.3,7.94,7.38,8.1,37.04,100.0,92.8,100.0,9.32,100.0,9.04,7.9,94.7,5.7,98.1,100.0,7.94
2021-05-08,3.2.1,98.6,73.7,89.2,96.8,9.52,8.28,14.0,26.86,100.0,91.5,100.0,7.96,100.0,8.69,9.22,98.6,6.5,99.4,100.0,9.34
2021-05-19,3.3.0,97.2,70.5,83.4,96.0,7.75,8.42,17.9,17.9,100.0,86.7,100.0,8.6,100.0,9.29,8.35,93.1,3.6,99.1,94.4,8.53
2021-05-22,3.3.1,100.0,73.3,86.8,100.0,7.32,8.43,16.5,19.53,100.0,79.8,99.2,9.56,100.0,9.56,8.5,100.0,6.5,100.0,87.2,9.31
2021-05-31,3.4.0,100.0,68.1,75.0,98.9,8.37,8.95,21.8,13.8,99.2,86.6,84.0,9.63,100.0,9.63,8.42,100.0,2.2,100.0,91.3,8.31
2021-06-10,3.5.0,100.0,81.4,91.9,92.2,7.25,8.87,10.5,3.93,95.6,97.0,79.2,10.0,100.0,9.32,8.49,98.1,2.3,99.4,92.7,6.63
2021-06-25,3.6.0,100.0,84.7,96.0,96.8,6.38,9.88,7.5,10.15,99.8,100.0,73.5,10.0,100.0,7.93,7.62,100.0,0.9,95.7,83.6,5.9
2021-07-17,4.0.0,87.9,88.4,87.3,94.1,7.35,8.35,17.0,8.84,91.5,90.1,55.8,9.12,90.9,8.11,7.63,92.1,1.2,94.8,82.7,5.94
2021-07-20,4.0.1,92.0,96.9,96.7,100.0,9.02,7.48,23.3,2.44,100.0,95.9,63.9,9.47,100.0,10.0,9.29,100.0,0.6,97.0,94.1,7.54
2021-08-04,4.1.0,87.4,93.1,85.0,98.0,9.24,7.04,9.9,2.39,95.9,81.8,81.8,9.25,99.9,10.0,10.0,100.0,2.6,98.7,88.3,7.73
2021-08-07,4.1.1,99.1,98.3,70.3,99.5,9.23,7.94,7.7,2.85,95.3,87.4,84.6,9.67,100.0,10.0,9.3,100.0,4.2,100.0,83.3,7.59
2021-08-20,4.2.0,97.1,99.9,74.4,96.0,8.12,8.3,7.8,3.78,90.1,95.1,82.7,9.17,100.0,10.0,8.45,99.1,2.5,97.5,90.4,8.61
2021-08-27,4.2.1,95.0,97.5,87.7,99.7,7.97,8.36,9.1,4.45,99.5,100.0,74.8,8.42,100.0,9.18,7.53,93.7,7.7,100.0,99.1,8.65
2021-09-11,4.3.0,98.8,83.4,93.6,99.1,8.02,7.04,15.4,15.38,96.3,90.9,90.2,7.31,100.0,7.68,9.13,98.5,3.4,97.6,99.0,8.7
2021-09-15,4.3.1,93.8,90.8,90.0,97.9,9.14,8.65,22.5,5.13,98.1,86.5,96.2,7.79,100.0,9.13,8.94,98.5,3.4,100.0,100.0,9.97
2021-10-06,5.0.0,78.4,72.7,90.3,88.3,9.05,9.09,17.9,6.42,83.9,82.3,84.0,6.0,98.1,6.83,8.91,82.1,1.7,96.3,86.8,8.74
2021-10-14,5.1.0,75.9,86.8,100.0,98.7,8.15,9.06,20.7,2.89,98.6,74.0,79.2,6.69,100.0,8.94,9.95,99.6,4.5,100.0,90.7,8.45
2021-10-31,6.0.0,87.6,82.8,89.8,87.1,8.71,9.36,21.4,10.0,94.7,79.5,73.6,5.36,92.6,7.28,9.34,92.6,7.9,91.4,89.9,8.24
2021-11-11,6.1.0,90.7,73.8,97.9,89.7,7.71,10.0,14.0,6.19,99.2,93.6,85.5,7.49,100.0,9.41,9.5,100.0,12.8,99.2,86.3,9.55
2021-11-15,6.1.1,98.1,86.1,96.1,85.5,7.73,10.0,5.5,4.24,100.0,85.6,85.8,9.01,100.0,9.43,8.07,95.9,9.3,96.4,90.5,9.34
2021-11-22,6.2.0,95.3,88.3,91.3,93.7,7.1,10.0,10.3,10.37,100.0,89.0,88.1,8.84,98.2,9.52,9.27,100.0,3.3,95.4,94.2,9.06
2021-11-28,6.2.1,100.0,91.3,94.5,98.5,6.45,9.91,12.0,19.96,100.0,78.5,96.9,9.91,97.8,10.0,9.9,100.0,2.2,95.4,96.3,10.0
2021-12-08,6.3.0,98.2,93.8,99.0,100.0,8.4,10.0,12.6,29.76,99.3,96.9,95.3,10.0,100.0,9.82,9.48,100.0,7.1,95.2,96.9,10.0
2021-12-20,6.4.0,98.5,86.4,100.0,95.9,7.27,9.09,5.9,10.31,100.0,96.6,99.2,10.0,97.3,9.04,10.0,100.0,4.5,89.2,96.2,9.72
2021-12-30,6.5.0,99.1,93.7,100.0,89.9,6.75,9.04,13.5,15.24,99.7,91.6,87.6,9.41,100.0,7.91,10.0,96.2,1.3,93.4,90.1,8.63
2022-01-09,6.6.0,98.2,86.9,98.5,89.3,7.76,9.78,11.0,17.59,100.0,82.4,78.0,9.11,100.0,7.08,10.0,92.5,3.1,100.0,80.4,8.88
2022-01-30,7.0.0,93.0,70.1,81.1,83.3,6.88,9.51,5.9,14.51,96.1,83.0,83.2,8.72,93.5,6.49,9.38,90.9,5.5,96.2,78.3,7.73
2022-02-06,7.1.0,97.2,89.4,92.8,96.4,8.09,9.05,3.0,15.08,100.0,99.2,95.8,8.91,100.0,6.89,10.0,96.4,2.5,100.0,95.6,8.86
2022-02-19,7.2.0,95.3,99.1,98.5,88.2,9.53,9.11,5.4,21.18,100.0,94.7,98.7,9.22,100.0,5.95,10.0,99.6,2.3,100.0,99.1,9.01
2022-02-25,7.2.1,97.0,100.0,100.0,97.1,10.0,9.3,8.4,26.97,100.0,91.6,97.5,9.52,100.0,6.52,9.37,98.6,1.2,99.6,99.6,10.0
2022-03-07,7.3.0,95.3,98.1,93.3,90.9,8.91,9.41,5.5,32.04,100.0,85.1,93.8,8.96,100.0,7.54,8.56,90.6,3.3,97.8,94.1,10.0
2022-03-11,7.3.1,91.4,85.5,100.0,90.0,9.03,9.8,7.4,24.11,100.0,100.0,95.1,9.67,100.0,7.16,8.03,100.0,3.7,94.0,90.4,8.85
2022-03-18,7.4.0,86.4,98.4,98.7,96.9,9.46,9.26,10.7,38.14,100.0,87.2,94.4,9.21,100.0,7.22,8.33,100.0,1.3,89.7,88.0,8.17
2022-04-02,7.5.0,98.7,85.0,100.0,88.5,10.0,8.12,10.3,20.51,100.0,99.5,97.9,9.04,100.0,8.69,7.68,100.0,1.8,98.0,91.5,6.43
2022-04-09,7.5.1,100.0,94.6,94.3,95.9,9.83,7.43,5.3,6.77,100.0,97.3,100.0,8.17,100.0,7.38,8.29,100.0,1.0,95.9,98.5,5.36
2022-04-18,7.6.0,100.0,100.0,88.4,97.9,9.81,7.92,9.5,4.95,100.0,96.2,96.7,7.92,100.0,9.2,8.49,95.3,4.9,89.3,100.0,6.44
2022-04-25,7.7.0,100.0,100.0,97.1,94.5,9.81,8.82,12.7,6.98,98.5,92.5,100.0,9.41,100.0,8.04,8.45,90.4,8.6,95.3,97.4,5.59
2022-05-03,7.8.0,99.4,98.8,87.7,93.1,9.25,9.18,13.5,17.24,100.0,95.6,94.2,8.38,100.0,8.21,8.62,85.4,6.9,98.7,99.9,7.91
2022-05-06,7.8.1,100.0,100.0,68.9,100.0,8.5,8.13,6.5,7.93,100.0,92.5,98.6,8.64,100.0,9.54,7.74,89.1,6.3,100.0,100.0,8.95
2022-05-26,8.0.0,89.7,89.5,78.6,95.6,8.39,7.2,3.8,14.96,94.2,89.8,78.3,7.75,93.8,9.65,6.59,88.0,10.3,94.0,90.3,8.09
2022-06-10,8.1.0,100.0,100.0,85.0,100.0,9.4,7.04,4.1,3.94,98.0,100.0,86.5,6.8,100.0,10.0,6.36,94.9,6.8,93.1,89.1,8.31
2022-06-22,9.0.0,90.5,92.6,88.8,95.3,7.0,5.46,8.0,12.87,91.1,89.9,91.7,7.12,94.8,8.42,6.58,93.5,10.2,88.1,87.0,8.78
2022-06-28,9.0.1,76.0,74.5,78.9,94.9,5.47,4.99,20.7,24.39,93.1,88.8,81.2,5.8,97.2,5.89,4.64,82.8,26.5,89.6,87.8,8.18
2022-07-06,9.1.0,86.7,82.4,85.3,92.7,6.23,7.41,16.5,12.63,95.4,92.7,94.4,7.26,100.0,6.58,6.38,82.9,10.9,93.0,94.2,7.93
2022-07-10,9.1.1,97.2,99.5,97.5,97.7,7.04,8.07,8.8,22.18,91.9,96.7,97.0,9.13,100.0,9.18,6.28,95.4,15.2,99.3,93.7,7.46
2022-07-22,9.2.0,100.0,91.0,100.0,99.7,8.53,9.09,5.1,25.73,95.2,100.0,81.2,9.08,100.0,8.19,5.58,97.4,20.2,94.6,91.9,7.37
2022-08-04,9.3.0,100.0,97.7,95.3,92.6,9.99,8.76,4.5,10.05,100.0,98.4,93.8,9.18,100.0,8.53,8.0,89.1,16.9,97.8,83.0,8.24
2022-08-18,9.4.0,100.0,100.0,99.7,88.5,7.85,8.53,5.0,8.63,100.0,100.0,93.8,8.36,100.0,7.63,7.83,99.9,7.8,97.2,88.7,7.61
2022-08-29,10.0.0,87.0,96.9,84.7,77.9,7.99,6.71,10.9,23.83,94.4,93.4,79.4,8.1,95.6,6.0,8.25,94.1,8.5,87.2,91.5,7.66
2022-09-11,11.0.0,90.8,94.6,84.9,88.7,8.03,6.67,6.9,37.4,92.7,92.6,79.9,7.95,96.7,6.75,7.45,97.4,6.0,90.2,80.8,9.02
2022-09-15,11.0.1,100.0,100.0,100.0,100.0,8.57,6.54,5.2,38.07,100.0,100.0,92.8,7.37,100.0,7.53,9.26,98.7,2.5,95.5,78.5,8.19
2022-09-24,11.1.0,100.0,100.0,100.0,94.6,9.0,5.41,12.3,12.81,98.1,100.0,83.2,8.42,100.0,7.34,7.75,98.0,4.4,96.8,88.0,7.53
2022-10-09,11.2.0,94.1,100.0,100.0,98.1,9.12,5.41,19.1,22.01,94.2,94.7,88.7,9.43,100.0,6.25,8.05,99.4,1.6,100.0,85.3,6.47
2022-10-15,11.2.1,91.0,100.0,95.6,93.2,8.81,6.26,9.7,11.99,100.0,92.3,100.0,10.0,100.0,7.3,7.21,100.0,1.5,100.0,80.7,6.04
2022-10-24,11.3.0,97.0,96.1,79.0,91.5,8.58,5.95,15.3,20.53,100.0,82.7,100.0,10.0,100.0,8.78,8.87,100.0,1.5,95.8,74.1,6.36
2022-11-08,11.4.0,100.0,100.0,78.7,83.5,9.29,5.95,6.7,10.28,100.0,85.0,100.0,10.0,99.3,7.87,8.47,100.0,0.3,89.8,86.6,6.15
2022-11-19,11.5.0,94.6,99.3,93.2,90.3,9.7,6.96,4.9,15.03,100.0,98.5,100.0,10.0,98.2,8.77,9.06,100.0,1.7,88.2,86.1,7.23
2022-11-30,11.6.0,98.7,100.0,97.3,87.3,9.57,5.81,4.4,7.56,100.0,100.0,100.0,10.0,100.0,7.25,9.12,100.0,1.8,83.9,96.0,7.89
2022-12-16,12.0.0,80.9,83.5,91.6,87.0,8.16,6.38,4.7,5.8,92.3,88.6,91.6,8.72,95.8,6.15,7.92,94.8,6.3,79.2,92.0,7.92
2022-12-24,12.1.0,96.8,91.4,94.9,97.6,10.0,7.76,6.9,9.15,100.0,90.9,94.6,7.97,100.0,5.43,8.83,100.0,3.9,95.0,97.9,8.01
2023-01-08,12.2.0,100.0,91.1,96.6,96.3,10.0,9.14,6.9,2.98,100.0,93.2,99.9,7.5,100.0,7.47,9.72,100.0,3.3,99.3,93.6,7.83
2023-01-15,12.3.0,97.9,98.7,88.1,100.0,10.0,9.21,10.0,14.15,100.0,100.0,95.6,9.13,100.0,8.51,9.92,100.0,1.4,95.4,93.1,7.3
2023-01-18,12.3.1,100.0,100.0,97.5,100.0,9.24,8.81,6.3,5.52,100.0,96.9,98.5,8.49,100.0,7.63,9.32,100.0,1.7,99.2,93.6,7.38
2023-01-31,13.0.0,94.3,95.5,91.3,94.8,8.67,7.41,7.7,2.22,98.4,82.5,78.7,7.95,93.0,7.49,8.95,96.1,2.6,95.7,77.7,7.75
2023-02-14,14.0.0,93.3,96.5,87.3,90.8,8.41,7.13,7.2,7.23,95.9,83.0,92.6,8.53,92.1,8.48,9.83,86.9,5.7,95.8,92.0,6.19
2023-02-22,14.1.0,76.8,85.3,75.3,77.6,5.3,6.73,14.4,31.83,90.2,80.6,76.4,7.08,92.5,7.38,6.79,70.7,14.3,91.0,81.6,5.18
2023-03-01,14.2.0,95.8,89.2,75.7,88.3,6.42,7.97,9.6,14.98,95.4,93.1,94.2,6.82,98.5,7.96,6.88,84.0,16.2,94.0,90.1,5.92
2023-03-07,14.2.1,100.0,88.5,86.7,96.7,6.26,8.15,6.9,6.42,99.2,89.8,94.6,8.09,100.0,6.94,6.56,87.2,13.2,97.2,82.9,6.48
2023-03-22,14.3.0,100.0,91.0,86.5,87.9,6.53,8.93,3.7,3.33,94.3,100.0,85.7,7.97,97.9,6.81,5.65,88.0,4.4,92.9,87.4,5.64
2023-03-25,14.3.1,100.0,96.7,99.0,85.8,6.09,8.63,3.3,1.34,91.6,100.0,99.5,9.68,100.0,7.99,5.94,100.0,1.9,88.8,85.3,6.26
2023-04-03,14.4.0,100.0,96.8,94.2,85.8,7.02,8.45,3.1,3.49,92.3,100.0,91.3,10.0,99.6,9.52,5.43,99.0,3.9,81.2,86.8,7.12
2023-04-14,14.5.0,100.0,91.0,99.6,81.2,8.59,8.04,3.4,3.95,88.1,94.8,80.8,9.44,100.0,9.33,6.05,100.0,1.5,73.3,75.6,8.06
2023-04-21,14.5.1,100.0,100.0,93.3,91.3,8.77,7.61,8.9,7.13,81.9,100.0,69.6,10.0,100.0,8.37,7.3,100.0,3.6,89.4,75.9,6.94
2023-05-10,15.0.0,93.3,83.2,73.1,87.9,7.06,8.05,17.3,11.7,84.2,95.3,81.9,9.06,96.5,9.38,6.97,86.7,7.3,83.7,73.0,7.15
2023-05-30,16.0.0,89.1,77.7,72.3,88.4,6.36,6.56,7.1,18.48,85.3,94.2,88.9,8.15,97.1,9.26,6.79,80.9,10.5,83.8,77.8,8.14
2023-06-16,17.0.0,82.8,68.5,82.5,95.5,6.73,7.26,8.5,10.09,90.9,91.4,80.5,8.02,98.5,7.48,7.89,90.2,4.8,85.0,78.2,7.91
2023-06-21,17.0.1,82.3,78.2,90.9,99.8,6.17,7.39,12.4,4.5,86.0,100.0,85.0,9.62,100.0,8.19,9.03,100.0,8.3,100.0,91.7,8.42
2023-06-29,17.1.0,74.8,79.8,72.9,87.8,5.47,4.58,18.2,20.72,91.5,89.4,78.7,6.8,96.8,7.11,7.84,87.6,16.4,82.6,84.5,4.74
2023-07-13,17.2.0,80.8,85.4,77.6,90.1,8.3,4.75,16.5,12.22,92.1,99.8,94.9,7.81,100.0,8.14,9.58,87.8,7.5,81.9,88.5,5.44
2023-07-27,17.3.0,92.3,91.1,75.8,95.8,7.8,6.14,19.2,10.76,91.5,100.0,96.6,7.04,100.0,9.23,8.86,100.0,4.8,82.2,83.4,6.8
2023-08-03,17.4.0,84.4,98.9,66.4,98.5,8.38,7.0,8.1,4.74,89.1,100.0,100.0,6.54,100.0,7.81,10.0,96.3,5.6,88.9,71.1,8.57
2023-08-09,17.4.1,74.3,82.6,45.0,85.7,6.25,5.92,16.2,21.53,93.6,88.8,89.4,4.93,92.1,4.66,7.86,91.5,10.1,88.8,60.3,6.08
2023-08-16,17.5.0,76.6,93.3,59.1,91.7,6.94,8.05,19.5,8.37,98.7,99.5,99.0,4.91,97.2,5.74,9.35,93.5,6.9,95.6,56.0,8.5
2023-08-29,17.6.0,83.4,96.5,62.1,95.7,7.94,6.97,7.5,4.98,99.1,99.0,97.4,5.89,97.9,6.7,10.0,98.9,10.1,100.0,87.9,8.89
2023-09-12,17.7.0,80.0,88.6,89.9,100.0,7.78,7.83,5.7,9.71,98.9,95.1,90.5,8.22,100.0,7.74,9.52,100.0,13.4,100.0,89.9,8.05
2023-09-20,17.8.0,83.6,86.3,73.8,100.0,7.13,8.76,4.0,3.53,100.0,92.7,87.0,8.19,100.0,8.37,9.11,100.0,11.9,99.4,99.2,8.99
2023-09-30,17.9.0,83.1,90.3,84.8,99.5,5.85,8.8,7.5,9.65,97.0,90.1,96.0,9.25,100.0,10.0,8.63,100.0,9.1,100.0,100.0,7.6
2023-10-12,18.0.0,81.5,94.3,92.9,96.2,6.43,8.24,14.6,3.31,92.4,93.0,87.7,9.23,93.4,8.26,7.01,97.0,5.5,89.1,90.1,8.0
2023-10-29,19.0.0,74.2,97.6,88.7,97.0,8.14,6.86,12.4,1.31,91.3,85.4,88.6,8.0,89.9,7.83,5.87,99.9,2.8,89.7,88.7,7.02
2023-11-05,19.0.1,95.4,100.0,95.4,100.0,9.47,6.76,10.0,1.05,100.0,91.2,98.2,7.94,100.0,8.07,6.1,100.0,0.8,100.0,100.0,6.77
2023-11-12,19.1.0,89.4,100.0,95.5,96.4,10.0,8.2,3.9,1.67,100.0,93.7,96.2,8.86,100.0,9.03,7.28,100.0,2.0,100.0,100.0,8.07
2023-11-16,19.1.1,97.3,100.0,100.0,94.0,9.13,7.86,9.7,4.43,100.0,100.0,98.0,8.08,100.0,10.0,8.75,92.3,4.3,100.0,100.0,8.19
2023-12-01,19.2.0,81.6,99.8,92.0,85.8,10.0,9.41,6.7,11.88,93.6,100.0,100.0,9.0,100.0,9.11,9.09,100.0,4.4,95.7,100.0,9.1
2023-12-05,19.2.1,76.5,99.8,84.8,95.3,8.72,8.21,5.6,17.92,97.7,100.0,94.1,10.0,100.0,10.0,8.79,100.0,2.2,90.4,100.0,8.17
2023-12-13,19.3.0,79.1,93.2,94.0,100.0,9.28,9.34,9.9,23.0,91.7,100.0,91.3,8.41,100.0,9.13,7.58,100.0,3.2,83.0,100.0,6.82
2023-12-18,19.3.1,98.9,100.0,79.3,100.0,10.0,8.42,9.2,10.64,99.6,100.0,78.2,8.17,100.0,9.79,7.85,99.3,7.5,88.5,100.0,6.97
2023-12-29,19.4.0,100.0,99.7,94.2,100.0,10.0,9.08,13.5,4.23,99.2,100.0,85.9,7.93,100.0,10.0,6.96,98.3,9.6,98.3,100.0,8.75
2024-01-10,19.5.0,99.7,90.0,88.7,100.0,10.0,8.55,14.7,8.47,95.5,100.0,84.5,7.56,100.0,8.45,5.85,100.0,7.7,100.0,100.0,9.41
2024-01-24,20.0.0,87.5,93.6,85.5,98.0,9.2,7.64,14.4,20.92,82.4,80.7,94.6,6.78,93.6,8.46,4.91,90.2,15.3,90.4,93.2,9.19
2024-01-31,20.0.1,83.5,86.6,85.0,97.7,9.26,9.04,12.7,7.52,100.0,100.0,97.8,7.28,100.0,7.55,7.69,99.6,18.8,100.0,100.0,10.0
2024-02-11,20.1.0,90.3,88.1,98.7,94.6,8.09,7.84,5.2,17.54,100.0,100.0,93.4,7.59,100.0,8.33,9.18,90.9,11.4,100.0,99.9,9.07
2024-02-20,20.2.0,100.0,98.9,97.5,94.3,8.5,8.9,5.0,5.18,100.0,100.0,91.7,7.98,100.0,7.44,9.62,95.6,7.0,100.0,89.2,10.0
2024-03-06,20.3.0,100.0,100.0,94.4,100.0,8.97,8.38,9.7,8.58,100.0,99.2,100.0,9.04,100.0,8.11,9.23,100.0,8.9,100.0,98.4,10.0
2024-03-21,20.4.0,100.0,98.5,89.8,99.0,8.91,8.44,4.5,8.17,100.0,100.0,90.3,9.01,100.0,8.99,7.64,97.0,3.7,100.0,90.0,10.0
2024-04-01,20.5.0,100.0,100.0,88.1,100.0,8.12,7.16,3.4,6.85,100.0,100.0,85.0,9.9,100.0,10.0,7.58,90.4,7.3,100.0,80.1,10.0
2024-04-04,20.5.1,100.0,100.0,100.0,100.0,8.03,7.18,2.5,7.56,100.0,100.0,89.5,9.15,100.0,10.0,8.66,100.0,6.6,100.0,96.8,8.88
2024-04-16,20.6.0,89.4,87.9,92.7,94.9,8.57,8.61,3.8,3.09,100.0,100.0,82.6,7.95,100.0,9.89,9.19,91.9,7.9,100.0,100.0,7.56
2024-04-21,20.6.1,93.5,96.8,100.0,95.2,8.63,9.34,8.9,6.71,100.0,100.0,94.0,7.91,100.0,9.27,9.65,100.0,3.9,100.0,100.0,7.95
2024-04-29,20.7.0,100.0,81.2,100.0,100.0,7.53,9.5,10.5,7.97,100.0,99.5,91.3,8.42,100.0,8.71,10.0,100.0,1.9,100.0,86.1,9.08
2024-05-11,20.8.0,96.1,77.3,100.0,100.0,6.25,9.14,3.9,15.47,100.0,96.9,95.2,9.41,100.0,7.75,10.0,100.0,0.8,100.0,96.5,7.67
2024-05-25,20.9.0,100.0,92.1,100.0,100.0,6.54,10.0,6.6,23.01,100.0,100.0,94.9,10.0,100.0,7.82,9.58,100.0,3.8,98.9,100.0,8.04
2024-06-01,20.10.0,98.7,78.8,91.8,99.4,4.22,8.49,10.8,28.83,100.0,88.3,80.4,8.6,100.0,6.3,9.22,98.9,13.0,94.5,92.7,6.41
2024-06-20,21.0.0,90.6,85.3,95.2,93.9,4.96,7.42,9.6,12.48,95.4,72.2,71.4,8.88,96.5,6.09,7.74,93.1,12.0,91.4,91.4,5.37
2024-06-28,21.1.0,100.0,84.5,100.0,96.8,6.22,9.1,6.8,4.54,100.0,93.4,84.8,10.0,100.0,5.92,7.55,97.5,9.7,100.0,99.6,6.28
2024-07-17,22.0.0,96.5,89.8,98.2,83.1,6.56,9.21,4.0,12.73,98.5,94.1,70.0,8.85,98.3,4.69,7.45,98.2,2.7,99.6,90.5,6.92
2024-07-27,22.1.0,100.0,83.8,100.0,100.0,6.8,9.99,3.7,21.9,100.0,100.0,72.3,9.23,100.0,4.12,8.96,95.6,1.4,100.0,89.7,6.49
2024-08-03,22.2.0,100.0,99.6,100.0,100.0,8.74,9.03,3.2,26.82,100.0,100.0,85.8,10.0,100.0,4.52,8.36,95.8,1.3,99.7,84.6,8.43
2024-08-25,23.0.0,94.2,90.5,95.1,89.5,7.05,8.6,4.7,21.15,96.4,99.9,95.1,9.7,97.4,6.5,7.24,90.6,0.4,83.0,87.4,8.39
2024-09-06,24.0.0,97.9,99.5,87.3,95.1,8.61,9.16,3.3,21.98,97.5,100.0,100.0,9.52,98.1,5.37,8.62,99.0,0.2,89.8,91.8,8.42
2024-09-18,24.1.0,100.0,95.8,95.4,93.6,8.86,9.96,1.8,27.37,100.0,100.0,100.0,10.0,100.0,6.99,8.45,100.0,0.0,100.0,100.0,9.09
2024-09-26,24.2.0,97.9,100.0,85.9,90.5,8.05,8.17,4.1,17.1,100.0,97.9,91.5,9.12,100.0,7.53,7.5,96.7,0.5,100.0,93.7,7.65
2024-10-03,24.2.1,88.4,100.0,85.0,98.4,9.08,7.69,8.5,15.06,100.0,100.0,100.0,8.52,100.0,6.44,8.99,100.0,1.0,100.0,84.3,7.33
2024-10-16,24.3.0,100.0,81.0,71.8,100.0,8.55,7.2,10.4,4.24,100.0,100.0,100.0,7.56,100.0,6.65,9.63,100.0,3.9,100.0,84.1,8.13
2024-10-30,24.4.0,97.1,85.5,89.3,100.0,7.93,6.47,6.0,5.95,100.0,89.8,100.0,8.0,100.0,8.24,10.0,100.0,10.2,100.0,75.9,7.39
2024-11-09,24.5.0,100.0,99.7,79.8,100.0,9.23,5.61,3.6,15.24,100.0,79.6,100.0,7.87,100.0,7.32,9.62,100.0,13.0,100.0,87.3,8.01
2024-11-25,25.0.0,98.4,95.2,62.3,95.6,7.06,7.08,3.0,21.38,97.1,92.7,91.8,7.74,100.0,7.51,7.66,99.5,8.6,98.6,71.5,6.8
2024-12-01,25.0.1,100.0,100.0,68.5,100.0,8.12,7.23,5.1,18.95,100.0,100.0,100.0,8.23,100.0,8.42,8.41,100.0,14.5,100.0,95.5,8.3
2024-12-15,25.1.0,99.3,100.0,63.1,100.0,8.4,6.25,3.5,6.25,100.0,94.5,100.0,7.08,100.0,7.83,7.23,100.0,4.3,96.3,89.3,9.02
2024-12-22,25.1.1,100.0,100.0,65.8,100.0,10.0,5.43,6.5,2.9,100.0,90.6,100.0,8.71,100.0,8.81,7.71,100.0,1.1,99.9,100.0,7.53
2025-01-02,26.0.0,94.8,96.9,70.2,96.1,8.43,6.99,10.0,4.92,100.0,84.3,94.8,6.54,100.0,8.6,8.04,97.4,0.8,95.4,93.5,7.26
2025-01-14,26.1.0,100.0,100.0,78.3,100.0,10.0,7.42,15.1,4.52,100.0,100.0,100.0,6.85,100.0,8.7,9.57,100.0,2.9,100.0,94.4,6.69
2025-01-21,26.2.0,100.0,96.3,90.6,100.0,10.0,7.35,16.7,6.43,100.0,100.0,100.0,6.67,100.0,10.0,8.97,93.2,3.6,100.0,100.0,5.64
2025-01-25,26.2.1,100.0,98.9,97.6,100.0,8.96,7.39,15.9,8.05,100.0,97.7,100.0,6.18,100.0,10.0,9.71,100.0,1.2,100.0,100.0,5.93
2025-02-08,26.3.0,100.0,97.0,100.0,100.0,7.65,8.01,6.9,5.91,100.0,99.3,100.0,7.06,100.0,8.57,8.45,100.0,0.9,100.0,100.0,8.37
2025-02-17,26.4.0,100.0,100.0,90.9,100.0,8.23,7.59,9.0,6.59,100.0,93.4,100.0,8.89,100.0,8.28,9.29,100.0,0.3,100.0,100.0,9.1
2025-03-03,26.5.0,100.0,100.0,76.0,91.2,7.56,6.41,8.0,6.13,100.0,100.0,100.0,7.73,100.0,10.0,9.6,92.2,0.1,99.9,100.0,10.0
2025-03-14,26.6.0,100.0,94.9,92.5,96.9,8.53,5.65,5.3,2.82,100.0,100.0,100.0,7.5,100.0,8.4,8.63,100.0,1.8,94.5,100.0,10.0
2025-03-23,26.7.0,97.9,87.8,95.4,90.4,8.11,4.69,11.7,12.77,100.0,96.5,100.0,6.67,100.0,8.57,9.0,100.0,1.8,96.8,97.8,10.0
2025-04-02,26.8.0,99.9,100.0,100.0,82.8,7.32,6.65,8.0,7.23,98.9,100.0,100.0,6.72,100.0,10.0,9.77,100.0,7.4,94.1,95.6,10.0
2025-04-19,27.0.0,99.7,89.0,86.0,90.9,6.15,7.39,5.4,2.33,88.8,99.3,99.5,6.91,99.1,9.42,8.78,89.4,3.7,88.4,90.3,8.77
2025-04-25,27.0.1,100.0,100.0,87.0,100.0,8.28,9.7,9.8,9.89,100.0,100.0,100.0,9.03,100.0,10.0,8.54,100.0,5.0,100.0,100.0,9.75
2025-05-07,27.1.0,100.0,93.4,83.2,99.3,6.96,7.91,6.7,4.65,100.0,100.0,100.0,7.29,100.0,10.0,8.51,92.6,5.6,97.1,100.0,10.0
2025-05-29,28.0.0,90.0,90.6,82.0,97.7,7.6,8.0,4.4,10.39,100.0,96.6,85.4,7.75,100.0,9.18,8.54,87.2,8.9,90.1,96.0,9.74
2025-06-12,28.1.0,100.0,100.0,92.7,100.0,9.63,7.86,2.6,5.69,100.0,100.0,100.0,7.37,100.0,8.69,7.98,100.0,7.8,100.0,99.0,10.0
2025-07-02,29.0.0,91.9,96.7,88.2,98.2,8.39,8.99,2.0,9.44,100.0,100.0,97.5,6.33,94.2,8.51,6.74,98.3,13.7,94.6,87.1,9.4
2025-07-08,29.0.1,100.0,100.0,96.3,100.0,8.01,10.0,1.2,8.01,100.0,100.0,100.0,7.66,100.0,8.74,8.36,100.0,12.9,100.0,85.9,10.0
2025-07-17,29.1.0,100.0,100.0,100.0,99.5,8.98,10.0,3.6,16.78,100.0,97.8,100.0,8.47,100.0,8.25,9.02,100.0,4.4,100.0,95.9,10.0
2025-07-22,29.1.1,81.9,84.7,88.5,94.9,6.16,8.45,12.5,27.07,99.6,85.0,88.6,6.73,99.3,7.18,8.25,78.5,16.4,88.1,73.4,8.6
2025-07-30,29.2.0,85.3,100.0,92.0,99.4,6.13,9.58,5.0,12.68,100.0,95.8,99.2,6.77,100.0,7.73,9.65,83.9,9.7,88.9,85.3,9.73
2025-08-03,29.2.1,100.0,99.8,94.5,100.0,8.86,9.31,4.3,10.67,100.0,100.0,100.0,7.64,100.0,10.0,8.49,100.0,4.2,90.2,93.2,9.78
2025-08-25,30.0.0,93.4,78.7,94.3,97.9,7.0,7.76,3.3,7.11,98.1,81.3,99.1,6.74,98.9,9.28,9.35,87.5,6.0,81.4,87.1,8.12
2025-08-30,30.0.1,83.2,63.0,87.9,100.0,4.86,5.42,12.2,15.87,96.0,90.4,90.2,6.84,100.0,7.5,8.63,95.8,16.4,87.2,83.1,5.44
2025-09-11,31.0.0,73.4,63.0,85.8,96.2,6.63,6.82,11.3,7.25,91.7,80.4,82.4,8.29,95.1,6.46,7.18,92.4,8.6,81.5,76.9,5.71
2025-09-29,32.0.0,72.2,72.2,89.0,97.9,7.03,8.51,9.1,11.94,95.6,92.3,93.0,9.24,99.9,8.8,6.78,98.2,5.0,82.9,83.4,6.53
2025-10-14,32.1.0,93.1,100.0,89.9,100.0,9.5,8.8,14.7,2.61,98.4,100.0,89.8,9.68,100.0,9.73,7.14,100.0,1.4,100.0,93.7,6.35
2025-10-28,32.2.0,100.0,88.0,90.9,100.0,9.26,7.75,9.9,4.93,100.0,100.0,78.3,10.0,100.0,7.84,8.4,100.0,0.2,99.1,95.5,8.66
2025-11-01,32.2.1,93.9,82.5,71.5,100.0,8.88,7.12,13.3,3.68,100.0,100.0,88.4,9.35,100.0,8.73,7.21,100.0,0.7,100.0,100.0,9.08
2025-11-12,32.3.0,91.9,89.1,90.0,100.0,9.36,7.48,7.0,15.18,100.0,100.0,86.8,10.0,100.0,8.7,7.58,100.0,2.6,96.5,100.0,8.87
2025-11-23,32.4.0,100.0,100.0,78.7,100.0,9.41,8.84,7.0,5.57,100.0,100.0,100.0,9.14,100.0,7.98,8.47,95.1,1.5,94.1,100.0,7.57
