Date,Release Number,Cyclomatic Complexity,Code Smells,Lines of Code,Unit Test Coverage (%),Integration Test Coverage (%),Static Analysis Issues,Number of Commits,Commits per Release,Commit Frequency (Commits/Day),Pull Requests Merged,Pull Requests Declined,Code Review Comments,Defects Identified (Unit),Defects Identified (Integration),Defects Identified (UAT),Defects Reopened,Time to Resolve Defects (Hours),Code Review Turnaround Time (Hours),Defect Density (Defects/KLOC),Security Vulnerabilities,Technical Debt (Hours),Code Coverage Pass Rate (%),Code Duplication Rate (%),Dead Code Percentage (%)
2021-01-04,1.0.0,16.9,123.5,13755,64.2,95.3,5.9,352,260,6,11,2,425.8,2.1,14.8,2.1,9.7,2.8,13.4,1.96,2,6.7,93.5,9.9,3.3
2021-01-08,1.0.1,24.0,194.6,28193,96.3,99.4,7.3,564,166,22,44,2,365.5,2.0,6.7,2.9,8.6,3.9,23.4,0.38,5,53.2,94.5,2.4,1.6
2021-01-23,1.1.0,27.3,81.9,23592,95.7,95.0,11.5,455,462,11,99,1,460.4,2.0,5.8,7.9,4.9,9.6,13.6,0.63,6,42.4,87.1,3.5,3.4
2021-01-29,1.1.1,17.6,62.7,45248,98.6,77.5,51.0,811,178,21,149,0,536.6,5.9,5.7,12.6,3.9,14.8,26.9,1.3,6,16.6,87.5,6.2,3.4
2021-02-07,1.2.0,28.9,224.8,79121,75.6,51.3,237.3,565,465,23,200,3,514.8,16.5,12.0,14.5,5.3,36.6,13.4,3.9,7,297.7,82.7,15.1,7.6
2021-02-25,2.0.0,18.5,101.1,50160,77.6,66.0,134.0,385,252,44,113,2,315.3,15.1,8.0,9.9,3.5,33.1,10.1,2.77,1,135.4,86.1,6.5,5.0
2021-03-02,2.0.1,24.7,106.7,71536,82.6,88.4,63.0,416,429,30,136,1,135.2,10.6,4.5,10.5,1.5,20.1,5.7,0.75,1,86.2,97.0,10.0,4.9
2021-03-17,2.1.0,18.3,114.8,74757,86.2,97.9,50.3,291,199,12,72,0,117.7,5.3,5.1,8.2,1.0,10.2,7.2,2.05,0,188.3,89.7,12.7,5.0
2021-03-21,2.1.1,20.9,200.1,99169,81.5,90.0,80.2,497,260,8,30,1,87.8,6.8,3.9,8.8,1.9,12.5,6.1,2.97,3,141.4,98.3,4.2,2.0
2021-04-12,3.0.0,13.6,84.6,79638,78.1,77.2,130.0,261,278,8,70,1,153.4,12.7,3.1,13.9,2.1,6.0,12.8,1.15,3,110.7,84.1,1.6,2.9
2021-04-27,3.1.0,15.1,150.5,52514,70.4,69.1,68.5,592,299,7,109,1,179.8,13.6,4.8,9.7,1.0,10.7,6.1,0.24,6,46.6,79.5,0.4,4.4
2021-05-05,3.2.0,11.9,88.6,59186,71.4,72.6,150.6,860,518,6,66,1,261.3,11.7,4.9,5.9,1.0,4.4,9.7,0.57,5,18.0,80.3,3.8,8.1
2021-05-08,3.2.1,14.2,66.3,102455,97.3,57.2,88.1,672,651,8,31,1,405.1,6.7,7.6,4.8,3.9,2.9,10.7,1.59,5,35.6,98.8,5.4,7.1
2021-05-19,3.3.0,7.6,37.0,75028,99.1,43.8,61.6,639,336,11,21,1,294.0,5.9,6.8,6.8,2.9,1.9,6.5,0.95,5,65.5,100.0,9.6,1.7
2021-05-22,3.3.1,7.9,23.8,112560,100.0,48.3,60.4,834,312,18,15,2,482.7,11.7,8.5,4.7,0.9,3.2,7.9,1.69,6,90.8,100.0,5.7,1.1
2021-05-31,3.4.0,7.5,57.4,130741,100.0,81.4,148.3,237,113,9,42,1,402.8,5.8,5.8,6.8,0.0,18.3,7.5,0.33,7,60.1,91.5,2.6,1.1
2021-06-10,3.5.0,5.2,35.3,88701,100.0,78.7,145.7,126,167,8,17,0,188.8,3.9,5.8,4.8,2.0,13.2,7.3,0.16,3,76.1,83.3,8.5,1.4
2021-06-25,3.6.0,5.3,85.2,76833,98.1,83.5,77.5,342,112,9,33,1,150.5,8.8,3.9,9.7,3.9,20.8,5.4,0.02,2,28.1,89.5,5.0,1.6
2021-07-17,4.0.0,6.9,60.8,61794,83.9,70.7,172.8,370,135,9,19,1,112.0,7.3,6.3,15.7,3.2,43.1,3.7,0.05,3,74.7,87.2,6.3,0.6
2021-07-20,4.0.1,6.6,28.2,34126,99.9,61.7,333.0,225,88,26,15,2,200.2,4.8,5.7,9.5,4.8,28.8,3.1,1.26,2,80.8,100.0,1.9,0.4
2021-08-04,4.1.0,11.0,29.7,35617,97.6,83.6,248.7,265,147,26,27,2,135.6,9.7,5.9,11.8,4.9,13.0,1.4,3.45,3,301.7,100.0,1.3,0.0
2021-08-07,4.1.1,7.5,60.5,45283,100.0,63.3,329.0,119,80,12,23,1,148.3,9.5,7.6,7.7,4.8,8.5,4.1,2.83,5,182.2,98.0,6.6,0.0
2021-08-20,4.2.0,13.3,57.1,36035,99.6,60.5,401.8,133,109,17,52,1,151.7,7.8,9.8,7.8,2.9,9.5,2.0,1.41,4,62.6,99.8,3.2,0.4
2021-08-27,4.2.1,17.4,69.0,46960,100.0,78.0,152.5,105,71,25,25,2,129.8,4.8,10.5,13.3,3.8,5.7,2.1,1.18,5,72.6,95.2,7.5,2.6
2021-09-11,4.3.0,24.2,106.8,46023,99.8,80.5,171.9,245,43,20,20,3,225.0,10.8,9.8,9.8,3.9,4.8,5.4,1.87,8,62.3,97.4,2.4,4.9
2021-09-15,4.3.1,17.6,142.7,60354,100.0,75.9,64.9,439,220,10,14,2,284.6,9.4,10.6,9.6,4.8,13.9,7.2,0.46,9,113.7,94.6,1.9,1.6
2021-10-06,5.0.0,8.8,112.4,75453,97.6,52.1,87.6,527,316,23,12,2,404.8,12.4,6.4,7.3,3.2,27.5,3.4,0.46,7,117.0,92.1,2.9,2.3
2021-10-14,5.1.0,5.9,55.5,64182,98.7,56.4,57.1,461,517,13,42,4,247.8,12.7,7.8,11.6,3.9,9.7,3.6,1.93,3,41.6,98.6,11.2,0.6
2021-10-31,6.0.0,18.2,170.5,72075,73.3,35.0,185.4,491,1000,2,149,6,594.2,14.9,9.1,11.6,10.5,28.1,12.3,2.97,5,198.4,76.3,12.8,3.5
2021-11-11,6.1.0,10.2,140.4,78285,84.9,38.4,86.7,378,446,16,87,4,260.9,8.9,5.4,7.9,5.2,14.0,8.1,1.07,4,125.9,93.5,11.0,1.4
2021-11-15,6.1.1,8.4,55.2,59671,84.0,78.4,68.5,428,603,34,45,4,132.3,11.5,6.3,9.5,6.2,15.5,9.4,0.72,2,208.9,88.3,14.1,1.0
2021-11-22,6.2.0,11.1,31.6,50880,93.1,67.4,106.8,829,217,51,33,5,86.7,12.9,7.0,7.0,7.1,23.8,4.5,1.32,2,170.2,84.0,5.8,1.0
2021-11-28,6.2.1,10.5,20.3,39241,97.2,82.2,99.1,909,344,50,54,5,112.3,6.7,3.8,11.4,4.7,38.0,1.5,0.35,1,253.9,89.6,3.7,1.3
2021-12-08,6.3.0,7.8,34.2,31606,96.3,84.1,37.0,234,227,23,40,5,238.7,8.6,3.8,15.5,3.8,20.4,4.6,0.73,1,430.4,77.5,5.3,2.8
2021-12-20,6.4.0,9.3,22.7,58875,99.4,96.1,19.8,199,130,41,48,3,160.0,7.8,3.8,7.7,4.9,11.3,3.4,1.37,2,282.5,81.9,1.0,1.9
2021-12-30,6.5.0,6.9,66.9,95993,88.4,89.4,9.0,150,229,18,46,2,138.4,4.8,3.8,13.6,5.8,15.2,1.4,3.57,6,67.4,87.7,1.8,2.0
2022-01-09,6.6.0,6.5,31.7,80142,98.9,95.9,48.1,210,379,19,30,3,141.3,6.8,5.8,7.7,3.9,8.9,2.0,2.06,4,88.4,98.2,7.8,0.8
2022-01-30,7.0.0,8.6,13.3,59962,88.9,85.5,102.8,228,514,8,23,5,190.5,4.0,9.3,12.7,3.1,9.9,6.3,1.99,2,273.9,90.4,9.6,0.4
2022-02-06,7.1.0,14.5,25.0,78928,99.1,95.6,145.7,187,385,6,39,6,157.6,4.8,8.7,11.6,3.9,7.9,2.7,3.4,4,370.1,100.0,7.0,0.1
2022-02-19,7.2.0,9.2,38.3,60449,100.0,79.2,73.7,373,319,10,22,5,107.1,4.7,4.8,8.7,3.8,2.9,6.2,1.44,8,396.8,100.0,7.1,1.1
2022-02-25,7.2.1,15.1,13.5,50299,100.0,58.0,114.7,170,354,16,43,6,86.5,4.8,2.8,8.6,2.8,7.7,3.7,0.47,8,124.4,96.4,9.3,1.2
2022-03-07,7.3.0,13.8,18.6,55392,100.0,79.4,81.8,119,339,8,32,2,68.8,5.7,2.9,9.6,5.8,8.1,4.3,1.05,7,83.2,96.0,13.0,0.4
2022-03-11,7.3.1,8.8,26.4,39080,91.7,86.8,39.9,93,374,16,39,2,175.6,3.7,1.8,10.3,1.9,21.5,2.0,2.61,6,79.2,100.0,7.3,0.6
2022-03-18,7.4.0,6.9,31.9,49543,93.1,92.4,103.6,103,354,9,78,3,197.4,8.6,3.8,7.6,3.9,19.8,3.4,2.84,2,86.9,100.0,14.5,0.3
2022-04-02,7.5.0,6.6,57.1,52525,93.3,80.1,194.7,82,508,23,53,6,142.2,9.7,4.8,7.7,1.9,8.8,3.5,2.55,1,217.3,100.0,20.1,2.1
2022-04-09,7.5.1,13.8,44.1,67736,86.3,100.0,256.2,117,202,18,74,2,255.5,13.2,3.7,6.6,1.9,8.4,1.5,0.86,0,53.2,92.0,17.6,1.1
2022-04-18,7.6.0,12.9,113.9,40373,92.6,85.2,128.8,141,182,9,29,2,170.2,10.5,6.7,4.7,4.8,2.7,5.8,0.95,3,73.1,79.3,7.6,2.6
2022-04-25,7.7.0,7.2,115.7,58033,92.7,90.9,241.9,99,98,12,23,4,323.7,7.7,3.8,4.7,1.9,1.7,3.8,2.13,2,74.5,86.5,3.0,5.0
2022-05-03,7.8.0,4.2,63.0,35950,82.9,95.8,122.9,234,150,9,28,3,421.9,11.6,3.8,3.7,1.9,8.6,3.0,0.77,5,28.9,72.5,2.8,1.8
2022-05-06,7.8.1,7.7,77.7,29925,94.2,100.0,201.5,219,441,20,70,6,371.7,8.4,5.6,5.6,1.8,8.0,5.9,1.02,5,78.6,96.4,3.6,2.1
2022-05-26,8.0.0,15.4,89.9,27549,87.0,88.6,123.1,401,275,17,26,5,168.1,7.3,7.2,9.2,1.0,19.2,10.4,0.66,2,53.8,94.7,0.5,3.4
2022-06-10,8.1.0,23.8,138.8,21172,89.3,81.3,94.3,251,275,17,32,4,352.0,9.6,8.7,9.5,1.9,7.3,17.9,0.24,2,47.7,92.7,3.5,3.0
2022-06-22,9.0.0,23.6,85.1,42508,79.8,57.2,35.0,251,354,23,68,3,345.7,6.0,8.1,15.7,2.1,7.5,6.0,0.8,4,192.2,79.5,11.4,3.5
2022-06-28,9.0.1,9.3,112.1,27324,100.0,91.8,41.2,160,140,13,35,4,221.9,8.5,8.5,6.6,2.9,4.6,5.4,1.4,3,365.0,99.2,11.6,1.1
2022-07-06,9.1.0,9.0,105.8,23727,98.1,93.8,72.7,203,119,8,33,7,297.4,10.5,4.8,9.6,0.9,14.7,1.9,2.21,2,382.2,89.5,5.5,2.4
2022-07-10,9.1.1,10.7,161.9,49315,100.0,99.5,68.7,323,192,13,51,3,399.5,13.4,6.6,10.2,0.0,21.4,5.4,0.94,3,299.6,83.8,2.5,1.4
2022-07-22,9.2.0,9.2,236.9,35600,94.3,100.0,195.8,201,92,9,52,2,409.8,12.6,7.7,13.4,0.9,25.1,2.0,0.15,5,170.2,78.7,4.4,2.4
2022-08-04,9.3.0,19.0,168.9,36380,99.7,100.0,72.1,278,57,4,107,4,216.8,16.3,9.7,15.3,0.0,32.0,1.5,0.62,3,439.7,90.2,4.1,3.8
2022-08-18,9.4.0,23.7,107.1,26742,100.0,82.5,62.5,157,235,16,100,3,243.1,11.5,4.7,12.5,2.9,20.3,3.1,0.49,3,521.2,96.8,6.2,5.8
2022-08-29,10.0.0,11.2,127.9,45315,94.8,73.8,36.9,312,410,22,149,2,155.6,9.5,3.0,13.2,1.0,32.0,4.8,2.57,3,111.9,92.9,9.6,4.6
2022-09-11,11.0.0,15.8,103.1,58221,92.9,67.2,36.8,198,380,10,67,4,216.3,13.6,6.3,10.3,1.0,13.2,4.0,5.21,2,40.9,94.2,16.7,6.1
2022-09-15,11.0.1,12.5,159.0,81195,100.0,69.7,98.9,332,507,9,37,5,209.7,6.6,2.8,12.3,1.8,7.0,7.2,6.58,2,75.0,100.0,5.2,7.6
2022-09-24,11.1.0,14.7,131.8,82828,94.1,66.2,233.5,330,385,7,34,3,230.6,3.7,3.8,6.6,1.9,14.3,8.5,1.59,5,75.3,100.0,5.9,9.1
2022-10-09,11.2.0,8.3,86.2,67599,88.3,62.6,95.0,615,406,21,16,4,197.7,5.7,5.7,9.6,0.9,5.9,8.8,2.73,3,25.6,96.9,4.4,6.1
2022-10-15,11.2.1,8.1,56.8,46000,93.4,54.3,64.2,201,289,38,36,2,170.4,11.3,4.7,10.5,3.7,11.6,4.2,3.72,6,66.2,90.7,4.8,3.6
2022-10-24,11.3.0,14.5,33.4,30635,88.4,83.9,32.1,108,284,20,32,1,110.7,9.5,3.8,8.6,1.9,13.1,7.7,4.29,5,60.5,84.4,9.9,7.1
2022-11-08,11.4.0,22.9,76.6,55131,82.5,91.2,137.2,93,167,29,22,2,206.0,11.6,2.8,8.5,1.9,25.1,4.3,2.33,7,97.9,82.3,14.7,2.9
2022-11-19,11.5.0,21.7,45.5,78095,71.7,84.4,242.7,77,360,12,45,2,365.5,5.7,2.8,8.5,0.9,18.5,7.6,3.6,7,144.3,81.2,21.6,1.0
2022-11-30,11.6.0,8.8,108.3,46018,67.8,95.2,181.4,43,601,9,21,1,201.1,4.7,2.8,12.5,2.9,18.3,14.5,2.61,8,64.7,77.1,17.1,2.0
2022-12-16,12.0.0,11.7,55.2,45455,67.7,92.5,70.4,157,1000,12,48,0,272.9,1.9,2.0,18.3,4.2,21.4,14.1,3.1,4,145.7,75.0,12.6,1.7
2022-12-24,12.1.0,23.9,175.9,79292,70.7,70.8,156.0,515,778,1,96,3,495.9,11.6,6.0,27.2,6.3,35.1,25.6,3.2,8,269.8,80.1,18.4,4.2
2023-01-08,12.2.0,20.3,167.0,42000,72.5,89.9,117.5,278,354,7,86,3,334.3,6.1,3.5,13.7,3.3,15.5,6.8,2.49,8,131.7,97.2,6.3,3.0
2023-01-15,12.3.0,10.8,66.6,40311,86.2,93.4,155.7,191,511,17,53,0,177.8,3.6,3.4,15.2,2.4,15.5,5.1,1.58,4,71.5,90.7,10.5,4.1
2023-01-18,12.3.1,15.5,129.5,35562,91.9,99.8,48.6,117,496,19,55,0,107.0,5.5,6.0,15.9,2.8,13.6,6.9,1.46,3,119.3,84.2,6.2,1.3
2023-01-31,13.0.0,17.9,88.2,25303,93.7,93.4,53.1,360,415,16,56,0,80.5,10.5,4.1,10.2,1.0,10.2,10.9,1.61,2,78.2,76.3,9.6,3.2
2023-02-14,14.0.0,28.6,92.7,20294,92.5,91.9,166.7,194,219,13,78,1,48.2,8.2,6.1,6.9,4.1,11.4,4.5,1.86,2,242.6,88.8,12.3,0.7
2023-02-22,14.1.0,11.3,111.6,17901,100.0,93.0,111.0,92,302,12,61,0,169.8,8.5,3.8,8.4,2.8,22.9,3.4,1.16,4,458.6,94.9,3.6,0.7
2023-03-01,14.2.0,11.6,151.1,20317,100.0,100.0,246.2,203,152,16,25,1,214.0,9.5,2.7,11.5,2.9,13.5,1.2,1.68,2,124.9,91.1,1.9,2.9
2023-03-07,14.2.1,13.2,131.8,27323,93.3,91.2,271.5,181,298,23,53,3,208.6,7.4,1.8,6.5,0.9,8.7,3.3,1.18,1,35.8,100.0,9.9,2.2
2023-03-22,14.3.0,14.7,185.6,23012,94.5,92.3,87.1,427,522,22,47,5,101.3,4.6,0.0,6.6,0.9,3.4,1.2,0.2,4,118.6,100.0,8.9,2.0
2023-03-25,14.3.1,11.8,175.8,40332,84.2,97.0,79.1,219,832,11,61,2,67.0,7.5,0.0,10.2,0.0,7.3,4.1,1.03,7,66.6,100.0,4.5,3.2
2023-04-03,14.4.0,13.4,284.4,42035,89.7,82.8,84.5,391,655,8,80,3,100.1,9.6,1.8,11.3,0.0,13.6,7.4,0.4,8,39.9,93.1,4.1,0.9
2023-04-14,14.5.0,20.4,229.2,54911,84.0,74.1,50.5,602,238,13,44,2,247.4,11.5,4.7,16.2,0.9,21.9,4.7,0.09,6,25.8,95.8,10.6,1.3
2023-04-21,14.5.1,16.6,374.1,48143,96.7,77.8,27.9,266,250,34,22,1,166.3,10.5,2.7,8.3,0.0,18.7,6.0,0.04,3,30.0,95.0,15.1,1.7
2023-05-10,15.0.0,25.9,408.1,66276,65.0,44.3,246.4,461,833,5,101,3,427.5,12.0,6.5,19.7,4.9,51.5,11.4,2.71,5,312.7,73.8,13.3,7.9
2023-05-30,16.0.0,12.6,131.6,51579,79.2,44.4,110.7,420,382,8,59,4,240.0,11.2,2.3,10.2,3.1,40.7,8.8,1.7,3,221.8,81.7,16.2,2.7
2023-06-16,17.0.0,10.6,209.2,32005,88.7,50.8,170.0,417,273,15,77,3,214.8,10.1,2.5,5.7,1.4,45.8,4.3,0.41,1,325.5,88.8,19.0,1.8
2023-06-21,17.0.1,6.0,95.9,40436,100.0,79.2,99.4,151,508,11,56,2,302.6,6.8,4.8,6.6,0.8,50.5,5.9,0.29,3,270.2,100.0,10.9,0.6
2023-06-29,17.1.0,5.9,156.3,28892,97.5,95.3,111.1,90,510,24,82,3,205.9,6.5,3.7,5.5,2.8,78.4,2.7,1.46,5,139.0,100.0,3.5,0.4
2023-07-13,17.2.0,13.6,122.8,52155,98.4,99.6,177.0,45,1000,23,83,1,157.8,4.6,3.7,7.5,2.8,26.3,1.1,0.85,4,70.5,100.0,9.9,2.4
2023-07-27,17.3.0,16.8,183.7,39638,100.0,79.6,90.4,136,348,14,79,1,284.2,8.5,6.7,9.4,2.8,11.0,1.9,0.8,3,141.3,100.0,10.2,2.3
2023-08-03,17.4.0,29.8,186.2,96226,89.4,65.6,268.7,440,492,1,107,2,439.7,9.0,10.5,14.8,5.0,40.6,8.6,4.41,5,420.4,87.0,11.9,4.5
2023-08-09,17.4.1,15.2,149.6,47620,91.3,73.7,90.3,278,495,3,76,2,443.4,4.7,5.2,9.5,2.1,33.7,6.2,3.62,4,437.9,100.0,6.8,2.4
2023-08-16,17.5.0,22.9,107.9,34170,87.9,84.1,109.2,130,229,21,99,1,222.2,5.4,5.3,10.2,0.4,36.4,3.7,4.31,2,183.4,100.0,13.4,1.3
2023-08-29,17.6.0,14.2,160.8,42327,100.0,89.7,32.2,94,192,19,62,1,365.3,10.5,2.7,9.4,1.8,43.6,6.0,0.98,2,155.2,100.0,10.0,0.7
2023-09-12,17.7.0,10.3,153.5,67863,99.7,86.1,46.1,80,184,20,70,2,300.6,11.4,4.6,13.3,3.8,77.9,6.0,2.77,5,217.6,100.0,4.4,0.2
2023-09-20,17.8.0,8.4,207.1,109187,89.4,84.3,118.9,76,339,30,58,2,323.1,5.5,5.6,11.2,0.9,40.1,6.1,3.73,7,89.6,100.0,2.0,0.5
2023-09-30,17.9.0,7.5,69.7,73705,84.8,85.3,195.4,146,426,15,53,2,282.2,10.5,2.7,7.4,1.8,28.7,6.0,5.62,3,44.5,100.0,9.9,0.7
2023-10-12,18.0.0,7.1,66.0,111176,67.5,93.9,73.4,286,447,18,110,3,172.6,13.1,4.0,4.9,0.9,12.0,9.4,2.16,3,21.8,92.9,13.2,0.5
2023-10-29,19.0.0,3.8,92.7,61413,84.2,87.8,30.9,672,277,22,142,3,181.0,8.0,4.0,6.0,0.9,15.9,9.1,0.31,6,38.4,91.5,21.3,1.2
2023-11-05,19.0.1,3.0,96.7,84538,99.4,100.0,14.4,387,488,11,85,3,160.1,3.5,5.5,4.4,1.8,8.9,7.9,0.91,5,81.2,100.0,13.7,1.7
2023-11-12,19.1.0,9.3,143.6,44831,91.1,100.0,62.3,669,883,15,72,5,251.7,4.5,6.6,3.5,1.8,12.1,12.2,0.79,3,236.8,100.0,18.8,1.2
2023-11-16,19.1.1,14.1,97.6,54726,90.9,100.0,11.8,223,711,16,42,3,201.3,8.3,6.5,7.2,3.7,12.6,3.6,1.39,4,55.2,100.0,7.2,1.2
2023-12-01,19.2.0,18.6,84.6,28634,100.0,82.6,57.6,110,473,18,37,3,113.5,12.5,5.7,4.4,6.7,18.4,1.3,2.55,3,38.9,100.0,7.4,3.9
2023-12-05,19.2.1,11.8,131.2,22248,91.5,98.4,88.8,115,211,18,51,4,82.2,8.4,6.6,9.1,7.6,13.3,2.4,1.87,5,36.7,100.0,8.4,8.2
2023-12-13,19.3.0,15.1,48.8,34993,79.8,88.1,83.1,74,137,22,74,2,51.7,12.4,3.6,10.4,7.7,21.9,2.9,1.41,4,78.4,97.6,15.3,2.5
2023-12-18,19.3.1,10.4,89.6,25951,86.0,100.0,137.5,126,136,39,103,4,141.9,5.5,2.6,11.1,3.7,7.9,4.8,2.08,5,52.6,90.3,12.0,1.1
2023-12-29,19.4.0,10.3,60.2,36838,82.1,81.8,150.3,90,107,16,46,2,95.2,5.5,0.7,7.4,4.7,10.2,4.9,1.39,3,45.9,100.0,5.5,0.5
2024-01-10,19.5.0,6.9,34.4,58088,88.7,66.2,85.3,50,138,13,72,2,168.2,5.5,2.7,10.4,2.8,24.1,6.2,0.91,2,14.0,98.0,6.2,2.3
2024-01-24,20.0.0,16.4,58.3,42598,72.7,86.0,27.1,212,361,20,59,1,194.0,10.3,1.9,12.0,6.3,42.7,3.7,2.04,3,61.5,95.0,1.9,1.6
2024-01-31,20.0.1,12.6,110.7,27762,94.4,83.2,63.4,149,560,28,34,3,200.1,11.3,3.6,8.2,6.7,38.2,4.0,3.62,6,62.6,100.0,0.3,2.2
2024-02-11,20.1.0,7.2,184.1,27367,93.3,95.5,38.2,83,383,29,69,2,238.8,13.4,1.7,9.3,5.7,62.8,1.8,5.32,4,36.3,100.0,3.6,6.2
2024-02-20,20.2.0,12.1,111.0,22391,99.0,93.4,39.8,214,167,49,114,2,234.9,7.4,0.7,5.4,3.8,31.3,3.6,2.31,4,39.8,100.0,3.1,3.2
2024-03-06,20.3.0,23.3,157.7,27692,100.0,86.2,84.3,155,367,63,90,2,101.3,9.4,3.7,3.4,6.8,22.9,1.3,0.45,2,131.9,94.0,3.2,4.5
2024-03-21,20.4.0,7.6,228.8,34745,100.0,86.0,209.1,332,305,80,103,2,109.2,10.4,1.7,3.4,2.8,25.3,3.0,0.79,3,44.5,89.1,8.6,5.1
2024-04-01,20.5.0,19.1,225.5,72034,73.2,44.2,302.7,490,435,14,169,4,381.2,10.1,7.6,12.9,8.9,42.4,7.9,2.42,7,208.4,87.0,24.6,5.6
2024-04-04,20.5.1,15.6,109.2,75818,92.4,73.4,277.0,260,393,7,177,3,438.0,4.7,4.2,10.5,5.0,18.7,4.2,1.25,4,161.5,97.2,16.4,5.4
2024-04-16,20.6.0,15.6,65.4,46513,94.6,63.2,84.2,253,504,10,162,0,497.1,7.3,4.2,14.1,2.3,10.5,5.7,0.48,5,136.3,100.0,34.2,2.2
2024-04-21,20.6.1,14.9,97.9,72376,99.7,68.3,101.5,330,170,25,50,1,205.0,6.7,5.6,8.6,0.8,3.0,5.4,0.25,3,224.4,100.0,18.8,4.4
2024-04-29,20.7.0,7.7,90.4,36025,100.0,88.2,99.9,450,105,26,96,1,168.2,3.5,6.5,11.3,0.8,8.6,2.4,0.08,3,228.0,100.0,14.8,1.9
2024-05-11,20.8.0,12.3,45.3,42167,97.4,91.5,209.3,327,111,30,119,3,94.8,4.4,5.6,10.3,1.8,10.5,1.5,0.0,6,150.2,100.0,11.8,1.3
2024-05-25,20.9.0,16.4,94.9,94863,92.0,55.5,218.7,615,514,4,103,6,413.1,11.2,7.0,12.0,3.5,27.8,6.3,3.08,9,236.7,92.0,11.5,3.5
2024-06-01,20.10.0,12.1,106.3,96208,100.0,84.6,127.8,604,295,10,47,4,427.3,9.3,4.0,11.1,2.9,14.4,2.6,1.15,5,274.7,90.2,12.1,1.6
2024-06-20,21.0.0,17.7,67.3,59999,95.1,83.1,240.4,562,162,11,58,4,327.8,5.6,5.5,12.7,4.4,14.9,2.7,1.28,4,474.9,84.5,3.8,1.0
2024-06-28,21.1.0,24.1,82.5,67270,100.0,81.7,170.4,311,302,25,36,2,291.6,10.3,2.8,8.6,3.0,21.3,4.1,2.1,2,532.1,100.0,1.7,0.1
2024-07-17,22.0.0,17.0,148.7,69789,81.1,85.5,69.7,142,216,40,50,3,407.5,13.0,2.8,9.9,2.0,8.7,5.7,3.81,2,85.9,91.9,3.3,0.5
2024-07-27,22.1.0,8.6,61.4,47447,100.0,89.1,187.5,225,267,17,65,2,513.8,9.3,2.6,9.2,0.8,3.5,6.6,4.48,6,242.3,96.7,2.0,0.5
2024-08-03,22.2.0,6.0,69.8,58877,100.0,77.6,71.3,278,133,28,40,1,629.4,8.3,3.6,9.2,0.8,12.3,5.8,2.73,5,125.0,96.5,1.7,2.1
2024-08-25,23.0.0,6.0,67.8,107780,88.0,91.2,87.6,210,89,15,21,1,428.4,10.2,2.9,9.8,4.0,5.4,4.6,3.36,8,52.5,96.8,9.3,3.0
2024-09-06,24.0.0,16.4,158.3,113804,86.9,72.5,222.2,651,428,9,80,5,405.4,9.4,3.2,9.4,6.0,26.8,6.9,6.73,8,182.1,79.5,21.1,3.7
2024-09-18,24.1.0,8.7,174.0,105737,92.4,85.6,188.9,245,361,14,43,3,418.1,8.8,3.6,9.6,3.6,32.6,3.7,4.47,5,185.6,97.6,8.3,2.0
2024-09-26,24.2.0,8.6,70.7,106037,92.1,80.3,149.0,395,457,35,44,6,427.2,5.0,5.9,5.9,2.1,50.5,1.9,1.23,4,198.0,97.4,4.8,1.5
2024-10-03,24.2.1,11.0,94.7,42909,100.0,100.0,115.1,315,236,19,20,2,269.4,5.3,2.6,5.2,2.7,38.8,1.4,0.72,2,99.6,95.5,1.4,3.1
2024-10-16,24.3.0,21.6,248.3,90307,75.5,62.0,217.7,650,476,1,80,6,398.2,9.1,8.5,11.9,6.0,56.9,9.2,3.7,5,371.1,80.9,14.7,4.8
2024-10-30,24.4.0,18.0,147.4,47087,87.3,58.2,91.8,328,489,26,71,3,373.2,4.7,8.1,11.5,3.1,77.0,5.8,1.62,4,249.9,97.4,8.1,2.3
2024-11-09,24.5.0,14.0,103.8,33941,100.0,58.6,189.2,153,206,12,69,3,486.9,9.3,7.2,12.0,4.2,20.4,7.9,2.65,6,94.0,100.0,2.4,1.0
2024-11-25,25.0.0,8.5,116.2,58684,91.1,81.2,128.0,141,379,14,35,3,242.5,9.1,4.9,9.4,1.9,11.3,3.9,2.09,7,41.5,97.9,2.9,0.2
2024-12-01,25.0.1,7.2,106.5,47506,100.0,100.0,187.9,195,571,14,17,4,182.1,7.1,2.6,7.0,0.8,19.1,3.3,1.6,3,64.7,100.0,4.6,0.9
2024-12-15,25.1.0,9.3,137.2,31362,100.0,93.5,128.2,322,610,12,24,4,214.5,3.4,3.6,11.1,1.8,12.0,1.5,3.19,5,68.3,100.0,10.6,1.4
2024-12-22,25.1.1,5.9,149.9,56013,100.0,100.0,86.5,218,310,10,49,2,276.1,3.3,3.5,5.3,0.8,24.7,1.6,1.27,3,23.1,100.0,7.3,3.3
2025-01-02,26.0.0,5.8,76.5,33347,89.4,95.7,76.8,104,185,22,54,3,174.4,7.0,5.0,9.9,1.9,21.7,1.8,1.48,2,87.2,95.5,5.2,7.1
2025-01-14,26.1.0,5.7,121.3,29511,86.9,95.5,22.4,56,158,15,35,6,357.5,6.4,3.6,5.3,2.7,19.3,4.6,2.42,3,57.6,100.0,12.6,9.1
2025-01-21,26.2.0,3.4,190.5,55833,98.7,92.9,50.5,200,102,23,48,2,332.4,3.4,2.6,4.3,0.8,12.1,3.5,0.88,3,180.9,100.0,10.1,5.5
2025-01-25,26.2.1,2.7,142.6,53869,87.5,100.0,52.8,105,86,26,96,1,385.9,4.4,3.5,4.2,1.8,7.6,3.2,0.43,5,48.3,100.0,11.5,2.8
2025-02-08,26.3.0,1.6,52.3,28985,91.1,83.7,141.0,307,179,12,71,2,626.5,6.3,5.6,9.2,0.8,4.8,2.6,1.8,7,49.4,91.1,6.5,0.8
2025-02-17,26.4.0,8.0,57.3,46679,98.7,87.3,55.8,156,306,20,28,2,264.2,11.1,5.5,14.2,1.8,9.0,1.2,1.92,3,36.8,78.6,9.9,2.1
2025-03-03,26.5.0,16.7,78.7,38563,100.0,92.7,46.9,156,145,10,40,2,240.8,7.3,4.6,16.1,1.8,5.1,1.2,3.4,4,16.6,92.3,3.2,2.1
2025-03-14,26.6.0,17.1,38.8,70201,100.0,75.8,33.6,278,266,21,91,3,154.3,3.4,7.5,16.2,3.7,16.4,1.4,0.93,5,16.6,97.2,2.5,3.3
2025-03-23,26.7.0,27.4,42.8,42926,95.9,81.4,132.9,167,316,14,39,2,157.9,2.4,5.5,7.2,6.7,20.5,3.0,0.1,7,121.1,88.7,0.6,1.2
2025-04-02,26.8.0,11.7,19.3,65306,97.3,79.8,62.9,399,560,16,39,2,94.4,1.4,6.5,9.2,1.7,28.9,4.7,1.25,7,134.4,100.0,0.7,2.1
2025-04-19,27.0.0,21.4,71.7,108593,96.7,90.4,123.9,378,526,9,34,2,181.4,6.8,4.9,7.7,0.8,12.8,4.2,2.67,6,53.8,93.8,6.9,2.7
2025-04-25,27.0.1,37.3,78.9,49124,100.0,80.7,213.7,388,624,13,42,4,223.8,2.4,5.5,6.2,0.8,3.8,3.4,1.26,5,15.9,100.0,3.6,2.5
2025-05-07,27.1.0,22.9,30.9,40479,100.0,77.5,148.9,241,546,25,45,3,176.7,3.4,7.4,8.2,0.8,7.6,1.3,1.84,7,1.3,100.0,7.3,1.2
2025-05-29,28.0.0,17.6,70.9,50319,91.6,64.4,55.7,361,605,14,71,2,170.4,9.1,5.8,6.6,2.9,22.0,3.9,2.64,7,7.8,89.4,17.4,3.6
2025-06-12,28.1.0,11.1,68.0,32758,100.0,89.6,10.1,626,239,12,57,1,266.8,7.2,7.4,10.1,2.7,30.7,2.6,1.02,4,2.6,100.0,10.8,7.8
2025-07-02,29.0.0,17.3,183.0,73814,86.2,66.7,182.7,654,470,1,154,4,314.6,15.2,11.1,10.1,7.7,33.9,11.1,2.03,10,165.3,87.3,22.4,4.9
2025-07-08,29.0.1,10.9,98.6,50239,100.0,98.5,71.5,902,318,18,77,2,250.5,6.0,5.7,9.7,3.7,25.5,9.7,1.56,10,60.8,97.6,15.1,4.4
2025-07-17,29.1.0,15.8,46.7,40388,100.0,100.0,93.0,336,232,8,54,0,285.2,3.1,4.1,6.9,4.1,27.1,6.5,2.08,6,42.9,93.2,11.8,1.2
2025-07-22,29.1.1,33.1,126.6,81135,90.9,71.7,221.1,722,572,8,85,4,314.0,12.8,10.2,12.4,6.7,31.8,9.7,2.85,7,260.9,85.1,21.7,5.7
2025-07-30,29.2.0,17.7,60.7,60919,100.0,86.6,188.7,574,465,30,38,3,289.8,9.4,9.0,11.2,6.0,33.2,5.9,1.29,8,336.5,86.7,23.5,2.0
2025-08-03,29.2.1,11.5,51.0,54204,100.0,85.2,194.1,226,389,46,38,2,134.3,8.0,5.0,7.0,4.1,21.5,5.4,0.61,7,81.5,100.0,10.1,1.1
2025-08-25,30.0.0,17.4,69.5,35465,98.2,90.8,88.7,241,294,27,79,3,149.8,4.6,4.9,9.3,1.9,16.8,4.0,1.21,8,41.9,92.3,3.8,0.4
2025-08-30,30.0.1,36.8,169.4,74936,85.1,57.4,174.9,569,527,1,148,6,318.2,12.5,8.9,14.3,7.3,41.2,10.1,3.45,9,224.9,92.3,11.8,4.3
2025-09-11,31.0.0,24.1,92.6,51709,82.6,53.2,177.5,279,472,13,115,5,307.1,7.3,5.7,10.3,4.4,40.3,8.1,1.59,8,127.7,82.0,11.6,3.6
2025-09-29,32.0.0,31.1,64.0,42640,93.0,77.7,87.1,271,380,11,61,4,187.0,9.8,7.7,7.6,2.5,16.8,7.4,2.84,4,50.3,91.7,14.8,1.1
2025-10-14,32.1.0,24.5,119.2,33313,100.0,100.0,17.9,270,157,25,42,2,91.6,12.6,5.8,7.6,1.0,5.3,4.5,1.43,3,93.2,100.0,6.3,0.8
2025-10-28,32.2.0,48.4,64.2,42403,97.3,78.2,76.5,218,152,19,63,2,149.5,11.1,5.5,6.2,1.7,9.8,1.5,0.9,4,114.4,98.9,1.4,0.6
2025-11-01,32.2.1,17.4,42.1,25316,100.0,97.5,36.2,209,87,23,131,2,112.6,8.1,7.4,7.9,2.7,2.7,3.8,0.05,4,88.2,100.0,1.0,2.6
2025-11-12,32.3.0,25.6,109.8,21365,89.7,93.5,80.3,205,107,13,171,2,84.5,3.3,5.5,8.0,2.7,3.7,2.2,0.0,3,265.5,97.0,4.4,3.2
2025-11-23,32.4.0,31.5,129.2,26679,87.0,75.2,201.9,166,126,26,156,2,162.9,1.3,6.5,7.1,1.7,16.9,3.5,0.94,4,207.7,94.8,4.7,1.1
