condition,model,n_holdout,n_features,holdout_r2,ci_lo,ci_hi,boot_median,ci_excludes_zero,variant
with_AR,Linear Regression,34,273,-0.6488025160318149,-30.43037691147747,0.3494380077904752,-0.7436128854166724,False,baseline_regenerated
with_AR,Ridge Regression,34,273,-0.591667931880093,-29.06218775282477,0.3811474259472398,-0.6866113230793738,False,baseline_regenerated
with_AR,Lasso Regression,34,273,-0.020444663749394465,-10.847730113138164,0.34149178766231925,-0.05168056363660578,False,baseline_regenerated
with_AR,Random Forest,34,273,0.9140820153190234,0.27966805187129307,0.9641695541137094,0.9110171907088844,True,baseline_regenerated
with_AR,Gradient Boosting,34,273,0.8513920184373438,-0.09809931130789641,0.9579524905969778,0.8556588140435564,False,baseline_regenerated
without_AR,Linear Regression,34,241,-6.945453652488207,-155.32824437980247,-1.9413184892375268,-7.494019119937619,True,baseline_regenerated
without_AR,Ridge Regression,34,241,-5.582348443289586,-123.63750066880885,-1.4386662909335728,-6.08536469132804,True,baseline_regenerated
without_AR,Lasso Regression,34,241,-0.020444663749394465,-10.847730113138164,0.34149178766231925,-0.05168056363660578,False,baseline_regenerated
without_AR,Random Forest,34,241,0.10645601092298496,-6.533085560139185,0.4628409142187945,0.08554288703013224,False,baseline_regenerated
without_AR,Gradient Boosting,34,241,-1.4946522591573328,-21.581731283678735,-0.04148021832079907,-1.4307717523995076,True,baseline_regenerated
with_AR,Linear Regression,34,273,-1.0423520280080223,-28.58535520928557,0.1689757358517233,-1.1931731935501255,False,zeroed_target_corr
with_AR,Ridge Regression,34,273,-0.910405334169843,-26.977115976713954,0.23320696835205,-1.052794298860659,False,zeroed_target_corr
with_AR,Lasso Regression,34,273,-0.14212430477636318,-9.618481164000958,0.2629948371060449,-0.16822019610700778,False,zeroed_target_corr
with_AR,Random Forest,34,273,0.882990730921395,0.4450542217030027,0.9324340954610357,0.8791659797848207,True,zeroed_target_corr
with_AR,Gradient Boosting,34,273,0.8845708588424503,0.1024935886430284,0.9352068981651827,0.8829627818863524,True,zeroed_target_corr
without_AR,Linear Regression,34,241,-8.58710540908882,-142.5446049219772,-2.5294465626735576,-9.372076762958502,True,zeroed_target_corr
without_AR,Ridge Regression,34,241,-7.137268464511813,-119.12870929736245,-2.011447057282569,-7.852397741394826,True,zeroed_target_corr
without_AR,Lasso Regression,34,241,-0.14212430477636318,-9.618481164000958,0.2629948371060449,-0.16822019610700778,False,zeroed_target_corr
without_AR,Random Forest,34,241,-0.04860342248756311,-5.506848044231846,0.40482454073516216,-0.09540673730408944,False,zeroed_target_corr
without_AR,Gradient Boosting,34,241,-1.2821738575431865,-10.774804277855313,0.20822578954589419,-1.3321693531387755,False,zeroed_target_corr
with_AR,Linear Regression,34,273,-1.4117108576126265,-33.71390084025321,0.13738348975755782,-1.5720567475448943,False,permuted_target_corr
with_AR,Ridge Regression,34,273,-1.1785676270820278,-29.314113076222096,0.23089601870737836,-1.330216102763524,False,permuted_target_corr
with_AR,Lasso Regression,34,273,-0.18894447632317157,-10.272939086397395,0.25755056771858265,-0.22700239749604356,False,permuted_target_corr
with_AR,Random Forest,34,273,0.836528606512513,0.11179684831278364,0.949676512185834,0.8225827469160845,True,permuted_target_corr
with_AR,Gradient Boosting,34,273,0.8930756669171342,0.10060474522637645,0.9535682024765129,0.8873975251585565,True,permuted_target_corr
without_AR,Linear Regression,34,241,-9.682437921534692,-155.1882076844561,-3.0364674930244253,-10.650549036235859,True,permuted_target_corr
without_AR,Ridge Regression,34,241,-8.090176065921154,-132.39677257556315,-2.4567787868498723,-9.014210392428476,True,permuted_target_corr
without_AR,Lasso Regression,34,241,-0.18894447632317157,-10.272939086397395,0.25755056771858265,-0.22700239749604356,False,permuted_target_corr
without_AR,Random Forest,34,241,-0.19311549755274338,-4.846584932814587,0.2635738007464319,-0.23771849425569758,False,permuted_target_corr
without_AR,Gradient Boosting,34,241,-0.11795242997161415,-1.995164707247099,0.371990438001404,-0.1597141683438894,False,permuted_target_corr
