condition,model,n_holdout,n_features,holdout_r2,ci_lo,ci_hi,boot_median,ci_excludes_zero,domain
with_AR,Linear Regression,34,273,-0.25593686091810186,-6.4013991293515,0.48031399415038006,-0.31645133656633573,False,abc-cloud-provider
with_AR,Ridge Regression,34,273,-0.19365971438869511,-5.948295448164783,0.5201611198959823,-0.2472667655970755,False,abc-cloud-provider
with_AR,Lasso Regression,34,273,0.12884865384592703,-2.322595894807746,0.48882659630683867,0.1037718303990014,False,abc-cloud-provider
with_AR,Random Forest,34,273,0.9500943379458255,0.7473721210410312,0.9881471073360623,0.9481835790285699,True,abc-cloud-provider
with_AR,Gradient Boosting,34,273,0.8655197259504883,0.8058940063221213,0.9043721896352661,0.8617020403595468,True,abc-cloud-provider
without_AR,Linear Regression,34,241,-9.124170445358141,-66.54800626328112,-2.942146044798025,-9.45022088356066,True,abc-cloud-provider
without_AR,Ridge Regression,34,241,-7.284966093509254,-53.776742036664245,-2.3025842511999515,-7.5594267929279635,True,abc-cloud-provider
without_AR,Lasso Regression,34,241,0.12884865384592703,-2.322595894807746,0.48882659630683867,0.1037718303990014,False,abc-cloud-provider
without_AR,Random Forest,34,241,0.2683156743664933,-1.3072175078589543,0.6957033926810711,0.24944155750944585,False,abc-cloud-provider
without_AR,Gradient Boosting,34,241,0.25090517566050374,-1.9498136940836766,0.8069840997372417,0.25676204411930226,False,abc-cloud-provider
with_AR,Linear Regression,30,273,0.427699187234871,-2.0674856163652535,0.7673387260502504,0.41427761837003396,False,card-payment-processor
with_AR,Ridge Regression,30,273,0.49345523150138304,-1.694361522174638,0.7904857674620629,0.4812957614921446,False,card-payment-processor
with_AR,Lasso Regression,30,273,0.3615024772867155,0.004559983986022046,0.6654511073714704,0.33776840666636665,True,card-payment-processor
with_AR,Random Forest,30,273,0.7867373570883551,0.22255610648238913,0.9470704421789125,0.7797342467074388,True,card-payment-processor
with_AR,Gradient Boosting,30,273,0.6518391169775235,-0.17497646630899208,0.9459266433932692,0.6363148806635045,False,card-payment-processor
without_AR,Linear Regression,30,241,-0.33601454467367176,-5.837500789614849,0.42413694566354965,-0.38128208662189444,False,card-payment-processor
without_AR,Ridge Regression,30,241,-0.21535343197830037,-5.30413296301486,0.46361665121540785,-0.2478576728983457,False,card-payment-processor
without_AR,Lasso Regression,30,241,0.3615024772867155,0.004559983986022046,0.6654511073714704,0.33776840666636665,True,card-payment-processor
without_AR,Random Forest,30,241,0.3391513798987188,-0.6691920632750653,0.8445670345110051,0.2926086453728868,False,card-payment-processor
without_AR,Gradient Boosting,30,241,-0.20936125869834554,-4.844926572535815,0.7512840586081877,-0.19590413713989974,False,card-payment-processor
with_AR,Linear Regression,40,273,-1.028290818648531,-6.544799039092202,-0.08659428172080672,-1.0791433725426065,True,xyz-sales-force
with_AR,Ridge Regression,40,273,-0.7381235357581966,-5.427655128742156,0.0847203607847373,-0.7883576504404206,False,xyz-sales-force
with_AR,Lasso Regression,40,273,0.012056267701342938,-1.3200661130808742,0.17034433458407788,0.009291077123291414,False,xyz-sales-force
with_AR,Random Forest,40,273,0.9706952158703657,0.8812350361926558,0.9895136400993438,0.9695896586560796,True,xyz-sales-force
with_AR,Gradient Boosting,40,273,0.044866677943288136,-4.241592343394735,0.9097427906239097,0.024915947211688383,False,xyz-sales-force
without_AR,Linear Regression,40,241,-4.8455927979012445,-23.480004659361196,-1.5444688124757278,-5.126699187153143,True,xyz-sales-force
without_AR,Ridge Regression,40,241,-4.104151400800657,-20.397993923197948,-1.18783944436255,-4.3260150799244705,True,xyz-sales-force
without_AR,Lasso Regression,40,241,0.012056267701342938,-1.3200661130808742,0.17034433458407788,0.009291077123291414,False,xyz-sales-force
without_AR,Random Forest,40,241,0.2545633618494443,-0.13363565433259214,0.4736222050195677,0.23197069495622807,False,xyz-sales-force
without_AR,Gradient Boosting,40,241,0.21202121532595508,-0.06253835347885099,0.3990966796992196,0.19937002193258102,False,xyz-sales-force
