Date,Release Number,Build Success Rate (%),Build Duration (Minutes),Deployment Duration (Minutes),Code Coverage (%),Unit Test Pass Rate (%),Integration Test Pass Rate (%),Security Scan Pass Rate (%),Vulnerability Count,Code Quality Score (1-10),Deployment Frequency (Per Week),Pipeline Efficiency (%),Rollback Rate (%),Build Artifact Size (MB),Container Build Time (Minutes),Static Analysis Score (1-10),Compliance Check Pass Rate (%),Infrastructure Provisioning Time (Minutes),Environment Consistency Score (1-10),Automated Test Coverage (%),Manual Test Requirements (%),Configuration Drift Score (1-10),Pipeline Failure Recovery Time (Minutes),Build Cache Hit Rate (%),Code Commit Frequency (Per Day)
2023-01-02,MVP-0.1.0,67.4,45.7,23.4,52.8,64.2,48.9,42.1,34,4.2,1.2,58.3,32.6,142.7,18.9,4.8,53.4,67.2,5.1,51.7,48.3,4.5,89.4,23.6,8.7
2023-01-09,MVP-0.2.0,72.8,41.3,20.8,58.9,69.7,54.2,48.7,28,5.1,1.4,63.7,28.3,136.4,16.7,5.4,59.8,71.6,5.8,57.3,42.7,5.2,82.1,29.4,9.8
2023-01-16,MVP-0.3.0,69.2,43.8,22.1,55.6,66.4,51.3,45.2,31,4.7,1.3,60.9,30.8,139.2,17.8,5.0,56.7,68.9,5.4,54.5,45.5,4.8,86.7,26.1,9.2
2023-01-23,MVP-0.4.0,76.3,38.9,19.4,62.7,73.1,58.6,52.4,25,5.8,1.6,68.4,25.7,132.8,15.3,5.9,64.3,75.2,6.3,61.2,38.8,5.7,78.6,32.8,10.7
2023-01-30,MVP-0.5.0,79.7,36.2,18.1,66.4,76.8,62.3,56.1,22,6.4,1.8,72.6,23.2,128.5,14.1,6.5,68.9,78.7,6.9,65.4,34.6,6.2,74.3,36.7,11.6
2023-02-06,MVP-0.6.0,74.1,40.5,20.7,59.8,70.3,55.7,49.6,29,5.3,1.5,65.2,27.9,135.7,16.4,5.6,61.4,72.8,6.0,58.9,41.1,5.4,81.4,28.3,10.1
2023-02-13,MVP-0.7.0,82.6,34.7,16.8,69.3,79.5,65.8,59.2,19,7.1,2.0,76.8,21.4,124.2,12.9,7.2,72.6,81.4,7.6,68.7,31.3,6.8,71.2,40.1,12.4
2023-02-20,MVP-0.8.0,77.9,37.4,18.9,63.1,74.7,59.4,53.8,26,6.0,1.7,69.5,25.3,130.9,15.2,6.1,65.8,76.3,6.5,62.4,37.6,5.9,77.8,34.2,11.0
2023-02-24,MVP-0.8.1,80.5,35.8,17.6,65.7,77.2,61.9,56.4,23,6.6,1.9,72.1,23.5,127.3,14.7,6.7,68.1,78.9,7.0,64.8,35.2,6.4,75.6,37.4,11.8
2023-02-27,MVP-0.9.0,85.8,32.1,15.4,72.6,82.4,68.7,62.9,16,7.8,2.3,80.3,19.2,119.7,11.8,7.9,75.3,84.2,8.1,71.4,28.6,7.4,67.9,43.6,13.2
2023-03-06,Alpha-1.0.0,88.9,29.6,14.1,76.2,85.7,72.3,66.5,13,8.4,2.6,83.7,17.1,115.3,10.6,8.5,78.9,87.6,8.7,75.1,24.9,8.0,64.2,47.3,14.1
2023-03-13,Alpha-1.1.0,86.2,31.4,15.7,73.8,83.1,69.8,64.2,15,8.0,2.4,81.4,18.6,118.5,11.2,8.1,76.4,85.3,8.3,72.6,27.4,7.6,66.8,45.1,13.5
2023-03-20,Alpha-1.2.0,91.7,27.3,12.8,79.4,88.6,75.9,70.1,10,9.1,2.8,86.9,15.4,111.2,9.4,9.2,82.3,90.1,9.4,78.7,21.3,8.7,60.5,51.2,15.3
2023-03-27,Alpha-1.3.0,89.4,28.9,13.6,77.1,86.3,73.6,67.8,12,8.7,2.7,84.6,16.8,113.8,10.1,8.8,80.6,88.4,9.0,76.9,23.1,8.3,62.7,49.4,14.7
2023-04-03,Alpha-1.4.0,94.2,25.1,11.3,82.7,91.4,79.2,73.6,7,9.7,3.1,89.8,13.2,107.4,8.2,9.8,85.9,93.2,9.9,82.1,17.9,9.4,56.8,55.7,16.8
2023-04-10,Alpha-1.5.0,92.5,26.7,12.1,80.3,89.7,76.8,71.4,9,9.3,2.9,87.5,14.5,109.6,8.9,9.4,83.2,91.7,9.6,80.4,19.6,9.0,58.3,53.9,16.1
2023-04-17,Alpha-1.6.0,96.8,22.4,9.7,85.6,94.1,82.7,77.3,4,10.0,3.4,92.7,11.4,103.2,7.1,10.0,89.4,96.5,10.0,85.8,14.2,9.9,52.6,60.3,18.2
2023-04-21,Alpha-1.6.1,95.1,24.0,10.5,83.9,92.6,80.4,75.7,6,9.8,3.2,90.8,12.7,105.1,7.6,9.9,87.1,94.8,9.8,84.2,15.8,9.6,54.7,58.1,17.5
2023-04-24,Alpha-1.7.0,98.3,20.1,8.4,88.2,96.7,85.9,81.2,2,10.0,3.7,95.4,9.6,99.7,6.3,10.0,92.8,98.9,10.0,88.6,11.4,10.0,49.1,64.7,19.6
2023-05-01,Beta-2.0.0,99.1,18.7,7.6,90.4,98.2,88.7,84.5,1,10.0,3.9,97.2,8.1,96.3,5.8,10.0,95.1,99.6,10.0,91.2,8.8,10.0,46.2,68.4,20.8
2023-05-08,Beta-2.1.0,96.4,23.2,9.8,85.7,94.3,82.1,77.9,5,9.8,3.3,91.6,12.1,103.8,7.2,9.9,88.4,95.7,9.9,86.1,13.9,9.7,53.4,59.7,18.0
2023-05-15,Beta-2.2.0,99.6,17.3,6.9,92.1,99.4,90.8,87.2,0,10.0,4.1,98.7,6.4,93.7,5.2,10.0,97.3,99.9,10.0,93.4,6.6,10.0,43.8,71.2,21.7
2023-05-22,Beta-2.3.0,97.8,21.5,8.7,87.9,96.1,84.6,80.4,3,9.9,3.5,94.3,10.2,99.1,6.7,10.0,91.7,97.1,10.0,88.9,11.1,9.8,50.6,62.8,19.4
2023-05-29,Beta-2.4.0,99.9,16.4,6.2,93.7,99.8,92.4,89.1,0,10.0,4.3,99.4,5.1,91.2,4.8,10.0,98.9,99.9,10.0,95.1,4.9,10.0,41.7,74.3,22.9
2023-06-05,Beta-2.5.0,98.1,20.8,8.3,89.2,97.4,86.1,82.7,2,10.0,3.6,95.7,9.4,97.6,6.4,10.0,93.8,98.3,10.0,90.7,9.3,9.9,48.2,65.1,20.1
2023-06-12,RC-3.0.0,99.9,15.1,5.8,95.2,99.9,94.6,91.3,0,10.0,4.5,99.8,4.2,88.9,4.3,10.0,99.7,99.9,10.0,96.8,3.2,10.0,39.4,77.6,24.1
2023-06-19,RC-3.1.0,98.7,19.4,7.6,91.8,98.1,88.9,85.2,1,10.0,3.8,96.9,8.3,95.4,5.9,10.0,95.6,99.0,10.0,92.4,7.6,10.0,46.7,67.9,21.3
2023-06-26,RC-3.2.0,99.9,14.6,5.4,96.7,99.9,96.2,93.8,0,10.0,4.7,99.9,3.1,86.3,4.0,10.0,99.9,99.9,10.0,98.1,1.9,10.0,37.8,80.2,25.4
2023-07-03,Production-4.0.0,99.9,13.2,4.9,98.1,99.9,97.8,95.4,0,10.0,4.9,99.9,2.4,83.7,3.6,10.0,99.9,99.9,10.0,99.2,0.8,10.0,35.6,83.4,26.7
2023-07-10,4.1.0,97.1,22.8,9.4,88.6,96.7,85.3,81.9,4,9.7,3.4,93.2,11.4,100.2,6.8,9.8,90.4,96.8,9.8,89.3,10.7,9.6,51.2,63.7,19.8
2023-07-17,4.2.0,99.8,14.9,5.7,97.3,99.7,95.6,92.4,0,10.0,4.6,99.6,3.4,85.1,3.8,10.0,98.9,99.8,10.0,97.6,2.4,10.0,38.4,79.1,24.8
2023-07-24,4.3.0,94.3,26.1,11.2,82.4,92.8,79.7,75.1,8,9.4,3.0,88.7,14.7,106.8,8.1,9.5,85.6,93.4,9.5,84.2,15.8,9.1,56.9,57.3,17.2
2023-07-31,4.4.0,99.9,13.7,5.1,98.6,99.9,98.3,96.1,0,10.0,4.8,99.9,2.1,82.4,3.4,10.0,99.9,99.9,10.0,99.6,0.4,10.0,36.2,84.7,27.3
2023-08-07,4.5.0,95.8,24.3,10.1,86.1,94.9,82.8,78.6,6,9.6,3.2,91.4,12.8,103.5,7.4,9.7,88.2,95.1,9.7,87.4,12.6,9.3,54.6,60.8,18.9
2023-08-14,4.6.0,99.7,15.6,6.0,96.9,99.5,94.8,91.7,0,10.0,4.5,99.4,3.7,86.8,4.1,10.0,98.1,99.7,10.0,97.2,2.8,10.0,39.7,77.9,24.5
2023-08-21,4.7.0,92.1,28.4,12.7,79.3,90.5,76.2,71.8,11,9.0,2.7,85.6,16.4,110.7,9.2,9.1,82.4,90.8,9.2,81.7,18.3,8.7,61.3,54.1,16.4
2023-08-28,4.8.0,97.6,20.7,8.4,90.8,97.9,87.5,84.1,2,9.9,3.7,95.1,8.9,94.2,6.2,10.0,93.6,97.9,10.0,91.8,8.2,9.8,47.5,69.4,21.6
2023-09-04,4.9.0,99.9,14.1,5.3,97.8,99.8,96.7,94.2,0,10.0,4.7,99.7,2.8,84.6,3.7,10.0,99.4,99.9,10.0,98.9,1.1,10.0,37.1,81.6,25.8
2023-09-11,4.10.0,95.2,25.6,10.8,84.7,93.4,81.1,77.3,7,9.5,3.1,89.8,13.6,105.9,7.8,9.6,86.9,94.2,9.6,85.8,14.2,9.2,55.7,58.9,18.1
2023-09-18,5.0.0,99.9,13.4,4.8,98.4,99.9,97.9,95.7,0,10.0,4.9,99.9,2.1,81.9,3.3,10.0,99.8,99.9,10.0,99.4,0.6,10.0,35.8,85.2,27.6
2023-09-25,5.1.0,96.7,22.1,9.1,89.3,96.2,84.7,81.4,3,9.8,3.5,93.8,10.7,97.8,6.5,9.9,91.8,96.9,9.9,90.6,9.4,9.7,49.3,66.7,20.8
2023-10-02,5.2.0,99.9,13.8,5.0,98.1,99.9,97.4,94.9,0,10.0,4.8,99.8,2.4,83.2,3.5,10.0,99.6,99.9,10.0,99.1,0.9,10.0,36.4,83.9,26.9
2023-10-09,5.3.0,93.7,27.9,12.4,81.6,91.8,78.4,73.2,9,9.2,2.8,87.1,15.8,108.4,8.9,9.3,84.1,91.7,9.3,83.2,16.8,8.9,59.6,55.7,16.9
2023-10-16,5.4.0,98.2,19.3,7.8,91.7,98.4,88.9,85.6,1,10.0,3.8,96.4,7.6,92.7,5.8,10.0,94.9,98.4,10.0,92.8,7.2,9.9,45.2,71.3,22.4
2023-10-23,5.5.0,95.9,23.7,9.7,87.4,95.6,83.2,79.8,5,9.7,3.3,92.5,11.9,99.6,7.1,9.8,89.7,95.8,9.8,88.9,11.1,9.4,52.1,62.4,19.7
2023-10-30,5.6.0,98.8,17.6,6.8,93.2,99.1,91.4,87.9,1,10.0,4.1,97.9,6.4,89.3,5.4,10.0,96.8,99.0,10.0,94.7,5.3,10.0,42.8,75.6,23.1
2023-11-06,5.7.0,94.5,26.3,11.1,84.8,93.7,80.5,76.9,8,9.4,3.0,90.2,13.2,104.7,8.4,9.5,87.3,93.9,9.5,86.1,13.9,9.1,57.4,59.8,17.8
2023-11-13,5.8.0,97.9,20.4,8.2,90.6,98.1,87.8,84.4,2,9.9,3.6,95.6,8.7,93.8,6.0,10.0,93.2,98.1,10.0,91.4,8.6,9.8,46.9,68.7,21.2
2023-11-20,5.9.0,99.3,16.2,6.4,95.8,99.6,93.7,90.1,0,10.0,4.3,98.9,4.8,87.1,4.7,10.0,97.9,99.4,10.0,96.2,3.8,10.0,40.6,78.3,24.7
2023-11-27,5.10.0,91.8,29.7,13.6,78.9,89.4,75.1,70.3,12,8.9,2.6,84.2,17.1,112.3,9.7,9.0,81.6,89.2,9.0,80.4,19.6,8.6,63.4,52.8,15.7
2023-12-04,5.11.0,96.4,23.1,9.4,88.7,96.8,85.1,81.7,4,9.8,3.4,93.7,10.9,98.4,6.8,9.9,90.9,96.6,9.9,89.8,10.2,9.6,50.7,64.2,20.3
2023-12-11,5.12.0,98.6,18.9,7.4,92.4,99.0,89.7,86.3,1,10.0,3.9,97.1,6.7,91.2,5.6,10.0,95.4,98.7,10.0,93.6,6.4,9.9,44.1,73.9,22.8
2023-12-18,6.0.0,99.7,15.3,5.9,96.1,99.8,95.2,92.8,0,10.0,4.4,99.2,3.9,85.7,4.2,10.0,98.6,99.8,10.0,97.4,2.6,10.0,38.9,79.8,25.1
2023-12-25,6.0.1,93.1,28.6,12.9,80.7,91.2,77.8,72.4,10,9.1,2.7,86.4,16.0,109.1,9.1,9.2,83.7,91.4,9.2,82.6,17.4,8.8,60.7,55.3,16.8
2024-01-01,6.1.0,92.4,29.8,13.4,79.6,90.5,76.9,71.7,11,8.9,2.6,85.7,16.8,110.6,9.4,9.0,82.9,90.7,9.0,81.8,18.2,8.7,61.9,54.1,16.2
2024-01-08,6.2.0,97.1,21.7,8.9,90.3,97.6,86.4,83.1,3,9.9,3.6,94.8,9.4,95.1,6.4,10.0,92.7,97.3,10.0,91.2,8.8,9.8,48.6,67.8,21.1
2024-01-15,6.3.0,98.9,17.8,7.1,93.7,99.2,91.8,88.4,1,10.0,4.0,97.6,6.1,88.4,5.3,10.0,96.1,99.1,10.0,94.9,5.1,10.0,41.7,74.6,23.4
2024-01-22,6.4.0,90.4,31.2,14.8,77.1,88.9,74.2,68.6,13,8.6,2.4,83.1,18.4,114.7,10.1,8.7,80.3,88.9,8.7,79.2,20.8,8.4,65.3,51.6,15.1
2024-01-29,6.5.0,96.8,22.9,9.6,89.1,96.4,85.7,82.3,4,9.8,3.5,93.4,11.2,97.9,6.7,9.9,91.4,96.9,9.9,90.4,9.6,9.6,50.1,65.7,20.6
2024-02-05,6.6.0,99.4,16.1,6.2,95.9,99.7,94.1,91.6,0,10.0,4.3,98.7,4.6,86.2,4.5,10.0,98.1,99.5,10.0,96.8,3.2,10.0,39.8,77.9,24.9
2024-02-12,6.7.0,94.7,25.8,10.9,85.2,94.1,81.6,77.9,7,9.5,3.1,90.6,12.9,103.4,8.2,9.6,88.1,94.8,9.6,87.3,12.7,9.2,56.4,60.7,18.4
2024-02-19,6.8.0,98.1,19.6,8.0,91.4,98.3,88.1,84.7,2,9.9,3.7,95.9,8.2,93.7,5.9,10.0,94.3,98.2,10.0,92.6,7.4,9.9,46.3,69.8,21.7
2024-02-26,6.9.0,99.6,15.7,6.0,96.8,99.8,95.4,93.1,0,10.0,4.4,99.1,3.7,84.9,4.1,10.0,98.7,99.7,10.0,97.9,2.1,10.0,38.6,80.4,25.3
2024-03-04,6.10.0,95.1,24.6,10.3,86.7,94.8,82.9,79.1,6,9.6,3.2,91.8,12.1,101.8,7.9,9.7,89.4,95.3,9.7,88.7,11.3,9.4,53.7,62.9,19.1
2024-03-11,7.0.0,99.9,14.4,5.4,97.6,99.9,96.8,94.7,0,10.0,4.6,99.6,3.1,83.1,3.8,10.0,99.2,99.9,10.0,98.7,1.3,10.0,37.2,82.6,26.1
2024-03-18,7.1.0,91.7,30.4,14.1,78.3,89.8,75.6,69.9,12,8.8,2.5,84.9,17.6,113.9,9.8,8.9,81.7,90.1,8.9,80.7,19.3,8.5,64.2,53.4,15.9
2024-03-25,7.2.0,97.3,21.3,8.7,90.7,97.8,87.2,83.9,3,9.9,3.6,95.1,9.1,94.6,6.2,10.0,93.1,97.5,10.0,91.8,8.2,9.8,47.9,68.4,21.4
2024-04-01,7.3.0,98.7,18.1,7.3,93.1,99.0,90.6,87.2,1,10.0,3.9,97.3,6.4,89.7,5.5,10.0,95.8,98.9,10.0,94.2,5.8,10.0,42.4,75.1,23.7
2024-04-08,7.4.0,89.6,32.1,15.6,75.8,87.4,72.9,66.7,14,8.4,2.3,81.7,19.1,116.4,10.4,8.5,79.1,87.8,8.5,78.1,21.9,8.2,67.8,50.9,14.6
2024-04-15,7.5.0,96.1,23.8,9.9,88.9,96.7,84.3,81.0,5,9.7,3.4,92.7,11.6,99.2,7.3,9.8,90.6,96.2,9.8,89.7,10.3,9.5,51.4,64.8,20.1
2024-04-22,7.6.0,98.4,18.7,7.6,92.6,98.7,89.9,86.5,1,10.0,3.8,96.8,7.1,91.3,5.7,10.0,94.9,98.6,10.0,93.4,6.6,9.9,44.8,72.6,22.9
2024-04-29,7.7.0,94.9,25.2,10.6,86.1,94.3,82.4,78.7,6,9.6,3.2,91.1,12.4,102.7,8.0,9.7,88.8,94.9,9.7,87.9,12.1,9.3,54.9,61.8,18.7
2024-05-06,7.8.0,98.0,19.9,8.3,91.8,98.5,88.7,85.1,2,9.9,3.7,95.4,8.6,93.1,6.1,10.0,94.0,98.2,10.0,92.3,7.7,9.9,47.1,69.1,21.8
2024-05-13,7.9.0,99.8,15.4,5.8,96.4,99.9,95.7,93.4,0,10.0,4.4,99.3,3.4,85.2,4.0,10.0,98.4,99.8,10.0,97.6,2.4,10.0,38.2,80.7,25.6
2024-05-20,7.10.0,93.4,27.1,11.8,83.6,92.9,80.1,76.3,8,9.3,2.9,89.1,14.1,106.3,8.6,9.4,86.4,93.6,9.4,85.7,14.3,9.0,58.2,58.4,17.6
2024-05-27,8.0.0,99.9,13.9,5.2,98.2,99.9,97.6,95.3,0,10.0,4.7,99.8,2.6,82.7,3.6,10.0,99.5,99.9,10.0,99.1,0.9,10.0,36.8,84.3,27.1
2024-06-03,8.1.0,90.8,31.7,15.2,76.9,88.6,73.8,67.4,13,8.5,2.4,82.4,18.7,115.2,10.2,8.6,80.7,89.1,8.6,79.6,20.4,8.3,66.4,52.1,15.4
2024-06-10,8.2.0,96.5,22.6,9.3,89.4,96.9,85.1,81.8,4,9.8,3.5,93.1,10.8,98.7,6.9,9.9,91.2,96.7,9.9,90.1,9.9,9.6,49.7,66.3,20.4
2024-06-17,8.3.0,99.2,16.8,6.6,95.1,99.5,93.4,90.7,0,10.0,4.2,98.4,4.9,87.4,4.6,10.0,97.6,99.3,10.0,96.1,3.9,10.0,40.1,78.7,24.3
2024-06-24,8.4.0,95.3,24.9,10.4,86.4,94.6,82.7,79.3,6,9.6,3.2,91.4,12.2,101.3,7.8,9.7,89.1,95.1,9.7,88.2,11.8,9.4,53.3,62.4,18.9
2024-07-01,8.5.0,98.3,19.2,7.9,92.3,98.8,89.1,85.8,1,10.0,3.8,96.1,7.9,92.4,5.9,10.0,94.6,98.4,10.0,92.9,7.1,9.9,46.6,70.8,22.1
2024-07-08,8.6.0,99.7,15.1,5.7,96.7,99.8,95.9,93.6,0,10.0,4.5,99.4,3.2,84.6,3.9,10.0,98.9,99.8,10.0,98.1,1.9,10.0,37.7,81.4,25.8
2024-07-15,8.7.0,92.9,28.3,12.4,82.7,91.4,79.6,75.1,9,9.2,2.8,88.3,14.6,107.9,8.9,9.3,85.8,92.8,9.3,84.9,15.1,8.9,59.1,57.6,17.1
2024-07-22,8.8.0,97.8,20.5,8.5,91.1,98.2,87.6,84.2,2,9.9,3.6,95.2,8.9,94.3,6.3,10.0,93.7,97.9,10.0,92.1,7.9,9.8,47.8,68.9,21.5
2024-07-29,8.9.0,98.9,17.4,7.0,93.8,99.3,91.2,87.9,1,10.0,4.0,97.6,6.2,90.1,5.4,10.0,96.2,99.1,10.0,94.6,5.4,10.0,41.9,74.9,23.9
2024-08-05,8.10.0,93.6,27.8,12.1,83.1,92.7,80.3,76.8,8,9.3,2.9,88.9,14.3,106.7,8.7,9.4,86.2,93.4,9.4,85.3,14.7,9.0,58.7,58.1,17.4
2024-08-12,8.11.0,96.9,22.1,9.0,89.8,97.3,85.9,82.4,3,9.8,3.5,93.8,10.4,97.6,6.6,9.9,91.7,97.1,9.9,90.7,9.3,9.7,49.1,67.2,20.7
2024-08-19,8.12.0,98.6,18.6,7.7,92.9,99.0,90.4,86.8,1,10.0,3.9,96.9,7.4,91.8,5.8,10.0,95.1,98.7,10.0,93.7,6.3,9.9,45.3,72.1,22.6
2024-08-26,9.0.0,99.9,14.2,5.3,97.9,99.9,97.1,94.8,0,10.0,4.6,99.7,2.9,83.4,3.7,10.0,99.3,99.9,10.0,98.6,1.4,10.0,37.4,83.7,26.8
2024-09-02,9.1.0,94.1,26.7,11.3,84.9,93.8,81.4,77.6,7,9.4,3.0,90.7,13.4,104.1,8.3,9.5,87.9,94.3,9.5,86.8,13.2,9.1,56.8,60.2,18.1
2024-09-09,9.2.0,97.2,21.8,8.8,90.2,97.7,86.8,83.4,3,9.9,3.6,94.6,9.7,96.2,6.5,10.0,92.4,97.4,10.0,91.4,8.6,9.8,48.4,68.6,21.2
2024-09-16,9.3.0,99.4,16.6,6.4,95.6,99.6,94.2,91.8,0,10.0,4.3,98.6,4.7,86.7,4.4,10.0,97.9,99.5,10.0,96.7,3.3,10.0,39.6,79.1,24.6
2024-09-23,9.4.0,95.6,24.3,10.1,87.2,95.1,83.4,80.1,5,9.7,3.3,92.3,11.9,100.4,7.6,9.8,90.3,95.7,9.8,89.3,10.7,9.5,52.7,63.8,19.4