Date,Release Number,Lines of Code,Cyclomatic Complexity,Code Coverage (%),Code Duplication (%),Technical Debt Ratio,Maintainability Index,Security Hotspots,Code Smells,Bugs,Vulnerabilities,Code Quality Gate Status,Static Analysis Score (1-10),Code Review Coverage (%),Documentation Coverage (%),API Endpoint Count,Database Query Count,Third-party Dependencies,Security Scan Score (1-10),Performance Hotspots,Memory Leak Count,CPU Usage Optimization Score (1-10),Database Performance Score (1-10),Code Complexity Score (1-10),Refactoring Recommendations
2023-01-02,MVP-0.1.0,24673,847,52.8,18.7,0.34,42.1,67,234,89,23,Failed,4.2,34.7,28.9,47,189,89,4.8,34,12,5.2,4.7,4.1,89
2023-01-09,MVP-0.2.0,28934,912,58.9,16.2,0.31,48.7,59,201,76,19,Failed,5.1,41.3,35.6,54,212,94,5.4,29,10,5.8,5.3,4.8,76
2023-01-16,MVP-0.3.0,26781,893,55.6,17.4,0.33,45.2,63,218,82,21,Failed,4.7,38.1,32.4,51,198,91,5.0,31,11,5.5,5.0,4.4,82
2023-01-23,MVP-0.4.0,31245,876,62.7,14.8,0.28,52.4,54,187,68,16,Passed,5.8,46.9,41.2,59,234,98,5.9,26,8,6.3,5.8,5.2,68
2023-01-30,MVP-0.5.0,33892,851,66.4,13.1,0.25,56.1,48,167,59,14,Passed,6.4,52.3,46.7,63,251,102,6.5,23,7,6.8,6.4,5.7,59
2023-02-06,MVP-0.6.0,29567,879,59.8,15.9,0.30,49.6,56,194,73,18,Failed,5.3,43.8,38.1,56,223,96,5.6,28,9,6.0,5.5,4.9,73
2023-02-13,MVP-0.7.0,36178,823,69.3,11.4,0.22,59.2,42,148,51,12,Passed,7.1,58.4,52.9,68,267,107,7.2,20,6,7.4,6.9,6.3,51
2023-02-20,MVP-0.8.0,32456,847,63.1,14.2,0.27,53.8,50,171,64,15,Passed,6.0,49.7,44.3,61,238,100,6.1,25,8,6.5,6.0,5.4,64
2023-02-24,MVP-0.8.1,33689,834,65.7,13.3,0.25,56.4,46,159,57,13,Passed,6.6,53.1,47.8,64,245,103,6.7,22,7,6.9,6.5,5.8,57
2023-02-27,MVP-0.9.0,38745,798,72.6,10.1,0.19,62.9,37,131,44,10,Passed,7.8,63.7,58.4,72,284,112,7.9,17,5,7.9,7.4,6.8,44
2023-03-06,Alpha-1.0.0,41923,767,76.2,8.7,0.16,66.5,32,117,38,8,Passed,8.4,68.9,63.2,77,298,118,8.5,15,4,8.3,7.9,7.3,38
2023-03-13,Alpha-1.1.0,39834,781,73.8,9.4,0.18,64.2,35,124,42,9,Passed,8.0,65.3,59.7,74,289,115,8.1,16,4,8.0,7.6,7.0,42
2023-03-20,Alpha-1.2.0,44567,745,79.4,7.3,0.14,70.1,28,103,32,6,Passed,9.1,73.6,68.1,82,312,123,9.2,13,3,8.7,8.4,7.8,32
2023-03-27,Alpha-1.3.0,42891,759,77.1,8.0,0.15,67.8,30,109,35,7,Passed,8.7,70.4,64.9,79,304,120,8.8,14,3,8.4,8.1,7.5,35
2023-04-03,Alpha-1.4.0,47234,723,82.7,6.2,0.11,73.6,24,89,27,5,Passed,9.7,78.1,72.4,86,327,128,9.8,11,2,9.1,8.8,8.3,27
2023-04-10,Alpha-1.5.0,45678,736,80.3,6.9,0.13,71.4,26,95,30,6,Passed,9.3,75.7,69.8,84,318,125,9.4,12,2,8.8,8.5,8.0,30
2023-04-17,Alpha-1.6.0,49823,701,85.6,5.1,0.09,77.3,20,76,22,4,Passed,10.0,82.4,76.9,90,341,133,10.0,9,1,9.4,9.2,8.7,22
2023-04-21,Alpha-1.6.1,48967,712,83.9,5.7,0.10,75.7,22,81,24,4,Passed,9.8,80.1,74.6,88,335,131,9.9,10,1,9.2,9.0,8.5,24
2023-04-24,Alpha-1.7.0,51456,687,88.2,4.3,0.07,81.2,17,64,18,3,Passed,10.0,85.9,80.4,94,356,138,10.0,7,1,9.7,9.5,9.1,18
2023-05-01,Beta-2.0.0,53789,672,90.4,3.8,0.06,84.5,14,56,15,2,Passed,10.0,88.7,83.2,98,368,142,10.0,6,0,9.9,9.7,9.4,15
2023-05-08,Beta-2.1.0,50234,695,85.7,4.9,0.08,77.9,19,73,21,3,Passed,9.8,82.1,77.3,91,349,135,9.9,8,1,9.3,9.1,8.6,21
2023-05-15,Beta-2.2.0,55167,659,92.1,3.2,0.05,87.2,12,48,12,1,Passed,10.0,91.8,86.1,101,381,147,10.0,5,0,10.0,9.9,9.7,12
2023-05-22,Beta-2.3.0,52845,674,87.9,4.1,0.07,80.4,16,61,17,2,Passed,9.9,84.6,79.7,96,364,140,10.0,7,0,9.6,9.4,8.9,17
2023-05-29,Beta-2.4.0,56734,645,93.7,2.7,0.04,89.1,10,42,10,1,Passed,10.0,94.6,88.9,104,394,151,10.0,4,0,10.0,10.0,9.9,10
2023-06-05,Beta-2.5.0,54123,661,89.2,3.5,0.06,82.7,14,53,14,2,Passed,10.0,86.1,81.4,99,372,144,10.0,6,0,9.7,9.5,9.2,14
2023-06-12,RC-3.0.0,58291,631,95.2,2.3,0.03,91.3,8,37,8,0,Passed,10.0,96.6,91.4,107,406,155,10.0,3,0,10.0,10.0,10.0,8
2023-06-19,RC-3.1.0,56789,647,91.8,2.9,0.04,85.2,11,44,11,1,Passed,10.0,88.9,84.1,102,389,149,10.0,5,0,9.8,9.6,9.5,11
2023-06-26,RC-3.2.0,59867,617,96.7,1.9,0.02,93.8,6,31,6,0,Passed,10.0,98.2,93.7,110,418,159,10.0,2,0,10.0,10.0,10.0,6
2023-07-03,Production-4.0.0,61245,603,98.1,1.5,0.02,95.4,5,26,5,0,Passed,10.0,99.2,95.8,113,429,162,10.0,2,0,10.0,10.0,10.0,5
2023-07-10,4.1.0,57894,634,88.6,3.7,0.06,81.9,13,51,13,2,Passed,9.7,85.3,80.6,97,378,146,9.8,6,0,9.4,9.2,8.8,13
2023-07-17,4.2.0,62134,589,97.3,1.7,0.02,92.4,6,29,6,0,Passed,10.0,95.6,92.1,111,421,161,10.0,2,0,9.9,9.8,9.7,6
2023-07-24,4.3.0,55467,658,82.4,5.3,0.09,75.1,18,67,18,3,Failed,9.4,79.7,74.8,89,356,138,9.5,9,1,8.9,8.7,8.2,18
2023-07-31,4.4.0,63789,576,98.6,1.3,0.02,96.1,4,23,4,0,Passed,10.0,98.3,96.4,115,436,165,10.0,1,0,10.0,10.0,10.0,4
2023-08-07,4.5.0,58923,621,86.1,4.2,0.07,78.6,15,58,15,2,Passed,9.6,82.8,77.9,94,392,149,9.7,7,0,9.1,8.9,8.5,15
2023-08-14,4.6.0,64567,562,96.9,1.5,0.02,91.7,5,27,5,0,Passed,10.0,94.8,91.3,112,424,163,10.0,2,0,9.8,9.7,9.6,5
2023-08-21,4.7.0,56123,671,79.3,6.1,0.11,71.8,21,79,21,4,Failed,9.0,76.2,71.3,86,348,135,9.1,11,2,8.4,8.2,7.9,21
2023-08-28,4.8.0,61234,598,90.8,2.8,0.04,84.1,9,39,9,1,Passed,9.9,87.5,82.7,105,403,152,10.0,4,0,9.5,9.3,9.0,9
2023-09-04,4.9.0,65891,548,97.8,1.2,0.02,94.2,4,21,4,0,Passed,10.0,96.7,94.1,116,441,167,10.0,1,0,9.9,9.8,9.8,4
2023-09-11,4.10.0,59467,629,84.7,4.6,0.08,77.3,16,62,16,2,Passed,9.5,81.1,76.4,92,374,147,9.6,8,1,8.8,8.6,8.4,16
2023-09-18,5.0.0,67234,534,98.4,1.1,0.01,95.7,3,19,3,0,Passed,10.0,97.9,95.4,119,453,170,10.0,1,0,10.0,9.9,9.9,3
2023-09-25,5.1.0,62789,583,89.3,3.2,0.05,81.4,11,44,11,1,Passed,9.8,84.7,79.8,108,398,154,9.9,5,0,9.2,9.0,8.9,11
2023-10-02,5.2.0,68567,520,98.1,1.0,0.01,94.9,3,18,3,0,Passed,10.0,97.4,94.8,121,461,172,10.0,1,0,9.9,9.8,9.8,3
2023-10-09,5.3.0,60234,641,81.6,5.4,0.10,73.2,19,71,19,3,Failed,9.2,78.4,72.9,85,361,139,9.3,10,1,8.1,7.9,7.6,19
2023-10-16,5.4.0,65123,567,91.7,2.5,0.04,85.6,8,36,8,1,Passed,10.0,88.9,83.4,113,412,157,10.0,3,0,9.4,9.2,9.1,8
2023-10-23,5.5.0,61789,594,87.4,3.6,0.06,79.8,13,48,13,2,Passed,9.7,83.2,78.1,99,387,150,9.8,6,0,9.0,8.8,8.7,13
2023-10-30,5.6.0,66934,549,93.2,2.1,0.03,87.9,7,32,7,0,Passed,10.0,91.4,86.3,115,428,160,10.0,3,0,9.6,9.4,9.3,7
2023-11-06,5.7.0,62456,608,84.8,4.3,0.08,76.9,15,55,15,2,Passed,9.4,80.5,75.6,95,378,148,9.5,7,1,8.7,8.5,8.3,15
2023-11-13,5.8.0,67234,535,90.6,2.7,0.04,84.4,9,38,9,1,Passed,9.9,87.8,82.9,111,419,158,10.0,4,0,9.3,9.1,9.0,9
2023-11-20,5.9.0,69567,521,95.8,1.6,0.02,90.1,5,24,5,0,Passed,10.0,93.7,88.6,118,445,163,10.0,2,0,9.7,9.5,9.6,5
2023-11-27,5.10.0,63189,625,78.9,5.8,0.11,70.3,20,76,20,4,Failed,8.9,75.1,70.2,82,354,136,8.9,12,2,7.8,7.6,7.4,20
2023-12-04,5.11.0,66789,558,88.7,3.1,0.05,81.7,10,42,10,1,Passed,9.8,85.1,80.4,106,402,153,9.9,5,0,9.1,8.9,8.8,10
2023-12-11,5.12.0,68923,542,92.4,2.3,0.03,86.3,7,31,7,0,Passed,10.0,89.7,84.8,114,431,161,10.0,3,0,9.5,9.3,9.2,7
2023-12-18,6.0.0,71234,528,96.1,1.4,0.02,92.8,4,22,4,0,Passed,10.0,95.2,90.7,123,456,168,10.0,2,0,9.8,9.6,9.7,4
2023-12-25,6.0.1,64567,598,80.7,5.2,0.10,72.4,18,69,18,3,Failed,9.1,77.8,72.6,88,367,141,9.2,10,1,8.0,7.8,7.7,18
2024-01-01,6.1.0,63891,612,79.6,5.6,0.11,71.7,19,73,19,4,Failed,8.9,76.9,71.8,86,359,138,9.0,11,2,7.9,7.7,7.5,19
2024-01-08,6.2.0,67456,566,90.3,2.9,0.04,83.1,9,40,9,1,Passed,9.9,86.4,81.2,109,408,155,10.0,4,0,9.2,9.0,8.9,9
2024-01-15,6.3.0,69789,534,93.7,2.0,0.03,88.4,6,28,6,0,Passed,10.0,91.8,86.9,117,439,162,10.0,3,0,9.6,9.4,9.4,6
2024-01-22,6.4.0,62134,634,77.1,6.2,0.12,68.6,21,81,21,4,Failed,8.6,74.2,69.1,81,347,133,8.7,13,2,7.4,7.2,7.1,21
2024-01-29,6.5.0,66234,579,89.1,3.3,0.05,82.3,11,45,11,1,Passed,9.8,85.7,80.6,104,394,152,9.9,5,0,9.0,8.8,8.8,11
2024-02-05,6.6.0,70123,517,95.9,1.5,0.02,91.6,4,23,4,0,Passed,10.0,94.1,89.4,120,451,165,10.0,2,0,9.7,9.5,9.6,4
2024-02-12,6.7.0,64789,601,85.2,4.1,0.07,77.9,14,52,14,2,Passed,9.5,81.6,76.7,97,383,149,9.6,7,0,8.8,8.6,8.5,14
2024-02-19,6.8.0,68456,551,91.4,2.6,0.04,84.7,8,35,8,1,Passed,9.9,88.1,83.2,112,421,159,10.0,4,0,9.3,9.1,9.1,8
2024-02-26,6.9.0,71567,505,96.8,1.3,0.02,93.1,4,20,4,0,Passed,10.0,95.4,91.1,125,468,170,10.0,1,0,9.8,9.7,9.7,4
2024-03-04,6.10.0,65234,594,86.7,3.8,0.06,79.1,12,47,12,2,Passed,9.6,82.9,78.0,101,396,151,9.7,6,0,8.9,8.7,8.6,12
2024-03-11,7.0.0,73189,491,97.6,1.1,0.01,94.7,3,17,3,0,Passed,10.0,96.8,92.4,128,481,173,10.0,1,0,9.9,9.8,9.8,3
2024-03-18,7.1.0,66789,618,78.3,5.9,0.12,69.9,20,77,20,4,Failed,8.8,75.6,70.5,83,352,135,8.8,12,2,7.6,7.4,7.3,20
2024-03-25,7.2.0,69234,558,90.7,2.8,0.04,83.9,9,39,9,1,Passed,9.9,87.2,82.1,110,416,157,10.0,4,0,9.2,9.0,9.0,9
2024-04-01,7.3.0,71456,524,93.1,2.2,0.03,87.2,7,30,7,0,Passed,10.0,90.6,85.7,115,434,161,10.0,3,0,9.5,9.3,9.3,7
2024-04-08,7.4.0,64567,641,75.8,6.5,0.13,66.7,22,84,22,5,Failed,8.4,72.9,67.8,79,341,131,8.5,14,3,7.1,6.9,6.9,22
2024-04-15,7.5.0,67891,587,88.9,3.4,0.05,81.0,11,46,11,1,Passed,9.7,84.3,79.2,107,401,154,9.8,5,0,8.9,8.7,8.7,11
2024-04-22,7.6.0,70234,539,92.6,2.4,0.03,86.5,7,32,7,1,Passed,10.0,89.9,84.8,113,427,160,10.0,3,0,9.4,9.2,9.2,7
2024-04-29,7.7.0,66123,598,86.1,3.9,0.06,78.7,13,49,13,2,Passed,9.6,82.4,77.3,99,389,150,9.7,6,0,8.8,8.6,8.4,13
2024-05-06,7.8.0,68789,561,91.8,2.7,0.04,85.1,8,36,8,1,Passed,9.9,88.7,83.8,111,418,158,10.0,4,0,9.3,9.1,9.1,8
2024-05-13,7.9.0,72456,512,96.4,1.4,0.02,93.4,4,21,4,0,Passed,10.0,95.7,91.6,122,459,167,10.0,2,0,9.8,9.6,9.6,4
2024-05-20,7.10.0,65789,608,83.6,4.4,0.08,76.3,15,56,15,2,Passed,9.3,80.1,75.2,95,375,147,9.4,8,1,8.5,8.3,8.2,15
2024-05-27,8.0.0,74123,498,98.2,1.0,0.01,95.3,3,16,3,0,Passed,10.0,97.6,93.1,130,493,176,10.0,1,0,10.0,9.9,9.9,3
2024-06-03,8.1.0,67234,625,76.9,6.1,0.12,67.4,21,80,21,4,Failed,8.5,73.8,68.7,81,346,132,8.6,13,2,7.3,7.1,7.0,21
2024-06-10,8.2.0,69567,575,89.4,3.1,0.05,81.8,10,43,10,1,Passed,9.8,85.1,80.1,105,405,153,9.9,5,0,9.0,8.8,8.8,10
2024-06-17,8.3.0,71890,531,95.1,1.7,0.02,90.7,5,25,5,0,Passed,10.0,93.4,88.2,118,447,164,10.0,2,0,9.7,9.5,9.5,5
2024-06-24,8.4.0,66456,601,86.4,3.7,0.06,79.3,12,48,12,2,Passed,9.6,82.7,77.6,100,392,151,9.7,6,0,8.9,8.7,8.5,12
2024-07-01,8.5.0,69123,554,92.3,2.5,0.03,85.8,7,33,7,1,Passed,10.0,89.1,84.1,112,423,159,10.0,3,0,9.4,9.2,9.2,7
2024-07-08,8.6.0,72789,517,96.7,1.3,0.02,93.6,4,20,4,0,Passed,10.0,95.9,91.8,124,465,169,10.0,2,0,9.8,9.7,9.7,4
2024-07-15,8.7.0,65891,614,82.7,4.7,0.08,75.1,16,59,16,3,Passed,9.2,79.6,74.5,93,371,146,9.3,9,1,8.2,8.0,8.1,16
2024-07-22,8.8.0,68234,567,91.1,2.8,0.04,84.2,8,37,8,1,Passed,9.9,87.6,82.5,109,414,156,10.0,4,0,9.2,9.0,9.0,8
2024-07-29,8.9.0,71567,533,93.8,2.1,0.03,87.9,6,29,6,0,Passed,10.0,91.2,86.4,116,441,162,10.0,3,0,9.5,9.3,9.4,6
2024-08-05,8.10.0,66123,607,83.1,4.5,0.08,76.8,15,57,15,2,Passed,9.3,80.3,75.4,94,374,147,9.4,8,1,8.4,8.2,8.2,15
2024-08-12,8.11.0,68789,574,89.8,3.0,0.05,82.4,10,41,10,1,Passed,9.8,85.9,80.7,106,409,154,9.9,5,0,9.0,8.8,8.9,10
2024-08-19,8.12.0,71234,540,92.9,2.3,0.03,86.8,7,31,7,1,Passed,10.0,90.4,85.3,114,432,161,10.0,3,0,9.4,9.2,9.3,7
2024-08-26,9.0.0,73567,504,97.9,1.0,0.01,94.8,3,15,3,0,Passed,10.0,97.1,92.7,127,478,174,10.0,1,0,9.9,9.8,9.8,3
2024-09-02,9.1.0,67456,616,84.9,4.2,0.07,77.6,14,54,14,2,Passed,9.4,81.4,76.3,96,381,148,9.5,7,1,8.6,8.4,8.3,14
2024-09-09,9.2.0,69234,579,90.2,2.9,0.04,83.4,9,40,9,1,Passed,9.9,86.8,81.4,108,412,155,9.9,4,0,9.1,8.9,8.9,9
2024-09-16,9.3.0,72189,526,95.6,1.6,0.02,91.8,4,24,4,0,Passed,10.0,94.2,89.1,121,453,166,10.0,2,0,9.7,9.5,9.6,4
2024-09-23,9.4.0,68567,595,87.2,3.5,0.06,80.1,11,47,11,2,Passed,9.7,83.4,78.4,102,398,152,9.8,6,0,8.9,8.7,8.6,11