Date,Release Number,Production Deployment Success Rate (%),System Uptime (%),Average Response Time (ms),Transaction Success Rate (%),Error Rate (%),Customer Satisfaction Score (1-10),Revenue Impact (USD),Active Users,Transaction Volume,Incident Count,Mean Time to Recovery (MTTR) (Minutes),System Performance Score (1-10),Security Incidents,Fraud Detection Rate (%),Payment Processing Accuracy (%),Chargeback Rate (%),Settlement Success Rate (%),Multi-Currency Transaction Success (%),API Availability (%),Customer Support Ticket Volume,Revenue Growth Rate (%),Payment Method Adoption Rate (%),Compliance Score (1-10),Merchant Satisfaction Score (1-10)
2023-01-02,MVP-0.1.0,74.2,91.3,487,82.6,17.4,4.8,127843,2341,45672,23,67.4,5.2,12,73.8,85.4,3.47,78.9,76.2,89.7,189,8.4,62.1,6.2,5.4
2023-01-09,MVP-0.2.0,79.8,93.7,421,86.1,13.9,5.6,168932,2789,58934,18,59.2,6.1,9,78.4,89.7,2.89,83.4,81.5,92.8,167,12.7,67.8,6.9,6.0
2023-01-16,MVP-0.3.0,76.1,92.4,452,84.3,15.7,5.2,145687,2598,52341,21,63.8,5.7,11,75.9,87.2,3.21,80.6,78.9,91.3,176,9.8,64.2,6.5,5.7
2023-01-23,MVP-0.4.0,82.7,95.1,389,88.9,11.1,6.3,194756,3142,67823,15,54.7,6.8,7,82.1,92.4,2.43,86.7,84.3,94.6,143,15.9,72.6,7.4,6.6
2023-01-30,MVP-0.5.0,85.4,96.2,356,91.2,8.8,6.8,221489,3456,74591,12,49.3,7.3,5,85.6,94.8,2.12,89.3,87.1,96.1,124,18.3,76.9,7.9,7.1
2023-02-06,MVP-0.6.0,78.9,93.8,434,86.7,13.3,5.9,172634,2987,59784,19,61.4,6.2,8,79.7,90.1,2.97,82.5,80.4,93.2,158,11.4,69.3,7.0,6.3
2023-02-13,MVP-0.7.0,87.3,97.4,324,93.5,6.5,7.6,258934,3798,83567,9,42.8,8.1,4,88.9,96.2,1.84,92.1,90.7,97.3,98,22.6,81.4,8.6,7.8
2023-02-20,MVP-0.8.0,81.6,94.9,401,89.1,10.9,6.5,203187,3267,69834,16,56.7,7.0,6,83.4,93.6,2.67,87.9,85.8,94.8,137,16.7,74.2,7.5,6.9
2023-02-24,MVP-0.8.1,84.2,95.8,378,90.8,9.2,6.9,218647,3398,72945,14,52.1,7.4,5,86.1,94.9,2.34,89.6,87.3,95.7,119,19.1,77.5,7.8,7.2
2023-02-27,MVP-0.9.0,89.7,98.1,297,95.2,4.8,8.3,287156,4123,91678,7,38.4,8.7,3,91.7,97.8,1.52,94.6,93.4,98.4,84,26.3,85.9,9.1,8.4
2023-03-06,Alpha-1.0.0,92.4,98.7,268,96.8,3.2,8.9,324789,4567,103254,5,34.2,9.2,2,94.3,98.6,1.28,96.4,95.7,99.1,67,31.4,89.7,9.6,8.9
2023-03-13,Alpha-1.1.0,90.1,97.9,289,95.4,4.6,8.5,298654,4298,96782,6,37.6,8.8,3,92.8,97.9,1.41,95.1,94.2,98.6,73,28.7,87.3,9.3,8.6
2023-03-20,Alpha-1.2.0,94.8,99.2,241,98.1,1.9,9.4,367291,5012,116589,4,29.7,9.7,1,96.9,99.2,1.04,98.2,97.6,99.5,52,38.2,93.4,9.8,9.5
2023-03-27,Alpha-1.3.0,91.7,98.4,274,96.2,3.8,9.0,341267,4789,108734,5,33.1,9.3,2,95.1,98.4,1.19,97.3,96.1,99.0,61,34.6,90.8,9.5,9.1
2023-04-03,Alpha-1.4.0,96.3,99.6,218,99.1,0.9,9.8,412578,5456,129867,2,26.4,9.9,1,98.4,99.7,0.87,99.1,98.9,99.7,41,45.7,96.2,10.0,9.8
2023-04-10,Alpha-1.5.0,93.9,99.0,253,97.6,2.4,9.5,378943,5189,119345,3,31.2,9.6,1,97.2,99.0,0.98,98.4,97.8,99.3,48,41.3,94.1,9.7,9.4
2023-04-17,Alpha-1.6.0,97.8,99.8,195,99.6,0.4,10.0,467829,5923,145672,1,22.1,10.0,0,99.1,99.9,0.73,99.6,99.4,99.9,29,52.8,98.7,10.0,10.0
2023-04-21,Alpha-1.6.1,95.6,99.3,234,98.7,1.3,9.7,434156,5634,137284,2,27.8,9.8,1,98.6,99.3,0.81,99.2,98.7,99.6,35,48.9,97.1,9.9,9.7
2023-04-24,Alpha-1.7.0,98.9,99.9,172,99.8,0.2,10.0,523678,6387,159734,1,19.4,10.0,0,99.6,99.9,0.61,99.8,99.7,99.9,21,61.4,99.3,10.0,10.0
2023-05-01,Beta-2.0.0,99.4,99.9,148,99.9,0.1,10.0,589234,6892,184561,0,16.7,10.0,0,99.8,99.9,0.52,99.9,99.8,99.9,14,72.6,99.7,10.0,10.0
2023-05-08,Beta-2.1.0,96.8,99.5,207,99.2,0.8,9.8,467891,6234,167234,1,24.3,9.9,0,99.3,99.6,0.67,99.4,99.1,99.7,26,58.3,98.4,9.9,9.8
2023-05-15,Beta-2.2.0,99.7,99.9,134,99.9,0.1,10.0,634567,7234,198743,0,14.2,10.0,0,99.9,99.9,0.48,99.9,99.9,99.9,12,84.7,99.8,10.0,10.0
2023-05-22,Beta-2.3.0,98.1,99.7,167,99.5,0.5,9.9,578923,6743,176892,1,21.6,9.9,0,99.6,99.8,0.56,99.7,99.5,99.8,18,69.2,99.1,10.0,9.9
2023-05-29,Beta-2.4.0,99.8,99.9,121,99.9,0.1,10.0,687345,7634,212567,0,12.8,10.0,0,99.9,99.9,0.43,99.9,99.9,99.9,9,97.3,99.9,10.0,10.0
2023-06-05,Beta-2.5.0,97.9,99.6,184,99.3,0.7,9.8,523467,6598,184923,1,23.1,9.9,0,99.4,99.7,0.61,99.5,99.2,99.8,22,76.8,98.7,9.9,9.8
2023-06-12,RC-3.0.0,99.9,99.9,103,99.9,0.1,10.0,734562,8123,231456,0,11.4,10.0,0,99.9,99.9,0.39,99.9,99.9,99.9,7,112.4,99.9,10.0,10.0
2023-06-19,RC-3.1.0,98.6,99.8,156,99.6,0.4,9.9,645789,7456,203567,1,19.7,9.9,0,99.7,99.8,0.47,99.8,99.6,99.9,16,89.6,99.4,10.0,9.9
2023-06-26,RC-3.2.0,99.9,99.9,89,99.9,0.1,10.0,789234,8567,248923,0,9.8,10.0,0,99.9,99.9,0.34,99.9,99.9,99.9,5,127.8,99.9,10.0,10.0
2023-07-03,Production-4.0.0,99.9,99.9,67,99.9,0.1,10.0,892345,9234,278456,0,8.2,10.0,0,99.9,99.9,0.28,99.9,99.9,99.9,3,156.7,99.9,10.0,10.0
2023-07-10,4.1.0,97.4,99.4,189,99.1,0.9,9.7,634567,7892,219678,1,26.4,9.8,0,99.2,99.5,0.64,99.3,99.0,99.6,28,92.3,98.2,9.8,9.7
2023-07-17,4.2.0,99.7,99.9,78,99.9,0.1,10.0,934567,9678,289734,0,9.6,10.0,0,99.9,99.9,0.31,99.9,99.9,99.9,4,143.6,99.8,10.0,10.0
2023-07-24,4.3.0,95.8,98.9,234,98.4,1.6,9.4,567823,7234,198456,2,32.7,9.5,1,98.7,98.9,0.78,98.6,98.1,99.2,39,67.4,96.9,9.6,9.4
2023-07-31,4.4.0,99.9,99.9,64,99.9,0.1,10.0,1045678,10234,312567,0,7.4,10.0,0,99.9,99.9,0.26,99.9,99.9,99.9,2,178.9,99.9,10.0,10.0
2023-08-07,4.5.0,96.9,99.1,212,98.8,1.2,9.6,689234,8123,234789,1,29.8,9.7,0,99.0,99.2,0.69,99.1,98.7,99.4,31,84.7,97.6,9.7,9.6
2023-08-14,4.6.0,99.8,99.9,71,99.9,0.1,10.0,1123456,10789,334567,0,8.9,10.0,0,99.9,99.9,0.24,99.9,99.9,99.9,3,198.4,99.9,10.0,10.0
2023-08-21,4.7.0,94.7,98.3,267,97.9,2.1,9.1,523467,6934,189234,3,38.4,9.2,1,98.1,98.4,0.89,98.2,97.6,98.8,47,59.3,95.2,9.3,9.1
2023-08-28,4.8.0,98.4,99.6,143,99.4,0.6,9.8,789123,8967,256734,1,22.3,9.9,0,99.5,99.7,0.51,99.6,99.3,99.7,19,123.7,98.9,9.9,9.8
2023-09-04,4.9.0,99.9,99.9,58,99.9,0.1,10.0,1234567,11456,367891,0,6.8,10.0,0,99.9,99.9,0.21,99.9,99.9,99.9,1,234.6,99.9,10.0,10.0
2023-09-11,4.10.0,96.2,98.7,198,98.6,1.4,9.5,634789,7678,223456,2,34.1,9.6,0,98.9,99.0,0.73,98.9,98.4,99.1,33,89.4,97.1,9.6,9.5
2023-09-18,5.0.0,99.9,99.9,52,99.9,0.1,10.0,1456789,12789,423567,0,5.9,10.0,0,99.9,99.9,0.18,99.9,99.9,99.9,1,278.9,99.9,10.0,10.0
2023-09-25,5.1.0,97.8,99.3,167,99.0,1.0,9.7,845623,9234,289734,1,27.6,9.8,0,99.3,99.4,0.58,99.4,99.0,99.5,24,156.7,98.4,9.8,9.7
2023-10-02,5.2.0,99.9,99.9,49,99.9,0.1,10.0,1634567,13567,467823,0,5.4,10.0,0,99.9,99.9,0.16,99.9,99.9,99.9,1,324.5,99.9,10.0,10.0
2023-10-09,5.3.0,95.4,98.1,243,97.6,2.4,9.0,567234,7123,198456,3,41.7,9.1,1,97.8,98.2,0.94,97.9,97.3,98.5,51,67.8,94.6,9.2,9.0
2023-10-16,5.4.0,98.7,99.7,121,99.5,0.5,9.9,923456,9876,312567,0,19.8,9.9,0,99.6,99.8,0.46,99.7,99.4,99.8,17,198.7,99.2,9.9,9.9
2023-10-23,5.5.0,97.1,99.0,178,98.9,1.1,9.6,734567,8456,267834,1,31.2,9.7,0,99.1,99.3,0.65,99.2,98.8,99.3,28,134.6,98.0,9.7,9.6
2023-10-30,5.6.0,99.3,99.8,95,99.7,0.3,9.9,1123789,10789,356789,0,16.4,10.0,0,99.8,99.9,0.41,99.8,99.6,99.9,12,234.7,99.5,10.0,9.9
2023-11-06,5.7.0,96.8,98.6,201,98.5,1.5,9.4,689234,8234,234567,2,35.7,9.5,0,98.8,99.0,0.76,98.9,98.3,99.0,36,98.4,96.8,9.5,9.4
2023-11-13,5.8.0,98.9,99.6,134,99.3,0.7,9.8,856734,9567,289734,1,23.9,9.9,0,99.4,99.6,0.53,99.5,99.1,99.6,21,167.3,98.7,9.9,9.8
2023-11-20,5.9.0,99.6,99.9,82,99.8,0.2,10.0,1267456,11234,389567,0,13.7,10.0,0,99.9,99.9,0.37,99.9,99.7,99.9,8,289.6,99.7,10.0,10.0
2023-11-27,5.10.0,94.1,97.8,278,97.2,2.8,8.7,534678,6789,178456,4,46.3,8.9,2,97.3,97.9,1.08,97.4,96.8,98.2,58,56.7,93.4,8.9,8.7
2023-12-04,5.11.0,97.6,99.2,156,98.9,1.1,9.6,723456,8567,256789,1,29.4,9.7,0,99.0,99.2,0.67,99.1,98.7,99.4,27,123.4,97.9,9.7,9.6
2023-12-11,5.12.0,99.1,99.7,108,99.6,0.4,9.9,967234,9892,323456,0,18.6,9.9,0,99.7,99.8,0.43,99.8,99.5,99.8,14,198.7,99.3,9.9,9.9
2023-12-18,6.0.0,99.8,99.9,67,99.9,0.1,10.0,1389567,12456,434567,0,11.2,10.0,0,99.9,99.9,0.33,99.9,99.8,99.9,6,324.8,99.8,10.0,10.0
2023-12-25,6.0.1,95.3,98.4,248,97.8,2.2,9.2,623457,7345,189234,3,39.7,9.3,1,98.0,98.5,0.91,98.1,97.5,98.7,46,73.6,95.7,9.3,9.2
2024-01-01,6.1.0,94.7,98.0,263,97.4,2.6,9.0,567234,7012,176523,3,42.8,9.1,1,97.6,98.1,0.97,97.7,97.1,98.4,49,68.9,94.9,9.1,9.0
2024-01-08,6.2.0,98.2,99.5,145,99.1,0.9,9.7,798456,8789,267834,1,25.3,9.8,0,99.2,99.4,0.61,99.3,98.9,99.5,23,134.7,98.5,9.8,9.7
2024-01-15,6.3.0,99.4,99.8,92,99.7,0.3,9.9,1045678,10234,334567,0,17.1,10.0,0,99.8,99.9,0.39,99.8,99.6,99.9,11,223.4,99.4,10.0,9.9
2024-01-22,6.4.0,93.8,97.6,289,96.9,3.1,8.8,523467,6678,167234,4,48.7,8.8,2,96.8,97.4,1.14,96.9,96.3,97.9,62,54.2,92.7,8.8,8.8
2024-01-29,6.5.0,97.9,99.3,167,98.8,1.2,9.6,734567,8456,245678,1,28.6,9.7,0,98.9,99.1,0.68,99.0,98.6,99.3,29,123.8,97.8,9.7,9.6
2024-02-05,6.6.0,99.7,99.9,78,99.8,0.2,10.0,1223456,11567,378234,0,12.4,10.0,0,99.9,99.9,0.35,99.9,99.7,99.9,7,289.7,99.6,10.0,10.0
2024-02-12,6.7.0,95.9,98.7,221,98.3,1.7,9.3,645789,7789,201234,2,36.2,9.4,0,98.6,98.8,0.82,98.7,98.1,99.0,41,89.4,96.2,9.4,9.3
2024-02-19,6.8.0,98.6,99.6,134,99.2,0.8,9.8,867234,9234,289567,1,24.7,9.8,0,99.3,99.5,0.57,99.4,99.0,99.6,20,156.8,98.9,9.8,9.8
2024-02-26,6.9.0,99.8,99.9,71,99.9,0.1,10.0,1345678,12234,401234,0,10.8,10.0,0,99.9,99.9,0.31,99.9,99.8,99.9,5,334.6,99.7,10.0,10.0
2024-03-04,6.10.0,96.4,98.9,189,98.6,1.4,9.5,723456,8123,234567,2,33.1,9.5,0,98.9,99.0,0.74,99.0,98.4,99.2,34,112.7,97.1,9.5,9.5
2024-03-11,7.0.0,99.9,99.9,58,99.9,0.1,10.0,1456789,13456,456789,0,8.9,10.0,0,99.9,99.9,0.27,99.9,99.9,99.9,3,423.7,99.9,10.0,10.0
2024-03-18,7.1.0,94.2,97.9,256,97.1,2.9,8.9,534567,6892,156789,4,44.6,8.9,2,97.0,97.6,1.09,97.1,96.5,98.1,57,62.8,93.1,8.9,8.9
2024-03-25,7.2.0,98.4,99.5,156,99.0,1.0,9.7,812345,8934,278456,1,26.8,9.8,0,99.1,99.3,0.63,99.2,98.8,99.4,25,145.6,98.4,9.8,9.7
2024-04-01,7.3.0,99.5,99.8,89,99.7,0.3,9.9,1134567,10789,356789,0,15.7,10.0,0,99.8,99.9,0.37,99.8,99.6,99.8,10,267.4,99.5,10.0,9.9
2024-04-08,7.4.0,93.1,97.4,298,96.5,3.5,8.6,489234,6234,145678,5,52.1,8.6,2,96.3,96.9,1.21,96.4,95.8,97.6,67,48.7,91.8,8.6,8.6
2024-04-15,7.5.0,97.2,99.1,178,98.7,1.3,9.5,678234,7892,223456,1,30.4,9.6,0,98.8,99.0,0.71,98.9,98.5,99.2,31,98.7,97.3,9.6,9.5
2024-04-22,7.6.0,99.2,99.7,112,99.5,0.5,9.9,998765,9678,323456,0,19.3,9.9,0,99.6,99.8,0.45,99.7,99.3,99.7,15,189.4,99.1,9.9,9.9
2024-04-29,7.7.0,96.1,98.8,203,98.4,1.6,9.4,634567,7567,198234,2,35.9,9.4,0,98.7,98.9,0.79,98.8,98.2,99.1,38,123.7,96.7,9.4,9.4
2024-05-06,7.8.0,98.7,99.6,145,99.1,0.9,9.8,823456,8756,267834,1,25.1,9.8,0,99.2,99.4,0.59,99.3,98.9,99.5,22,156.9,98.6,9.8,9.8
2024-05-13,7.9.0,99.9,99.9,67,99.9,0.1,10.0,1245678,11678,389567,0,9.4,10.0,0,99.9,99.9,0.29,99.9,99.8,99.9,4,298.6,99.8,10.0,10.0
2024-05-20,7.10.0,95.8,98.6,234,98.2,1.8,9.3,567234,7234,189234,2,37.6,9.3,0,98.5,98.7,0.85,98.6,98.0,98.9,42,89.7,96.1,9.3,9.3
2024-05-27,8.0.0,99.9,99.9,52,99.9,0.1,10.0,1378945,12934,445678,0,7.8,10.0,0,99.9,99.9,0.25,99.9,99.9,99.9,2,445.7,99.9,10.0,10.0
2024-06-03,8.1.0,93.6,97.7,278,96.8,3.2,8.7,478234,6123,134567,4,49.8,8.7,2,96.5,97.1,1.16,96.6,96.0,97.8,64,56.8,92.3,8.7,8.7
2024-06-10,8.2.0,98.1,99.4,167,98.9,1.1,9.7,723456,8234,245678,1,27.9,9.7,0,99.0,99.2,0.65,99.1,98.7,99.3,26,134.8,98.1,9.7,9.7
2024-06-17,8.3.0,99.6,99.8,87,99.8,0.2,10.0,1089234,10456,367892,0,13.2,10.0,0,99.9,99.9,0.33,99.9,99.7,99.9,8,267.9,99.6,10.0,10.0
2024-06-24,8.4.0,96.3,98.9,198,98.5,1.5,9.4,634567,7456,201234,2,34.7,9.4,0,98.8,99.0,0.77,98.9,98.3,99.1,36,112.4,96.8,9.4,9.4
2024-07-01,8.5.0,98.9,99.7,134,99.3,0.7,9.8,834567,8967,278945,1,23.6,9.8,0,99.4,99.6,0.55,99.5,99.1,99.6,19,167.8,98.8,9.8,9.8
2024-07-08,8.6.0,99.8,99.9,71,99.9,0.1,10.0,1198765,11234,401234,0,10.1,10.0,0,99.9,99.9,0.30,99.9,99.8,99.9,5,298.7,99.7,10.0,10.0
2024-07-15,8.7.0,95.4,98.4,245,97.9,2.1,9.2,556789,6892,167234,3,40.2,9.2,1,98.2,98.4,0.88,98.3,97.7,98.7,48,78.9,95.6,9.2,9.2
2024-07-22,8.8.0,98.6,99.5,156,99.0,1.0,9.7,789234,8456,256789,1,26.4,9.8,0,99.1,99.3,0.62,99.2,98.8,99.4,24,145.7,98.5,9.8,9.7
2024-07-29,8.9.0,99.3,99.8,98,99.6,0.4,9.9,967234,9678,334567,0,17.8,9.9,0,99.7,99.8,0.41,99.8,99.4,99.8,12,223.4,99.3,9.9,9.9
2024-08-05,8.10.0,94.9,98.2,267,97.6,2.4,9.0,512345,6567,145678,3,43.1,9.0,1,97.8,98.0,0.95,97.9,97.3,98.5,53,67.8,94.2,9.0,9.0
2024-08-12,8.11.0,97.8,99.3,178,98.8,1.2,9.6,698234,7892,234567,1,29.7,9.7,0,98.9,99.1,0.69,99.0,98.6,99.3,28,123.5,97.7,9.7,9.6
2024-08-19,8.12.0,99.0,99.7,123,99.4,0.6,9.8,845678,8934,289567,0,21.2,9.9,0,99.5,99.7,0.49,99.6,99.2,99.7,16,178.9,99.0,9.9,9.8
2024-08-26,9.0.0,99.9,99.9,61,99.9,0.1,10.0,1267890,12456,456789,0,8.7,10.0,0,99.9,99.9,0.26,99.9,99.9,99.9,3,456.8,99.9,10.0,10.0
2024-09-02,9.1.0,95.6,98.5,223,98.1,1.9,9.3,589234,7123,178234,2,38.4,9.3,0,98.4,98.6,0.83,98.5,97.9,98.8,44,89.6,96.4,9.3,9.3
2024-09-09,9.2.0,98.4,99.4,167,98.9,1.1,9.7,734567,8234,245678,1,28.3,9.7,0,99.0,99.2,0.66,99.1,98.7,99.3,27,134.6,98.2,9.7,9.7
2024-09-16,9.3.0,99.7,99.9,89,99.8,0.2,10.0,1034567,10234,367892,0,12.6,10.0,0,99.9,99.9,0.32,99.9,99.7,99.9,7,267.8,99.6,10.0,10.0
2024-09-23,9.4.0,96.8,99.0,189,98.6,1.4,9.5,634567,7456,201234,2,33.9,9.5,0,98.9,99.0,0.75,99.0,98.4,99.2,35,112.7,97.0,9.5,9.5