Date,Release Number,Requirements Coverage (%),Requirements Completeness Score (1-10),Requirements Clarity Index (1-10),Requirements Stability Rate (%),Number of Requirements,Requirements Density (Req/Feature),Requirements Traceability (%),Requirements Validation Rate (%),Requirements Change Rate (Changes/Week),Requirements Review Cycle Time (Days),Stakeholder Approval Rate (%),Requirements Defect Rate (Defects/Req),Requirements Ambiguity Score (1-10),Business Value Score (1-10),Requirements Prioritization Score (1-10),Requirements Approval Time (Hours),Requirements Documentation Quality (1-10),Stakeholder Engagement Level (1-10),Requirements Testability Score (1-10),PCI DSS Requirements Coverage (%),Security Requirements Score (1-10),Compliance Requirements Count,API Requirements Coverage (%),Payment Method Requirements Count
2023-01-02,MVP-0.1.0,67.3,5.8,5.2,58.7,89,12.4,61.2,65.8,8.7,7.2,72.4,0.24,6.8,6.1,5.9,48.7,5.4,6.2,5.7,42.1,4.2,23,51.3,8
2023-01-09,MVP-0.2.0,71.8,6.4,5.9,63.2,97,11.8,68.5,72.1,7.9,6.8,76.3,0.21,6.2,6.7,6.5,44.2,6.1,6.8,6.3,48.7,4.8,27,58.9,11
2023-01-16,MVP-0.3.0,69.2,6.1,5.6,60.8,93,12.1,65.7,69.4,8.4,7.1,74.1,0.23,6.5,6.3,6.2,46.8,5.8,6.5,6.0,45.3,4.5,25,55.7,10
2023-01-23,MVP-0.4.0,74.5,6.8,6.3,66.1,106,10.9,72.3,76.2,7.2,6.4,79.8,0.19,5.9,7.1,6.9,41.3,6.6,7.2,6.8,52.9,5.3,31,62.4,13
2023-01-30,MVP-0.5.0,76.9,7.2,6.7,68.5,112,10.4,75.1,78.6,6.8,6.1,82.3,0.17,5.6,7.4,7.2,38.9,6.9,7.5,7.1,56.2,5.7,34,65.8,15
2023-02-06,MVP-0.6.0,73.1,6.5,6.0,64.2,98,11.3,69.8,73.7,7.6,6.7,77.5,0.22,6.1,6.8,6.6,43.7,6.2,6.9,6.4,49.6,4.9,28,59.3,12
2023-02-13,MVP-0.7.0,78.3,7.5,7.1,70.8,118,9.8,77.9,81.2,6.4,5.8,84.6,0.15,5.3,7.7,7.6,36.2,7.3,7.8,7.4,59.8,6.1,37,68.7,17
2023-02-20,MVP-0.8.0,75.6,7.0,6.4,67.3,104,10.7,72.4,76.8,7.1,6.3,80.1,0.18,5.8,7.0,6.8,40.6,6.7,7.1,6.7,54.1,5.4,32,63.2,14
2023-02-24,MVP-0.8.1,77.2,7.3,6.8,69.1,107,10.3,74.8,78.9,6.9,6.0,81.7,0.16,5.5,7.3,7.1,38.4,7.0,7.4,7.0,56.5,5.8,34,65.9,15
2023-02-27,MVP-0.9.0,79.7,7.8,7.4,72.6,123,9.5,79.6,82.8,6.1,5.5,86.2,0.13,5.0,8.1,7.9,33.7,7.6,8.2,7.7,62.3,6.4,39,71.5,18
2023-03-06,Alpha-1.0.0,82.4,8.2,7.9,75.8,134,8.9,83.2,86.1,5.7,5.1,89.4,0.11,4.6,8.5,8.3,30.2,8.0,8.6,8.1,66.7,6.9,43,75.8,21
2023-03-13,Alpha-1.1.0,80.1,7.9,7.5,73.2,127,9.2,80.7,83.4,6.0,5.4,87.1,0.12,4.9,8.2,8.0,32.8,7.7,8.3,7.8,63.9,6.6,41,72.9,19
2023-03-20,Alpha-1.2.0,84.6,8.6,8.3,78.4,141,8.4,86.5,89.2,5.3,4.8,92.1,0.09,4.2,8.9,8.7,27.6,8.4,9.0,8.5,70.2,7.3,47,79.1,23
2023-03-27,Alpha-1.3.0,81.9,8.1,7.7,74.9,132,8.8,82.8,85.6,5.9,5.2,88.7,0.11,4.7,8.4,8.2,31.4,8.1,8.5,8.0,65.4,6.8,42,74.3,20
2023-04-03,Alpha-1.4.0,86.3,8.9,8.6,80.7,148,8.1,89.1,91.8,4.9,4.5,94.6,0.07,3.8,9.2,9.0,24.9,8.7,9.3,8.8,73.6,7.7,51,82.4,25
2023-04-10,Alpha-1.5.0,83.7,8.4,8.0,77.1,139,8.6,85.3,88.0,5.6,4.9,90.8,0.10,4.4,8.7,8.5,29.1,8.2,8.8,8.3,68.9,7.1,45,77.6,22
2023-04-17,Alpha-1.6.0,87.9,9.2,8.9,82.3,155,7.8,91.7,94.1,4.6,4.2,96.8,0.06,3.5,9.5,9.3,22.3,9.0,9.6,9.1,76.8,8.1,54,85.7,27
2023-04-21,Alpha-1.6.1,85.2,8.7,8.4,79.6,149,8.0,88.4,90.9,5.1,4.6,93.2,0.08,4.0,9.0,8.8,26.7,8.5,9.1,8.6,72.1,7.5,49,80.3,24
2023-04-24,Alpha-1.7.0,89.1,9.4,9.2,84.5,162,7.5,93.8,96.2,4.3,3.9,98.1,0.05,3.2,9.7,9.5,19.8,9.2,9.8,9.3,79.4,8.4,57,88.2,29
2023-05-01,Beta-2.0.0,91.6,9.8,9.6,87.2,176,7.1,96.4,98.7,3.8,3.4,99.3,0.03,2.8,10.0,9.9,16.4,9.6,10.0,9.7,83.7,9.1,62,92.5,32
2023-05-08,Beta-2.1.0,88.9,9.2,8.8,83.6,168,7.4,92.1,94.5,4.5,4.1,95.7,0.06,3.6,9.4,9.2,23.1,8.9,9.5,9.0,78.2,8.6,55,86.8,28
2023-05-15,Beta-2.2.0,93.4,10.0,9.8,89.7,184,6.8,98.1,99.6,3.5,3.1,99.8,0.02,2.4,10.0,10.0,14.2,9.8,10.0,9.9,86.9,9.5,65,95.1,34
2023-05-22,Beta-2.3.0,90.7,9.6,9.3,86.1,179,7.0,95.3,97.2,4.1,3.7,97.8,0.04,3.1,9.8,9.6,18.9,9.4,9.7,9.5,82.4,9.0,60,90.7,31
2023-05-29,Beta-2.4.0,94.8,10.0,9.9,91.3,192,6.5,99.2,99.9,3.2,2.8,99.9,0.01,2.1,10.0,10.0,12.7,9.9,10.0,10.0,89.1,9.8,68,97.3,36
2023-06-05,Beta-2.5.0,92.1,9.7,9.4,87.8,186,6.9,96.8,98.1,3.9,3.5,98.4,0.03,2.9,9.9,9.7,17.3,9.5,9.8,9.6,84.6,9.3,63,93.4,33
2023-06-12,RC-3.0.0,96.3,10.0,10.0,93.8,201,6.2,99.8,99.9,2.9,2.5,99.9,0.01,1.8,10.0,10.0,10.4,10.0,10.0,10.0,92.7,10.0,72,99.2,39
2023-06-19,RC-3.1.0,94.7,9.9,9.7,90.2,195,6.4,97.9,99.1,3.6,3.2,98.9,0.02,2.5,10.0,9.9,15.1,9.7,9.9,9.8,87.3,9.6,66,95.8,35
2023-06-26,RC-3.2.0,97.1,10.0,10.0,95.2,208,6.0,99.9,99.9,2.6,2.2,99.9,0.00,1.5,10.0,10.0,8.9,10.0,10.0,10.0,94.8,10.0,75,99.7,41
2023-07-03,Production-4.0.0,98.5,10.0,10.0,97.1,219,5.7,99.9,99.9,2.3,1.9,99.9,0.00,1.2,10.0,10.0,7.1,10.0,10.0,10.0,97.2,10.0,79,99.9,44
2023-07-10,4.1.0,96.8,10.0,9.8,93.4,212,5.9,98.7,99.4,3.1,2.7,99.2,0.01,2.0,10.0,9.9,11.8,9.8,9.9,9.9,91.5,9.8,71,97.6,38
2023-07-17,4.2.0,98.9,10.0,10.0,97.8,225,5.5,99.9,99.9,2.1,1.7,99.9,0.00,1.0,10.0,10.0,6.3,10.0,10.0,10.0,98.4,10.0,82,99.9,46
2023-07-24,4.3.0,95.2,9.9,9.6,91.7,206,6.1,97.1,98.6,3.8,3.4,97.9,0.02,2.7,9.9,9.7,16.9,9.6,9.8,9.7,88.9,9.5,68,94.3,36
2023-07-31,4.4.0,99.1,10.0,10.0,98.3,231,5.4,99.9,99.9,1.9,1.5,99.9,0.00,0.8,10.0,10.0,5.2,10.0,10.0,10.0,99.1,10.0,85,99.9,48
2023-08-07,4.5.0,97.4,10.0,9.9,95.6,218,5.8,99.1,99.7,2.8,2.4,99.5,0.01,1.6,10.0,10.0,9.7,9.9,10.0,9.9,93.8,9.9,74,98.4,40
2023-08-14,4.6.0,99.3,10.0,10.0,98.7,237,5.3,99.9,99.9,1.7,1.3,99.9,0.00,0.6,10.0,10.0,4.1,10.0,10.0,10.0,99.5,10.0,87,99.9,50
2023-08-21,4.7.0,96.1,9.9,9.7,92.8,213,6.0,98.3,99.0,3.5,3.1,98.7,0.02,2.3,9.9,9.8,14.2,9.7,9.9,9.8,90.7,9.7,70,96.1,37
2023-08-28,4.8.0,98.7,10.0,10.0,97.4,229,5.5,99.7,99.9,2.2,1.8,99.8,0.00,1.1,10.0,10.0,6.8,10.0,10.0,10.0,98.1,10.0,81,99.6,45
2023-09-04,4.9.0,99.6,10.0,10.0,99.1,243,5.1,99.9,99.9,1.4,1.1,99.9,0.00,0.4,10.0,10.0,3.6,10.0,10.0,10.0,99.8,10.0,90,99.9,52
2023-09-11,4.10.0,97.8,10.0,9.9,96.2,221,5.7,99.3,99.8,2.5,2.1,99.6,0.01,1.4,10.0,10.0,8.3,9.9,10.0,9.9,95.4,9.9,76,98.7,42
2023-09-18,5.0.0,99.8,10.0,10.0,99.5,251,4.9,99.9,99.9,1.2,0.9,99.9,0.00,0.2,10.0,10.0,2.7,10.0,10.0,10.0,99.9,10.0,93,99.9,55
2023-09-25,5.1.0,98.3,10.0,10.0,97.6,234,5.4,99.6,99.9,2.0,1.6,99.7,0.00,0.9,10.0,10.0,5.9,10.0,10.0,10.0,97.8,10.0,84,99.4,47
2023-10-02,5.2.0,99.9,10.0,10.0,99.7,258,4.8,99.9,99.9,1.0,0.7,99.9,0.00,0.1,10.0,10.0,2.1,10.0,10.0,10.0,99.9,10.0,96,99.9,57
2023-10-09,5.3.0,97.6,10.0,9.9,95.8,227,5.6,99.0,99.7,2.7,2.3,99.4,0.01,1.7,10.0,9.9,9.4,9.9,10.0,9.9,94.2,9.8,78,97.9,43
2023-10-16,5.4.0,99.1,10.0,10.0,98.4,246,5.2,99.8,99.9,1.6,1.2,99.8,0.00,0.7,10.0,10.0,4.3,10.0,10.0,10.0,98.7,10.0,88,99.7,51
2023-10-23,5.5.0,98.5,10.0,10.0,97.9,239,5.3,99.5,99.9,2.1,1.7,99.6,0.00,1.2,10.0,10.0,6.1,10.0,10.0,10.0,97.3,10.0,85,99.2,48
2023-10-30,5.6.0,99.4,10.0,10.0,99.0,253,5.0,99.9,99.9,1.3,1.0,99.9,0.00,0.5,10.0,10.0,3.2,10.0,10.0,10.0,99.2,10.0,91,99.8,54
2023-11-06,5.7.0,97.9,10.0,9.9,96.4,231,5.5,99.2,99.8,2.4,2.0,99.5,0.01,1.5,10.0,10.0,7.8,9.9,10.0,9.9,95.7,9.9,79,98.6,44
2023-11-13,5.8.0,98.8,10.0,10.0,98.1,242,5.2,99.7,99.9,1.9,1.5,99.7,0.00,1.0,10.0,10.0,5.4,10.0,10.0,10.0,98.4,10.0,86,99.5,49
2023-11-20,5.9.0,99.7,10.0,10.0,99.3,261,4.9,99.9,99.9,1.1,0.8,99.9,0.00,0.3,10.0,10.0,2.6,10.0,10.0,10.0,99.6,10.0,94,99.9,56
2023-11-27,5.10.0,96.8,9.9,9.8,94.7,223,5.7,98.6,99.3,3.2,2.8,98.9,0.02,2.1,9.9,9.8,12.4,9.8,9.9,9.8,92.4,9.7,75,96.7,41
2023-12-04,5.11.0,98.3,10.0,10.0,97.5,236,5.4,99.4,99.8,2.2,1.8,99.6,0.01,1.3,10.0,10.0,6.7,10.0,10.0,10.0,97.1,10.0,83,99.1,46
2023-12-11,5.12.0,99.0,10.0,10.0,98.6,249,5.1,99.8,99.9,1.7,1.3,99.8,0.00,0.8,10.0,10.0,4.6,10.0,10.0,10.0,98.9,10.0,89,99.6,52
2023-12-18,6.0.0,99.9,10.0,10.0,99.8,267,4.8,99.9,99.9,0.9,0.6,99.9,0.00,0.1,10.0,10.0,1.8,10.0,10.0,10.0,99.9,10.0,97,99.9,59
2023-12-25,6.0.1,98.1,10.0,9.9,97.2,243,5.2,99.1,99.7,2.5,2.1,99.3,0.01,1.6,10.0,9.9,8.9,9.9,10.0,9.9,96.8,9.9,82,98.4,45
2024-01-01,6.1.0,97.4,10.0,9.9,95.9,238,5.3,98.9,99.5,2.8,2.4,99.1,0.01,1.9,10.0,9.9,10.2,9.9,9.9,9.9,95.1,9.8,80,97.8,43
2024-01-08,6.2.0,98.7,10.0,10.0,98.0,251,5.0,99.6,99.9,2.0,1.6,99.7,0.00,1.1,10.0,10.0,5.8,10.0,10.0,10.0,98.2,10.0,87,99.3,50
2024-01-15,6.3.0,99.2,10.0,10.0,98.7,259,4.9,99.8,99.9,1.5,1.1,99.8,0.00,0.6,10.0,10.0,3.7,10.0,10.0,10.0,99.0,10.0,92,99.7,53
2024-01-22,6.4.0,96.9,9.9,9.8,95.2,234,5.4,98.7,99.4,3.1,2.7,98.8,0.02,2.0,9.9,9.8,11.8,9.8,9.9,9.8,93.6,9.7,77,97.1,42
2024-01-29,6.5.0,98.5,10.0,10.0,97.8,248,5.1,99.5,99.8,2.1,1.7,99.6,0.01,1.2,10.0,10.0,6.4,10.0,10.0,10.0,97.9,10.0,85,99.0,48
2024-02-05,6.6.0,99.4,10.0,10.0,99.1,263,4.8,99.9,99.9,1.2,0.9,99.9,0.00,0.4,10.0,10.0,2.9,10.0,10.0,10.0,99.3,10.0,93,99.8,56
2024-02-12,6.7.0,97.8,10.0,9.9,96.5,239,5.3,99.1,99.6,2.6,2.2,99.2,0.01,1.7,10.0,9.9,9.1,9.9,10.0,9.9,95.4,9.9,81,98.2,44
2024-02-19,6.8.0,98.9,10.0,10.0,98.3,254,5.0,99.7,99.9,1.8,1.4,99.7,0.00,0.9,10.0,10.0,5.1,10.0,10.0,10.0,98.6,10.0,88,99.5,51
2024-02-26,6.9.0,99.6,10.0,10.0,99.4,268,4.8,99.9,99.9,1.0,0.7,99.9,0.00,0.2,10.0,10.0,2.4,10.0,10.0,10.0,99.7,10.0,95,99.9,58
2024-03-04,6.10.0,98.0,10.0,9.9,97.1,245,5.2,99.3,99.7,2.3,1.9,99.4,0.01,1.4,10.0,10.0,7.6,9.9,10.0,9.9,96.7,9.9,83,98.7,46
2024-03-11,7.0.0,99.8,10.0,10.0,99.6,274,4.7,99.9,99.9,0.8,0.5,99.9,0.00,0.1,10.0,10.0,1.6,10.0,10.0,10.0,99.9,10.0,98,99.9,61
2024-03-18,7.1.0,97.6,10.0,9.9,96.0,241,5.3,98.9,99.5,2.9,2.5,99.0,0.02,1.8,10.0,9.9,10.7,9.9,9.9,9.9,94.8,9.8,79,97.6,43
2024-03-25,7.2.0,98.8,10.0,10.0,98.2,256,5.0,99.6,99.9,1.9,1.5,99.7,0.00,1.0,10.0,10.0,5.3,10.0,10.0,10.0,98.4,10.0,89,99.4,52
2024-04-01,7.3.0,99.3,10.0,10.0,98.9,265,4.9,99.8,99.9,1.4,1.0,99.8,0.00,0.5,10.0,10.0,3.1,10.0,10.0,10.0,99.1,10.0,94,99.8,55
2024-04-08,7.4.0,96.7,9.9,9.8,94.9,237,5.5,98.5,99.2,3.3,2.9,98.7,0.02,2.2,9.9,9.8,12.6,9.8,9.9,9.8,92.3,9.6,76,96.4,41
2024-04-15,7.5.0,98.4,10.0,10.0,97.6,252,5.1,99.4,99.8,2.2,1.8,99.5,0.01,1.3,10.0,10.0,6.9,10.0,10.0,10.0,97.7,10.0,86,98.9,49
2024-04-22,7.6.0,99.1,10.0,10.0,98.5,261,4.9,99.8,99.9,1.6,1.2,99.8,0.00,0.7,10.0,10.0,4.2,10.0,10.0,10.0,98.8,10.0,91,99.6,54
2024-04-29,7.7.0,97.9,10.0,9.9,96.8,243,5.2,99.2,99.6,2.5,2.1,99.3,0.01,1.5,10.0,9.9,8.4,9.9,10.0,9.9,95.6,9.9,82,98.1,45
2024-05-06,7.8.0,98.6,10.0,10.0,98.1,257,5.0,99.5,99.9,2.0,1.6,99.6,0.00,1.1,10.0,10.0,5.7,10.0,10.0,10.0,98.3,10.0,88,99.2,51
2024-05-13,7.9.0,99.5,10.0,10.0,99.2,270,4.8,99.9,99.9,1.1,0.8,99.9,0.00,0.3,10.0,10.0,2.6,10.0,10.0,10.0,99.4,10.0,96,99.9,57
2024-05-20,7.10.0,98.2,10.0,9.9,97.4,249,5.1,99.3,99.7,2.3,1.9,99.4,0.01,1.4,10.0,10.0,7.1,9.9,10.0,9.9,96.9,9.9,84,98.6,47
2024-05-27,8.0.0,99.9,10.0,10.0,99.8,279,4.6,99.9,99.9,0.7,0.4,99.9,0.00,0.1,10.0,10.0,1.2,10.0,10.0,10.0,99.9,10.0,99,99.9,62
2024-06-03,8.1.0,97.3,10.0,9.9,95.7,245,5.3,98.8,99.4,3.0,2.6,98.9,0.02,1.9,10.0,9.9,11.3,9.9,9.9,9.9,94.1,9.8,78,97.2,42
2024-06-10,8.2.0,98.7,10.0,10.0,98.0,262,4.9,99.6,99.9,1.9,1.5,99.7,0.00,1.0,10.0,10.0,5.4,10.0,10.0,10.0,98.2,10.0,90,99.3,53
2024-06-17,8.3.0,99.4,10.0,10.0,99.0,274,4.7,99.9,99.9,1.3,0.9,99.8,0.00,0.4,10.0,10.0,3.0,10.0,10.0,10.0,99.2,10.0,95,99.8,58
2024-06-24,8.4.0,98.1,10.0,9.9,97.3,251,5.1,99.2,99.7,2.4,2.0,99.3,0.01,1.5,10.0,9.9,8.2,9.9,10.0,9.9,96.4,9.9,85,98.4,48
2024-07-01,8.5.0,98.9,10.0,10.0,98.4,267,4.8,99.7,99.9,1.7,1.3,99.7,0.00,0.8,10.0,10.0,4.7,10.0,10.0,10.0,98.7,10.0,92,99.5,55
2024-07-08,8.6.0,99.6,10.0,10.0,99.3,281,4.6,99.9,99.9,1.0,0.6,99.9,0.00,0.2,10.0,10.0,2.1,10.0,10.0,10.0,99.6,10.0,97,99.9,60
2024-07-15,8.7.0,97.5,10.0,9.9,96.2,253,5.0,98.9,99.5,2.8,2.4,99.0,0.01,1.7,10.0,9.9,9.8,9.9,9.9,9.9,95.0,9.8,81,97.8,46
2024-07-22,8.8.0,98.8,10.0,10.0,98.3,269,4.8,99.6,99.9,1.8,1.4,99.7,0.00,0.9,10.0,10.0,5.1,10.0,10.0,10.0,98.5,10.0,93,99.4,56
2024-07-29,8.9.0,99.2,10.0,10.0,98.8,276,4.7,99.8,99.9,1.5,1.1,99.8,0.00,0.6,10.0,10.0,3.5,10.0,10.0,10.0,99.0,10.0,96,99.7,59
2024-08-05,8.10.0,96.8,9.9,9.8,95.4,249,5.2,98.6,99.3,3.1,2.7,98.8,0.02,2.0,9.9,9.8,11.9,9.8,9.9,9.8,93.7,9.7,79,96.9,44
2024-08-12,8.11.0,98.5,10.0,10.0,97.9,265,4.9,99.4,99.8,2.1,1.7,99.5,0.01,1.2,10.0,10.0,6.2,10.0,10.0,10.0,97.8,10.0,89,98.8,52
2024-08-19,8.12.0,99.0,10.0,10.0,98.6,272,4.8,99.8,99.9,1.6,1.2,99.8,0.00,0.7,10.0,10.0,4.0,10.0,10.0,10.0,98.9,10.0,94,99.6,57
2024-08-26,9.0.0,99.8,10.0,10.0,99.7,287,4.5,99.9,99.9,0.8,0.5,99.9,0.00,0.1,10.0,10.0,1.4,10.0,10.0,10.0,99.9,10.0,99,99.9,63
2024-09-02,9.1.0,97.7,10.0,9.9,96.3,259,5.0,99.0,99.5,2.7,2.3,99.1,0.01,1.6,10.0,9.9,9.4,9.9,9.9,9.9,95.2,9.8,83,97.5,47
2024-09-09,9.2.0,98.6,10.0,10.0,98.1,271,4.8,99.5,99.9,2.0,1.6,99.6,0.00,1.1,10.0,10.0,5.6,10.0,10.0,10.0,98.3,10.0,91,99.1,54
2024-09-16,9.3.0,99.3,10.0,10.0,98.9,283,4.6,99.8,99.9,1.4,1.0,99.8,0.00,0.5,10.0,10.0,3.2,10.0,10.0,10.0,99.1,10.0,97,99.8,61
2024-09-23,9.4.0,98.0,10.0,9.9,97.2,263,4.9,99.2,99.7,2.5,2.1,99.3,0.01,1.4,10.0,9.9,7.8,9.9,10.0,9.9,96.6,9.9,87,98.3,49