Date,Release Number,UAT Test Cases,UAT Pass Rate (%),User Acceptance Score (1-10),Business Process Validation (%),End-User Satisfaction Score (1-10),Feature Acceptance Rate (%),Usability Score (1-10),Accessibility Compliance (%),User Journey Completion Rate (%),Stakeholder Sign-off Rate (%),UAT Defect Rate (Defects/Test),UAT Execution Time (Hours),Business Value Validation (%),Regulatory Compliance Validation (%),Payment Flow Validation (%),Customer Experience Score (1-10),Multi-Device Compatibility (%),Cross-Browser Compatibility (%),PCI DSS User Interface Compliance (%),Merchant Portal Acceptance (%),Customer Portal Acceptance (%),API Documentation Acceptance (%),Security Feature Acceptance (%),Performance Acceptance (%),Integration Acceptance (%)
2023-01-02,MVP-0.1.0,67,68.7,5.4,71.2,5.8,66.3,5.2,58.9,69.4,72.6,0.31,124.7,67.8,61.4,64.2,5.6,62.1,59.7,55.3,58.9,61.4,63.7,59.2,65.8,62.3
2023-01-09,MVP-0.2.0,78,74.3,6.1,76.8,6.4,72.9,5.9,64.7,75.1,78.2,0.27,112.4,73.6,67.9,70.5,6.2,68.4,65.8,61.7,65.2,67.9,70.1,65.4,72.0,68.7
2023-01-16,MVP-0.3.0,71,71.6,5.8,74.1,6.0,69.7,5.6,61.3,72.8,75.4,0.29,118.9,70.9,64.6,67.3,5.9,65.7,62.4,58.6,62.8,65.1,67.4,62.0,69.2,65.5
2023-01-23,MVP-0.4.0,89,77.9,6.7,80.3,7.0,76.4,6.5,69.1,78.6,81.7,0.24,104.6,77.2,72.3,74.8,6.8,73.1,70.2,66.4,69.7,72.6,74.9,70.8,76.5,73.2
2023-01-30,MVP-0.5.0,94,81.2,7.2,83.6,7.5,79.8,7.0,72.4,81.9,84.7,0.21,97.3,80.5,75.8,78.1,7.3,76.9,74.1,70.2,73.4,76.1,78.4,74.6,80.2,76.8
2023-02-06,MVP-0.6.0,83,75.8,6.4,78.2,6.7,74.1,6.2,66.7,76.3,79.0,0.26,109.8,74.7,69.5,72.0,6.5,71.2,68.0,63.9,67.6,70.4,72.7,68.1,74.8,71.5
2023-02-13,MVP-0.7.0,102,84.6,7.8,87.1,8.1,82.3,7.6,75.9,85.2,87.8,0.18,89.7,83.9,79.4,81.7,7.9,80.4,77.8,73.6,77.1,79.8,82.1,78.2,83.9,80.6
2023-02-20,MVP-0.8.0,97,79.4,7.0,82.1,7.3,77.6,6.8,71.2,80.7,83.4,0.23,102.1,78.9,74.1,76.4,7.1,75.8,72.7,68.4,72.3,75.0,77.3,73.5,79.1,75.7
2023-02-24,MVP-0.8.1,99,81.7,7.3,83.9,7.6,80.2,7.1,73.6,82.4,85.1,0.21,98.4,81.2,76.5,78.8,7.4,77.9,74.8,70.7,74.6,77.3,79.6,75.8,81.4,78.1
2023-02-27,MVP-0.9.0,115,87.2,8.4,89.7,8.7,85.8,8.2,79.3,88.6,91.2,0.15,82.6,86.5,82.1,84.4,8.5,83.7,81.2,77.0,80.4,83.1,85.4,81.6,87.2,83.9
2023-03-06,Alpha-1.0.0,128,90.8,9.1,93.2,9.4,89.4,8.9,83.7,92.1,94.6,0.12,75.3,90.1,86.4,88.7,9.2,87.9,85.6,81.4,84.8,87.5,89.8,86.0,91.4,88.1
2023-03-13,Alpha-1.1.0,121,88.3,8.7,90.7,9.0,86.9,8.5,81.2,89.6,92.1,0.14,79.8,87.6,83.9,86.2,8.8,85.4,83.1,78.9,82.3,85.0,87.3,83.5,89.0,85.6
2023-03-20,Alpha-1.2.0,142,93.4,9.7,95.8,10.0,92.0,9.5,87.1,95.6,97.9,0.09,68.4,92.7,89.3,91.6,9.8,91.2,89.0,84.8,88.2,90.9,93.2,89.4,94.8,91.5
2023-03-27,Alpha-1.3.0,134,91.0,9.3,93.4,9.6,89.6,9.1,84.7,92.3,95.4,0.11,72.9,90.3,86.8,89.1,9.4,88.7,86.4,82.2,85.7,88.4,90.7,86.9,92.3,88.9
2023-04-03,Alpha-1.4.0,156,95.7,10.0,98.1,10.0,94.3,9.8,90.4,98.9,99.2,0.06,61.7,95.0,92.1,94.4,10.0,94.6,92.5,88.3,91.7,94.4,96.7,92.9,97.1,94.8
2023-04-10,Alpha-1.5.0,147,93.6,9.6,95.9,9.9,92.2,9.4,87.8,95.1,97.4,0.08,66.1,92.9,89.6,91.9,9.7,92.1,89.8,85.6,89.1,91.8,94.1,90.2,95.4,92.5
2023-04-17,Alpha-1.6.0,171,97.9,10.0,99.6,10.0,96.5,10.0,93.7,99.8,99.8,0.04,54.2,97.2,95.4,97.0,10.0,97.9,95.8,91.6,95.1,97.8,99.1,96.3,99.2,97.6
2023-04-21,Alpha-1.6.1,163,95.8,9.9,98.2,10.0,94.4,9.7,90.9,97.6,98.9,0.06,58.9,94.9,92.7,94.5,9.9,95.1,93.2,89.0,92.4,95.0,97.3,93.6,96.8,95.2
2023-04-24,Alpha-1.7.0,189,99.1,10.0,99.9,10.0,97.8,10.0,96.4,99.9,99.9,0.02,47.3,98.4,97.2,98.1,10.0,99.2,97.6,94.3,97.0,99.1,99.8,98.5,99.7,98.9
2023-05-01,Beta-2.0.0,216,99.8,10.0,99.9,10.0,99.1,10.0,98.7,99.9,99.9,0.01,39.2,99.1,98.9,99.4,10.0,99.7,99.2,97.8,98.6,99.8,99.9,99.3,99.9,99.5
2023-05-08,Beta-2.1.0,201,97.4,10.0,99.7,10.0,96.0,9.9,94.6,98.1,99.3,0.04,51.6,96.7,95.1,96.8,10.0,97.6,95.9,92.4,95.3,97.5,98.9,96.8,98.4,97.1
2023-05-15,Beta-2.2.0,234,99.9,10.0,99.9,10.0,99.6,10.0,99.2,99.9,99.9,0.00,34.7,99.6,99.4,99.8,10.0,99.9,99.7,98.9,99.2,99.9,99.9,99.7,99.9,99.8
2023-05-22,Beta-2.3.0,218,98.1,10.0,99.8,10.0,97.3,10.0,95.9,98.6,99.5,0.03,45.8,97.4,96.7,97.9,10.0,98.3,97.1,93.7,96.6,98.2,99.4,97.5,99.0,98.4
2023-05-29,Beta-2.4.0,251,99.9,10.0,99.9,10.0,99.7,10.0,99.4,99.9,99.9,0.00,31.2,99.8,99.6,99.9,10.0,99.9,99.8,99.1,99.4,99.9,99.9,99.8,99.9,99.9
2023-06-05,Beta-2.5.0,236,98.7,10.0,99.8,10.0,98.0,10.0,96.8,99.1,99.6,0.02,42.1,98.1,97.4,98.5,10.0,98.9,97.8,94.6,97.3,98.8,99.6,98.2,99.3,98.7
2023-06-12,RC-3.0.0,267,99.9,10.0,99.9,10.0,99.8,10.0,99.6,99.9,99.9,0.00,28.4,99.9,99.7,99.9,10.0,99.9,99.9,99.4,99.6,99.9,99.9,99.9,99.9,99.9
2023-06-19,RC-3.1.0,253,99.2,10.0,99.9,10.0,98.5,10.0,97.8,99.4,99.7,0.01,36.7,98.6,98.1,99.0,10.0,99.4,98.6,95.9,98.2,99.3,99.7,98.9,99.5,99.1
2023-06-26,RC-3.2.0,284,99.9,10.0,99.9,10.0,99.9,10.0,99.8,99.9,99.9,0.00,25.1,99.9,99.9,99.9,10.0,99.9,99.9,99.6,99.8,99.9,99.9,99.9,99.9,99.9
2023-07-03,Production-4.0.0,312,99.9,10.0,99.9,10.0,99.9,10.0,99.9,99.9,99.9,0.00,21.3,99.9,99.9,99.9,10.0,99.9,99.9,99.8,99.9,99.9,99.9,99.9,99.9,99.9
2023-07-10,4.1.0,289,98.6,10.0,99.7,10.0,97.9,10.0,96.2,98.9,99.4,0.02,39.4,98.0,97.3,98.4,10.0,98.8,97.9,94.1,97.6,98.7,99.2,98.3,99.1,98.5
2023-07-17,4.2.0,327,99.9,10.0,99.9,10.0,99.8,10.0,99.7,99.9,99.9,0.00,23.7,99.9,99.8,99.9,10.0,99.9,99.8,99.2,99.5,99.9,99.9,99.7,99.9,99.9
2023-07-24,4.3.0,298,97.1,9.9,99.4,10.0,96.4,9.8,94.7,97.6,98.9,0.04,43.9,96.5,95.8,97.0,9.9,97.3,96.2,92.8,95.9,97.2,98.6,96.8,98.4,97.8
2023-07-31,4.4.0,341,99.9,10.0,99.9,10.0,99.9,10.0,99.8,99.9,99.9,0.00,20.6,99.9,99.9,99.9,10.0,99.9,99.9,99.4,99.7,99.9,99.9,99.8,99.9,99.9
2023-08-07,4.5.0,316,98.2,10.0,99.6,10.0,97.5,9.9,95.8,98.4,99.1,0.03,37.1,97.6,96.9,98.0,10.0,98.4,97.5,93.7,97.2,98.3,99.0,97.9,98.8,98.1
2023-08-14,4.6.0,358,99.9,10.0,99.9,10.0,99.9,10.0,99.9,99.9,99.9,0.00,18.2,99.9,99.9,99.9,10.0,99.9,99.9,99.6,99.8,99.9,99.9,99.9,99.9,99.9
2023-08-21,4.7.0,327,96.4,9.8,99.1,10.0,95.7,9.7,93.2,96.9,98.4,0.05,46.8,95.8,95.1,96.3,9.8,96.6,95.4,91.5,95.2,96.5,98.1,96.0,97.7,97.1
2023-08-28,4.8.0,334,98.9,10.0,99.8,10.0,98.2,10.0,97.1,99.2,99.6,0.02,31.4,98.3,97.6,98.7,10.0,99.0,98.1,94.8,97.9,98.9,99.4,98.5,99.3,98.8
2023-09-04,4.9.0,376,99.9,10.0,99.9,10.0,99.9,10.0,99.8,99.9,99.9,0.00,16.7,99.9,99.9,99.9,10.0,99.9,99.9,99.5,99.8,99.9,99.9,99.9,99.9,99.9
2023-09-11,4.10.0,349,97.8,9.9,99.5,10.0,97.1,9.9,95.4,98.1,99.0,0.03,35.2,97.2,96.5,97.6,9.9,97.9,96.8,93.1,96.5,97.8,98.7,97.3,98.5,98.2
2023-09-18,5.0.0,412,99.9,10.0,99.9,10.0,99.9,10.0,99.9,99.9,99.9,0.00,14.3,99.9,99.9,99.9,10.0,99.9,99.9,99.7,99.9,99.9,99.9,99.9,99.9,99.9
2023-09-25,5.1.0,387,98.4,10.0,99.7,10.0,97.7,10.0,96.6,98.7,99.3,0.02,29.8,97.8,97.1,98.2,10.0,98.6,97.7,94.3,97.4,98.5,99.1,98.0,98.9,98.6
2023-10-02,5.2.0,434,99.9,10.0,99.9,10.0,99.9,10.0,99.9,99.9,99.9,0.00,12.1,99.9,99.9,99.9,10.0,99.9,99.9,99.8,99.9,99.9,99.9,99.9,99.9,99.9
2023-10-09,5.3.0,401,96.9,9.8,99.3,10.0,96.2,9.8,94.1,97.2,98.7,0.04,41.7,96.3,95.6,96.7,9.8,97.1,96.0,92.4,95.8,97.0,98.4,96.6,98.0,97.4
2023-10-16,5.4.0,423,99.2,10.0,99.8,10.0,98.5,10.0,97.4,99.5,99.7,0.01,26.3,98.6,98.0,99.0,10.0,99.4,98.4,95.7,98.1,99.3,99.6,98.8,99.4,99.0
2023-10-23,5.5.0,408,98.1,10.0,99.6,10.0,97.4,9.9,96.0,98.4,99.2,0.03,32.6,97.5,96.8,98.0,10.0,98.3,97.6,94.0,97.1,98.2,99.0,97.7,98.7,98.4
2023-10-30,5.6.0,445,99.6,10.0,99.9,10.0,99.2,10.0,98.8,99.8,99.8,0.01,21.9,99.3,98.7,99.6,10.0,99.7,99.0,96.4,98.9,99.6,99.8,99.4,99.7,99.3
2023-11-06,5.7.0,429,97.6,9.9,99.4,10.0,96.9,9.9,95.2,97.9,98.9,0.03,36.8,97.0,96.3,97.4,9.9,97.7,96.6,92.9,96.3,97.6,98.5,97.1,98.3,98.0
2023-11-13,5.8.0,437,98.7,10.0,99.7,10.0,98.0,10.0,96.9,99.0,99.5,0.02,28.4,98.1,97.4,98.5,10.0,98.9,98.0,94.6,97.7,98.8,99.3,98.4,99.1,98.7
2023-11-20,5.9.0,467,99.8,10.0,99.9,10.0,99.4,10.0,99.1,99.9,99.9,0.00,19.7,99.5,99.2,99.7,10.0,99.8,99.3,97.1,99.2,99.7,99.9,99.6,99.8,99.5
2023-11-27,5.10.0,447,95.8,9.7,99.0,9.9,95.1,9.6,92.9,96.4,98.2,0.06,44.3,95.2,94.5,95.6,9.7,96.0,95.1,91.2,94.8,95.9,97.7,95.5,97.4,96.8
2023-12-04,5.11.0,456,98.3,10.0,99.6,10.0,97.6,9.9,96.2,98.6,99.3,0.02,30.9,97.7,97.0,98.1,10.0,98.5,97.8,94.2,97.4,98.4,99.1,98.0,98.9,98.5
2023-12-11,5.12.0,478,99.4,10.0,99.9,10.0,99.0,10.0,98.4,99.6,99.8,0.01,24.1,99.1,98.4,99.3,10.0,99.5,98.9,96.0,98.6,99.4,99.7,99.1,99.5,99.2
2023-12-18,6.0.0,512,99.9,10.0,99.9,10.0,99.8,10.0,99.6,99.9,99.9,0.00,17.3,99.8,99.5,99.9,10.0,99.9,99.7,98.2,99.6,99.9,99.9,99.8,99.9,99.8
2023-12-25,6.0.1,489,96.7,9.8,99.2,10.0,96.0,9.7,93.8,97.1,98.6,0.05,40.1,96.1,95.4,96.5,9.8,96.9,95.8,92.0,95.5,96.8,98.2,96.3,97.9,97.3
2024-01-01,6.1.0,467,95.9,9.7,98.8,9.9,95.2,9.6,92.6,96.3,98.1,0.06,42.7,95.3,94.6,95.7,9.7,96.1,95.0,91.4,94.9,96.0,97.8,95.6,97.5,96.9
2024-01-08,6.2.0,493,98.8,10.0,99.7,10.0,98.1,10.0,97.0,99.1,99.5,0.02,27.6,98.2,97.5,98.6,10.0,99.0,98.1,94.7,97.8,98.9,99.4,98.5,99.2,98.8
2024-01-15,6.3.0,521,99.5,10.0,99.9,10.0,99.1,10.0,98.6,99.7,99.8,0.01,22.4,99.2,98.8,99.4,10.0,99.6,99.1,96.8,99.0,99.5,99.8,99.3,99.6,99.4
2024-01-22,6.4.0,498,95.2,9.6,98.6,9.8,94.5,9.5,91.8,95.7,97.9,0.07,45.9,94.6,93.9,94.9,9.6,95.4,94.3,90.6,94.2,95.3,97.4,94.8,97.1,96.5
2024-01-29,6.5.0,514,98.4,10.0,99.6,10.0,97.7,9.9,96.4,98.7,99.3,0.02,29.3,97.8,97.1,98.2,10.0,98.6,97.9,94.4,97.5,98.5,99.2,98.1,98.9,98.6
2024-02-05,6.6.0,546,99.7,10.0,99.9,10.0,99.3,10.0,99.0,99.8,99.9,0.01,20.1,99.4,99.1,99.6,10.0,99.8,99.4,97.6,99.3,99.7,99.9,99.5,99.8,99.6
2024-02-12,6.7.0,523,96.8,9.8,99.1,10.0,96.1,9.7,94.2,97.2,98.7,0.04,38.4,96.2,95.5,96.6,9.8,97.0,96.1,92.8,95.9,97.1,98.5,96.7,98.2,97.6
2024-02-19,6.8.0,537,99.0,10.0,99.8,10.0,98.3,10.0,97.6,99.3,99.6,0.01,25.7,98.4,97.7,98.8,10.0,99.2,98.5,95.1,98.2,99.1,99.5,98.7,99.4,99.0
2024-02-26,6.9.0,567,99.9,10.0,99.9,10.0,99.6,10.0,99.3,99.9,99.9,0.00,18.4,99.7,99.4,99.8,10.0,99.9,99.6,98.0,99.5,99.8,99.9,99.7,99.9,99.7
2024-03-04,6.10.0,548,97.3,9.9,99.3,10.0,96.6,9.8,94.7,97.6,98.8,0.03,35.1,96.7,96.0,97.1,9.9,97.5,96.4,93.2,96.3,97.4,98.7,97.0,98.5,97.9
2024-03-11,7.0.0,589,99.9,10.0,99.9,10.0,99.8,10.0,99.7,99.9,99.9,0.00,15.6,99.8,99.6,99.9,10.0,99.9,99.8,98.9,99.8,99.9,99.9,99.8,99.9,99.9
2024-03-18,7.1.0,564,95.4,9.6,98.7,9.9,94.7,9.5,92.3,96.0,98.0,0.06,43.2,94.8,94.1,95.2,9.6,95.6,94.5,90.9,94.5,95.5,97.6,95.1,97.3,96.7
2024-03-25,7.2.0,578,98.6,10.0,99.7,10.0,97.9,10.0,96.7,99.0,99.4,0.02,27.9,98.0,97.3,98.4,10.0,98.8,98.0,94.6,97.7,98.7,99.3,98.3,99.1,98.7
2024-04-01,7.3.0,612,99.6,10.0,99.9,10.0,99.2,10.0,98.8,99.8,99.8,0.01,21.7,99.3,98.9,99.5,10.0,99.7,99.2,96.7,99.1,99.6,99.8,99.4,99.7,99.4
2024-04-08,7.4.0,587,94.6,9.5,98.4,9.8,93.9,9.4,91.2,95.1,97.6,0.08,47.6,94.0,93.3,94.4,9.5,94.8,93.7,89.8,93.6,94.7,97.1,94.3,96.8,96.2
2024-04-15,7.5.0,601,98.1,10.0,99.5,10.0,97.4,9.9,95.9,98.4,99.2,0.03,31.8,97.5,96.8,97.9,10.0,98.3,97.6,93.9,97.2,98.2,99.0,97.8,98.7,98.4
2024-04-22,7.6.0,634,99.4,10.0,99.9,10.0,99.0,10.0,98.5,99.6,99.8,0.01,23.5,99.1,98.6,99.3,10.0,99.5,99.0,96.2,98.8,99.4,99.7,99.2,99.6,99.3
2024-04-29,7.7.0,617,96.9,9.8,99.2,10.0,96.2,9.7,94.5,97.3,98.8,0.04,36.7,96.3,95.6,96.7,9.8,97.1,96.2,92.6,96.0,97.0,98.6,96.6,98.3,97.7
2024-05-06,7.8.0,623,98.9,10.0,99.8,10.0,98.2,10.0,97.1,99.2,99.6,0.02,26.4,98.3,97.6,98.7,10.0,99.1,98.2,94.8,97.9,99.0,99.4,98.6,99.3,98.9
2024-05-13,7.9.0,657,99.8,10.0,99.9,10.0,99.5,10.0,99.2,99.9,99.9,0.00,18.9,99.6,99.3,99.8,10.0,99.8,99.5,97.7,99.4,99.8,99.9,99.6,99.8,99.7
2024-05-20,7.10.0,641,97.2,9.9,99.3,10.0,96.5,9.8,94.6,97.5,98.9,0.03,33.4,96.6,95.9,97.0,9.9,97.4,96.5,93.1,96.2,97.3,98.8,96.9,98.4,97.8
2024-05-27,8.0.0,689,99.9,10.0,99.9,10.0,99.8,10.0,99.7,99.9,99.9,0.00,14.2,99.8,99.7,99.9,10.0,99.9,99.8,98.6,99.7,99.9,99.9,99.8,99.9,99.9
2024-06-03,8.1.0,667,94.8,9.5,98.5,9.8,94.1,9.4,91.6,95.4,97.7,0.07,45.1,94.2,93.5,94.6,9.5,95.0,93.9,90.2,93.8,94.9,97.3,94.5,97.0,96.4
2024-06-10,8.2.0,681,98.7,10.0,99.7,10.0,98.0,10.0,96.8,99.0,99.5,0.02,28.6,98.1,97.4,98.5,10.0,98.9,98.1,94.5,97.6,98.8,99.3,98.4,99.2,98.8
2024-06-17,8.3.0,712,99.6,10.0,99.9,10.0,99.2,10.0,98.9,99.8,99.8,0.01,20.4,99.3,99.0,99.5,10.0,99.7,99.3,96.9,99.2,99.6,99.8,99.5,99.7,99.5
2024-06-24,8.4.0,695,96.5,9.8,99.0,9.9,95.8,9.7,93.8,96.9,98.5,0.05,38.9,95.9,95.2,96.3,9.8,96.7,95.8,92.4,95.6,96.6,98.4,96.2,98.0,97.4
2024-07-01,8.5.0,703,99.1,10.0,99.8,10.0,98.4,10.0,97.3,99.4,99.7,0.01,24.8,98.5,97.8,98.9,10.0,99.3,98.6,95.2,98.3,99.2,99.5,98.8,99.4,99.1
2024-07-08,8.6.0,734,99.9,10.0,99.9,10.0,99.6,10.0,99.4,99.9,99.9,0.00,17.1,99.7,99.5,99.8,10.0,99.9,99.7,98.1,99.6,99.8,99.9,99.7,99.9,99.8
2024-07-15,8.7.0,719,97.0,9.9,99.2,10.0,96.3,9.8,94.3,97.4,98.8,0.04,35.6,96.4,95.7,96.8,9.9,97.2,96.3,92.9,95.9,97.1,98.7,96.7,98.3,97.7
2024-07-22,8.8.0,726,98.8,10.0,99.7,10.0,98.1,10.0,97.0,99.1,99.5,0.02,26.9,98.2,97.5,98.6,10.0,99.0,98.3,94.7,97.8,98.9,99.4,98.5,99.2,98.9
2024-07-29,8.9.0,756,99.5,10.0,99.9,10.0,99.1,10.0,98.7,99.7,99.8,0.01,22.1,99.2,98.8,99.4,10.0,99.6,99.1,96.5,99.0,99.5,99.8,99.3,99.6,99.4
2024-08-05,8.10.0,743,95.7,9.7,98.9,9.9,95.0,9.6,92.5,96.2,98.2,0.06,41.3,95.1,94.4,95.5,9.7,95.9,94.8,91.1,94.7,95.8,97.9,95.4,97.4,96.8
2024-08-12,8.11.0,751,98.5,10.0,99.6,10.0,97.8,9.9,96.5,98.8,99.3,0.02,29.7,97.9,97.2,98.3,10.0,98.7,97.9,94.3,97.5,98.6,99.2,98.2,99.0,98.7
2024-08-19,8.12.0,783,99.3,10.0,99.8,10.0,98.9,10.0,98.1,99.5,99.7,0.01,25.3,99.0,98.5,99.2,10.0,99.4,98.8,95.9,98.7,99.3,99.6,99.0,99.5,99.2
2024-08-26,9.0.0,834,99.9,10.0,99.9,10.0,99.8,10.0,99.6,99.9,99.9,0.00,15.4,99.8,99.6,99.9,10.0,99.9,99.8,98.4,99.7,99.9,99.9,99.8,99.9,99.8
2024-09-02,9.1.0,812,96.3,9.8,99.0,9.9,95.6,9.7,93.6,96.7,98.4,0.05,37.8,95.7,95.0,96.1,9.8,96.5,95.6,92.2,95.4,96.4,98.2,95.9,97.8,97.2
2024-09-09,9.2.0,821,98.6,10.0,99.7,10.0,97.9,10.0,96.6,98.9,99.4,0.02,27.1,98.0,97.3,98.4,10.0,98.8,98.0,94.4,97.6,98.7,99.3,98.3,99.1,98.8
2024-09-16,9.3.0,856,99.7,10.0,99.9,10.0,99.4,10.0,99.0,99.8,99.9,0.00,19.6,99.5,99.2,99.6,10.0,99.8,99.4,97.3,99.3,99.7,99.9,99.5,99.8,99.6
2024-09-23,9.4.0,841,97.8,9.9,99.4,10.0,97.1,9.9,95.4,98.1,99.0,0.03,32.4,97.2,96.5,97.6,9.9,97.9,96.8,93.4,96.7,97.8,98.9,97.4,98.6,98.3