Date,Release Number,Requirements Coverage (%),Requirements Completeness Score (1-10),Requirements Clarity Index (1-10),Requirements Stability Rate (%),Number of Requirements,Requirements Density (Req/Feature),Requirements Traceability (%),Requirements Validation Rate (%),Requirements Change Rate (Changes/Week),Requirements Review Cycle Time (Days),Stakeholder Approval Rate (%),Requirements Defect Rate (Defects/Req),Requirements Ambiguity Score (1-10),Business Value Score (1-10),Requirements Prioritization Score (1-10),Requirements Approval Time (Hours),Requirements Documentation Quality (1-10),Stakeholder Engagement Level (1-10),Requirements Testability Score (1-10)
2021-01-04,1.0.0,93.4,6.37,9.1,92.1,114,30.21,93.9,89.2,3.5,11.4,76.6,0.32,0.23,8.22,9.42,2.0,9.1,7.9,5.69
2021-01-22,1.1.0,100.0,7.32,9.3,99.5,156,12.68,100.0,94.2,1.6,10.3,95.3,0.3,0.35,9.66,9.17,4.1,10.0,9.3,6.49
2021-02-03,1.2.0,100.0,7.82,9.7,99.4,126,21.23,100.0,92.6,0.5,8.2,97.9,0.33,0.53,10.0,8.88,10.0,9.1,9.4,6.51
2021-02-27,2.0.0,92.2,7.93,8.2,90.5,121,12.05,94.8,89.6,0.8,7.3,89.9,0.23,0.77,8.63,8.06,7.5,8.2,9.3,5.85
2021-03-05,2.0.1,100.0,7.66,8.4,95.0,180,5.8,100.0,100.0,0.5,7.0,99.1,0.06,2.46,8.4,8.32,4.8,10.0,9.4,8.08
2021-03-22,2.1.0,100.0,7.42,9.0,98.9,179,4.41,100.0,96.5,2.0,3.8,88.4,0.04,3.85,8.01,8.6,6.0,9.7,9.7,7.55
2021-04-11,3.0.0,94.4,8.23,7.6,90.4,315,4.81,88.4,86.5,3.3,3.5,90.2,0.2,3.88,8.32,6.97,5.9,8.9,9.3,7.32
2021-04-25,3.1.0,100.0,9.54,6.9,95.3,189,6.06,90.2,98.8,6.1,0.9,93.9,0.06,2.21,8.0,8.95,9.8,8.8,9.2,8.07
2021-04-30,3.1.1,100.0,9.97,7.5,97.2,283,4.09,95.3,98.7,3.9,2.9,96.7,0.13,1.67,8.82,9.77,15.6,9.5,9.8,8.15
2021-05-17,3.2.0,100.0,8.64,6.2,97.0,164,3.6,96.9,91.0,2.4,5.4,97.8,0.09,3.42,9.49,9.09,13.9,8.9,10.0,8.92
2021-05-20,3.2.1,100.0,9.0,5.7,100.0,117,7.25,100.0,97.0,1.1,2.2,100.0,0.05,3.53,10.0,8.2,36.2,9.5,8.7,10.0
2021-06-04,4.0.0,97.0,8.51,6.1,91.2,68,9.18,92.2,91.3,3.1,2.9,94.8,0.03,1.85,8.73,6.7,17.0,8.6,9.0,8.88
2021-06-15,4.1.0,99.9,9.16,8.5,96.3,57,10.04,98.1,98.9,1.7,1.8,99.2,0.01,1.86,8.81,7.89,11.7,8.5,9.3,10.0
2021-07-03,4.2.0,100.0,8.91,9.0,91.6,12,17.67,92.9,100.0,3.0,1.2,98.8,0.01,2.99,7.9,8.58,29.4,8.9,9.2,8.93
2021-07-16,4.3.0,99.3,9.64,7.4,84.9,96,7.08,98.2,98.9,1.6,3.2,100.0,0.0,3.98,8.6,7.89,12.7,9.3,9.1,9.74
2021-07-30,4.4.0,100.0,9.62,7.8,91.2,149,16.76,99.1,100.0,0.5,4.2,100.0,0.0,3.23,9.28,8.01,9.5,9.2,8.0,9.03
2021-08-11,4.5.0,98.1,9.21,8.5,98.3,83,7.85,92.6,96.9,1.1,4.3,100.0,0.01,2.09,9.21,5.95,4.9,7.8,8.5,9.94
2021-08-29,4.6.0,99.1,8.02,8.6,98.6,46,9.19,99.9,100.0,1.4,2.4,100.0,0.04,3.28,9.96,8.82,7.1,8.3,7.8,9.46
2021-09-01,4.6.1,100.0,7.89,7.3,100.0,136,10.87,96.0,100.0,2.4,3.0,96.0,0.07,3.43,10.0,8.72,5.9,9.2,8.5,8.75
2021-09-17,4.7.0,96.7,7.46,8.5,99.2,150,12.25,99.2,100.0,3.3,1.5,98.1,0.08,2.58,10.0,8.81,11.8,9.2,7.6,7.7
2021-09-30,4.8.0,100.0,7.27,9.3,95.3,266,18.01,99.0,98.9,3.6,4.1,97.7,0.13,3.74,9.73,8.13,12.7,9.7,8.2,8.29
2021-10-04,4.8.1,100.0,7.04,9.5,100.0,435,7.58,96.7,96.2,2.8,3.4,100.0,0.09,4.89,8.76,9.38,14.5,8.9,7.6,8.54
2021-10-15,4.9.0,100.0,8.51,10.0,92.6,163,8.48,99.1,96.6,3.8,1.0,98.3,0.08,2.45,8.46,9.95,13.0,9.7,7.4,9.04
2021-10-28,4.10.0,100.0,9.6,10.0,98.0,254,9.71,100.0,93.8,3.0,2.6,93.9,0.03,2.02,8.49,9.63,7.5,9.5,8.8,7.98
2021-11-15,5.0.0,90.3,9.41,9.3,89.6,267,9.27,85.0,90.5,6.1,1.7,89.3,0.1,1.28,7.75,9.12,5.3,7.9,7.6,8.6
2021-11-20,5.0.1,98.4,9.68,9.5,96.7,128,15.11,97.6,100.0,4.0,1.8,93.6,0.03,1.6,7.97,9.1,3.9,9.6,8.9,8.14
2021-12-06,5.1.0,100.0,10.0,9.5,91.8,152,9.51,98.2,100.0,2.0,1.8,86.6,0.03,3.53,7.63,9.21,7.8,8.4,9.2,8.34
2021-12-17,5.2.0,100.0,9.46,8.8,96.3,105,4.7,93.7,100.0,0.7,0.5,96.9,0.03,3.21,8.92,8.56,4.7,7.9,8.0,9.21
2021-12-31,5.3.0,100.0,8.07,7.9,97.4,81,6.84,94.8,100.0,1.5,0.7,100.0,0.02,1.59,9.49,8.91,5.1,7.5,9.1,9.77
2022-01-18,5.4.0,100.0,9.24,7.2,97.4,94,4.57,96.2,100.0,1.9,0.3,100.0,0.07,2.75,9.62,9.2,6.3,7.5,8.4,8.08
2022-02-03,5.5.0,100.0,8.48,8.9,98.7,165,3.85,100.0,99.9,3.0,1.0,100.0,0.11,1.57,8.79,9.67,12.0,6.3,7.6,9.22
2022-02-19,5.6.0,100.0,9.06,9.0,90.2,89,3.74,100.0,100.0,1.5,2.1,100.0,0.16,0.86,8.21,9.88,22.8,7.3,7.2,8.76
2022-02-24,5.6.1,100.0,8.67,7.2,98.1,35,6.9,100.0,99.1,0.9,1.3,100.0,0.14,0.34,8.25,9.38,9.5,8.4,8.6,8.95
2022-03-10,5.7.0,100.0,8.58,8.1,97.2,34,15.94,100.0,92.8,2.6,1.0,100.0,0.22,1.9,7.68,8.31,6.0,7.2,9.1,8.47
2022-03-14,5.7.1,98.6,8.87,8.6,99.2,74,19.75,100.0,100.0,3.7,2.4,100.0,0.1,2.16,8.36,9.03,15.5,7.3,10.0,9.03
2022-03-31,5.8.0,100.0,7.67,8.0,100.0,147,7.62,100.0,95.4,9.8,4.5,100.0,0.08,3.16,7.45,9.77,19.4,6.3,9.3,8.54
2022-04-12,5.9.0,98.8,7.42,7.7,94.4,182,4.23,100.0,95.8,4.5,2.5,100.0,0.13,1.55,8.81,9.44,6.9,8.1,8.9,8.06
2022-04-19,5.9.1,100.0,8.06,7.9,97.2,260,5.06,95.2,92.7,2.8,3.9,100.0,0.2,2.33,9.63,9.13,8.0,8.5,8.6,9.32
2022-05-11,6.0.0,94.0,8.08,6.2,93.3,149,10.79,92.3,79.7,3.9,2.6,93.9,0.2,1.15,7.68,8.43,7.5,8.6,7.9,7.74
2022-05-14,6.0.1,100.0,9.03,8.8,97.9,211,15.83,100.0,98.3,2.2,0.8,98.6,0.14,2.19,8.61,8.17,16.6,9.4,9.1,9.22
2022-06-01,6.1.0,100.0,9.91,9.5,91.3,292,8.44,100.0,100.0,0.8,1.9,100.0,0.25,2.32,9.23,5.68,14.0,9.6,9.8,9.42
2022-06-16,6.2.0,100.0,9.21,8.5,93.6,207,7.7,97.7,100.0,0.5,2.8,96.9,0.27,1.38,8.0,8.03,20.9,9.7,10.0,8.35
2022-07-02,6.3.0,100.0,9.48,9.5,93.0,99,9.42,99.8,100.0,0.8,1.6,92.7,0.19,0.36,7.77,7.68,14.6,10.0,10.0,8.15
2022-07-08,6.3.1,100.0,8.18,10.0,98.3,84,9.02,100.0,100.0,1.9,1.1,98.5,0.19,1.17,7.99,8.36,7.0,9.9,9.3,8.59
2022-07-23,6.4.0,100.0,7.35,10.0,90.1,144,8.23,96.1,100.0,3.4,2.0,90.3,0.13,1.0,7.27,7.12,14.0,10.0,8.1,9.39
2022-08-10,6.5.0,100.0,8.37,9.3,95.0,71,17.49,100.0,99.7,4.7,1.8,94.4,0.14,0.28,7.7,7.7,12.2,9.9,6.9,9.12
2022-08-16,6.5.1,100.0,9.17,8.8,91.1,56,7.78,100.0,100.0,2.3,0.8,90.5,0.05,1.4,6.53,9.3,8.6,9.1,6.0,8.88
2022-08-31,6.6.0,99.7,8.17,8.3,88.6,126,10.31,96.2,100.0,2.0,0.2,94.1,0.03,1.5,5.55,9.25,14.5,9.1,5.7,9.21
2022-09-12,6.7.0,96.6,9.2,7.6,86.3,77,8.25,90.9,100.0,2.6,1.0,96.2,0.02,1.35,7.57,9.72,14.2,7.9,7.5,8.13
2022-09-24,6.8.0,100.0,9.02,9.1,85.6,58,6.21,88.8,100.0,3.5,2.4,98.3,0.05,0.43,8.13,8.62,6.8,8.1,7.5,8.73
2022-10-12,7.0.0,93.0,7.57,8.8,87.1,121,5.78,88.3,94.4,8.0,4.5,90.4,0.08,2.22,8.87,8.73,14.5,7.7,8.2,6.79
2022-10-23,7.1.0,96.5,8.34,8.7,95.8,56,7.1,100.0,99.6,3.2,3.7,98.9,0.13,3.01,9.86,9.41,38.6,7.6,7.8,7.05
2022-10-30,7.1.1,98.5,7.66,7.9,100.0,113,4.37,100.0,100.0,1.8,5.8,100.0,0.1,1.3,8.69,9.99,23.7,7.7,9.1,7.16
2022-11-09,7.2.0,100.0,7.72,7.0,91.8,188,9.07,100.0,96.5,1.5,7.6,100.0,0.08,1.04,8.99,8.64,7.5,8.4,8.0,8.69
2022-11-29,8.0.0,89.7,8.16,8.0,87.4,316,11.67,91.9,90.8,2.7,3.4,92.4,0.1,0.63,7.97,7.65,7.9,7.3,8.3,8.56
2022-12-14,8.1.0,93.4,8.22,8.6,87.6,210,12.72,98.2,100.0,1.1,3.0,100.0,0.09,2.27,8.13,6.81,6.0,7.0,9.2,9.37
2022-12-20,8.1.1,93.2,7.91,9.0,86.6,197,9.54,100.0,100.0,1.7,2.6,100.0,0.06,1.25,8.98,9.16,11.0,7.8,9.5,10.0
2023-01-06,8.2.0,100.0,7.58,8.7,84.4,142,13.67,94.3,99.7,0.7,1.8,99.0,0.03,1.78,9.04,9.64,25.3,8.2,8.0,9.63
2023-01-24,8.3.0,100.0,8.91,9.3,85.5,118,11.19,96.2,93.6,2.7,2.1,95.2,0.07,1.16,8.65,10.0,13.2,9.0,8.0,10.0
2023-02-18,9.0.0,96.7,7.55,8.0,70.6,235,16.18,93.3,84.6,3.4,0.7,91.6,0.14,0.65,7.74,8.89,5.5,7.7,6.8,9.11
2023-02-22,9.0.1,100.0,8.84,8.0,91.5,117,7.89,100.0,97.2,3.1,0.3,96.8,0.1,2.16,8.8,10.0,4.1,9.1,7.8,9.26
2023-03-18,10.0.0,90.1,7.38,7.0,88.1,179,17.3,92.1,89.4,3.8,2.6,92.8,0.09,1.59,7.27,8.71,2.1,7.8,7.3,7.98
2023-03-21,10.0.1,95.3,7.99,6.6,100.0,88,12.23,100.0,92.1,6.1,2.1,100.0,0.17,0.87,9.16,8.38,5.0,9.5,8.8,8.72
2023-04-05,10.1.0,95.6,8.37,8.1,97.4,123,20.37,97.5,96.6,2.9,1.3,100.0,0.25,2.23,9.66,9.48,8.5,8.1,9.5,9.14
2023-04-11,10.1.1,100.0,9.18,9.5,96.7,217,7.92,100.0,95.3,3.6,3.9,100.0,0.15,3.63,8.63,9.3,12.9,8.8,9.5,10.0
2023-04-26,10.2.0,93.7,9.78,9.3,94.1,393,8.65,99.3,100.0,4.3,2.4,94.1,0.22,3.66,9.55,8.89,6.3,9.3,9.1,9.68
2023-05-14,11.0.0,92.8,9.14,8.8,80.8,270,6.51,86.1,94.8,2.0,5.5,85.1,0.29,2.5,8.18,9.0,3.2,8.8,8.1,8.84
2023-05-27,11.1.0,100.0,10.0,9.6,82.5,321,4.69,98.1,100.0,1.8,6.1,88.3,0.28,2.35,8.13,9.28,10.4,9.3,8.5,10.0
2023-06-02,11.1.1,100.0,8.97,9.1,99.7,215,8.97,93.8,100.0,2.3,6.6,90.6,0.13,3.24,8.95,8.87,23.5,8.2,8.0,9.29
2023-06-18,11.2.0,96.3,8.16,7.5,81.0,357,16.97,86.5,92.9,3.5,9.4,74.9,0.17,6.58,7.73,6.69,17.7,6.9,7.2,6.69
2023-06-25,11.2.1,99.3,8.74,8.6,87.0,235,10.29,100.0,98.6,3.0,5.8,80.7,0.12,6.0,8.1,8.07,54.4,8.8,7.1,8.33
2023-07-10,11.3.0,99.5,8.48,8.7,85.5,151,16.37,99.7,100.0,1.3,2.4,83.4,0.18,4.67,7.7,9.41,33.5,8.4,7.7,9.33
2023-07-28,11.4.0,100.0,8.22,7.8,86.7,71,11.14,100.0,100.0,2.7,1.6,87.3,0.05,3.5,9.22,9.54,11.2,9.3,7.8,9.33
2023-08-04,11.4.1,97.8,8.1,8.2,96.4,57,4.73,100.0,100.0,2.6,0.6,94.3,0.1,3.54,9.64,9.65,29.3,9.8,9.2,9.13
2023-08-17,11.5.0,93.8,8.94,9.5,100.0,107,9.27,100.0,100.0,3.3,1.5,100.0,0.13,4.28,9.22,9.89,25.0,8.4,7.8,7.81
2023-08-24,11.5.1,92.6,9.48,9.3,100.0,55,13.11,98.6,99.7,4.3,1.7,94.4,0.15,6.06,9.81,10.0,12.8,9.6,8.7,8.88
2023-09-09,11.6.0,98.5,9.98,7.9,99.2,101,10.57,100.0,100.0,3.2,1.6,88.8,0.25,4.13,9.36,9.78,24.6,9.4,8.4,8.35
2023-09-19,11.7.0,100.0,9.47,9.0,93.1,89,12.37,100.0,100.0,1.6,1.8,97.3,0.1,4.79,8.8,8.84,10.2,9.0,8.6,8.85
2023-10-09,12.0.0,88.5,9.47,8.6,91.4,121,9.95,95.1,88.0,2.8,0.7,91.4,0.08,3.04,7.43,8.26,6.3,7.9,8.4,8.0
2023-11-01,13.0.0,91.9,9.2,9.3,85.9,50,5.19,94.2,81.8,0.8,2.4,90.1,0.03,3.32,7.5,6.96,3.5,7.9,7.0,7.13
2023-11-11,13.1.0,100.0,9.2,8.6,90.1,33,4.44,100.0,90.1,0.5,0.9,99.9,0.01,1.46,7.81,8.89,11.6,7.7,8.1,7.91
2023-11-23,13.2.0,100.0,10.0,7.2,80.7,71,3.36,100.0,83.4,1.3,3.5,100.0,0.01,1.61,8.56,9.65,13.8,7.3,8.4,8.97
2023-11-28,13.2.1,100.0,9.99,7.2,91.5,87,7.37,100.0,94.1,2.4,3.3,97.4,0.02,2.02,9.38,10.0,11.6,8.0,8.0,9.76
2023-12-11,13.3.0,100.0,10.0,8.6,82.8,75,10.4,100.0,93.0,1.3,4.4,94.1,0.01,1.61,9.83,10.0,24.6,7.3,9.1,8.65
2023-12-26,13.4.0,100.0,10.0,8.7,90.8,114,13.62,100.0,96.6,1.8,5.2,96.3,0.03,1.47,9.38,8.91,25.8,8.6,8.0,8.23
2024-01-07,13.5.0,100.0,10.0,8.3,91.1,105,14.19,100.0,99.5,1.3,2.1,91.9,0.05,0.64,9.11,9.85,11.7,8.2,7.7,7.64
2024-01-11,13.5.1,100.0,9.64,7.6,84.1,151,13.48,100.0,100.0,1.0,1.7,86.4,0.02,2.27,9.3,8.86,18.7,7.9,9.3,7.66
2024-01-29,13.6.0,100.0,10.0,7.6,96.9,109,19.49,95.5,100.0,1.4,3.1,98.5,0.09,2.2,8.9,9.82,26.2,6.7,9.2,8.37
2024-02-15,13.7.0,96.5,9.61,7.8,100.0,124,11.67,100.0,100.0,1.7,1.9,100.0,0.2,2.43,9.78,9.26,9.0,7.9,8.2,9.28
2024-02-28,13.8.0,97.7,10.0,6.6,100.0,221,6.92,100.0,100.0,1.1,4.3,94.5,0.22,4.09,10.0,8.24,5.2,7.5,7.8,10.0
2024-03-06,13.8.1,97.2,10.0,6.3,100.0,319,8.45,100.0,100.0,1.0,3.7,99.1,0.25,3.27,8.95,9.41,2.5,7.2,8.1,10.0
2024-03-17,13.9.0,95.8,9.44,8.4,100.0,217,11.08,96.3,100.0,0.8,2.8,96.7,0.27,4.29,9.82,9.33,2.7,7.3,9.5,9.68
2024-04-09,14.0.0,90.8,7.49,7.2,98.2,209,12.71,95.4,94.5,1.5,5.6,84.7,0.2,5.75,8.62,7.69,3.5,7.5,9.0,8.6
2024-04-24,14.1.0,100.0,8.33,8.4,100.0,319,15.04,98.6,100.0,2.7,7.4,85.1,0.06,3.75,9.02,8.65,12.1,8.3,9.6,8.34
2024-05-11,15.0.0,95.6,8.54,8.6,97.6,396,17.2,89.2,97.1,3.0,7.8,81.3,0.06,4.64,8.42,8.0,12.8,7.6,8.7,7.14
2024-05-22,15.1.0,100.0,9.84,9.1,97.8,319,8.15,92.0,100.0,3.3,6.3,90.2,0.17,2.73,8.76,9.65,28.7,9.1,9.3,9.0
2024-06-05,15.2.0,100.0,9.32,9.9,94.0,239,6.29,96.9,95.3,2.9,5.5,95.3,0.06,3.01,8.79,8.41,40.6,9.6,9.6,9.61
2024-06-16,15.3.0,100.0,9.58,8.3,92.6,467,11.79,98.2,98.8,2.6,5.9,96.7,0.05,2.18,8.39,7.31,60.0,9.2,9.6,9.18
2024-06-27,15.4.0,100.0,9.41,8.4,94.4,515,8.41,92.8,100.0,1.6,4.5,100.0,0.1,2.74,7.84,8.72,28.1,10.0,8.8,8.72
2024-07-04,15.4.1,100.0,8.6,7.3,91.8,309,4.64,93.0,94.5,2.3,6.2,100.0,0.03,2.12,8.73,8.45,12.3,9.7,10.0,8.93
2024-07-20,15.5.0,100.0,9.63,8.6,86.4,132,10.46,95.8,99.4,3.5,7.7,97.2,0.02,1.36,9.72,9.73,17.1,9.8,10.0,8.51
2024-07-24,15.5.1,100.0,9.32,8.6,97.0,220,4.55,100.0,100.0,5.3,8.0,92.1,0.02,0.68,10.0,10.0,39.5,9.1,10.0,8.9
2024-08-07,16.0.0,98.0,8.98,7.2,90.3,159,7.18,93.2,90.6,3.4,5.1,92.0,0.01,2.65,8.92,8.31,37.5,8.2,9.2,8.38
2024-08-14,16.0.1,100.0,8.74,7.1,100.0,262,6.81,100.0,97.4,6.7,2.4,100.0,0.06,3.22,10.0,7.64,30.5,8.5,9.3,7.72
2024-08-26,16.1.0,100.0,8.44,7.6,100.0,425,10.86,100.0,98.0,2.0,1.6,100.0,0.04,2.39,9.54,9.04,17.2,9.0,10.0,7.0
2024-08-30,16.1.1,100.0,8.65,9.4,96.0,430,13.24,99.2,100.0,1.2,0.5,100.0,0.02,2.15,9.07,9.05,13.8,9.0,9.8,7.33
2024-09-13,16.2.0,100.0,9.26,9.1,88.6,228,17.44,100.0,100.0,1.1,1.0,100.0,0.01,2.2,9.26,8.51,14.0,8.9,8.6,8.78
2024-09-25,16.3.0,100.0,9.7,9.3,96.6,175,10.11,100.0,100.0,0.8,2.2,99.8,0.02,1.56,9.86,8.43,14.6,8.4,7.9,8.88
2024-10-10,16.4.0,100.0,10.0,10.0,92.6,196,7.94,98.6,100.0,0.7,4.0,99.6,0.02,1.4,9.22,7.0,16.2,7.8,8.5,8.19
2024-11-02,17.0.0,94.0,9.24,8.8,90.8,166,4.88,92.5,87.5,0.2,4.9,96.5,0.02,1.03,7.52,6.98,9.8,7.4,7.6,7.56
2024-11-16,17.1.0,96.3,8.88,9.6,90.4,217,7.14,100.0,100.0,1.4,2.4,100.0,0.05,2.29,8.39,7.12,16.2,8.8,7.6,8.41
2024-12-05,18.0.0,87.2,8.97,9.0,93.0,119,12.14,90.2,93.4,2.8,2.4,95.8,0.03,1.99,8.23,6.17,7.5,7.8,8.0,7.17
2024-12-21,18.1.0,100.0,9.14,9.6,99.2,133,5.34,92.7,100.0,2.2,4.9,100.0,0.01,2.51,8.45,9.02,11.7,7.6,8.4,7.32
2025-01-02,18.2.0,100.0,8.45,7.8,94.8,183,12.62,98.3,95.7,2.1,7.2,98.2,0.04,2.65,8.97,7.34,10.8,7.4,7.7,8.27
2025-01-05,18.2.1,100.0,8.73,9.1,97.3,87,17.5,100.0,100.0,1.9,7.3,99.7,0.05,4.05,8.04,8.77,11.4,7.9,8.0,8.27
2025-01-20,18.3.0,98.5,8.65,10.0,93.4,148,19.4,100.0,100.0,2.3,6.7,95.6,0.07,3.53,8.99,8.5,10.4,7.3,7.4,7.27
2025-01-25,18.3.1,100.0,9.63,9.2,95.5,139,13.69,98.7,100.0,3.1,6.2,100.0,0.04,2.06,9.53,8.45,28.6,8.0,7.0,7.08
2025-02-04,18.4.0,96.8,8.81,9.5,97.5,98,8.67,93.0,100.0,6.4,2.6,100.0,0.05,2.68,8.23,9.4,9.0,7.9,8.8,8.21
2025-02-20,18.5.0,96.1,9.47,8.8,98.0,176,17.76,93.4,100.0,2.2,4.5,100.0,0.07,3.22,8.86,9.97,17.2,8.9,7.5,7.5
2025-03-10,18.6.0,96.7,9.68,8.3,99.4,162,9.25,91.6,100.0,3.4,2.2,100.0,0.03,2.83,8.01,9.11,16.5,8.2,8.0,7.35
2025-03-27,18.7.0,100.0,9.5,9.6,96.0,239,5.16,90.5,100.0,4.2,2.6,100.0,0.03,1.5,6.72,8.23,58.5,9.4,7.8,8.9
2025-04-06,18.8.0,100.0,8.67,8.6,95.0,234,4.72,85.9,98.6,2.3,0.8,100.0,0.05,0.79,8.93,8.21,17.9,8.1,9.1,9.95
2025-04-16,18.9.0,100.0,9.04,9.1,96.0,270,4.35,81.5,94.7,1.7,3.4,98.3,0.09,0.96,8.4,9.18,14.6,7.6,8.3,10.0
2025-04-20,18.9.1,100.0,10.0,8.5,97.9,582,7.16,92.0,100.0,2.7,1.1,97.8,0.06,1.98,8.93,9.71,32.5,8.3,9.1,9.1
2025-05-01,18.10.0,100.0,9.67,7.1,94.3,184,6.39,98.8,98.7,1.1,2.6,96.8,0.1,1.71,8.51,8.51,11.0,8.8,9.8,8.13
2025-05-13,18.11.0,99.9,10.0,7.8,87.5,247,5.99,99.7,100.0,0.8,5.5,100.0,0.21,3.7,9.06,7.93,15.3,8.3,9.0,8.01
2025-05-28,18.12.0,100.0,9.97,9.2,89.7,165,9.36,96.9,100.0,1.0,2.5,100.0,0.11,2.23,8.31,7.94,31.9,8.3,8.6,9.08
2025-06-12,18.13.0,97.8,10.0,8.2,95.3,124,6.59,100.0,96.5,1.2,4.0,100.0,0.05,2.5,8.69,7.4,9.6,8.2,9.2,8.98
2025-06-27,18.14.0,94.9,9.14,8.2,99.3,260,7.93,100.0,90.8,1.2,3.0,99.5,0.03,2.54,9.62,8.63,5.6,7.7,8.7,9.53
2025-07-08,18.15.0,94.5,8.18,7.2,94.2,115,7.62,98.9,96.3,1.0,4.5,100.0,0.07,2.95,9.29,9.4,4.9,7.4,9.4,8.54
2025-07-27,19.0.0,91.1,7.88,7.9,86.8,122,4.29,96.1,92.4,0.6,3.7,95.8,0.18,3.52,8.45,8.43,10.3,7.6,8.9,7.62
2025-08-11,19.1.0,100.0,8.57,8.9,99.3,130,7.73,100.0,100.0,0.2,2.1,97.0,0.1,2.67,8.23,8.06,12.7,7.7,9.8,7.83
2025-08-26,19.2.0,100.0,8.68,8.1,100.0,150,14.84,100.0,100.0,0.4,1.5,94.4,0.07,3.64,7.44,9.38,9.1,7.9,10.0,7.24
2025-09-14,20.0.0,96.3,9.02,7.9,92.9,98,5.11,96.4,97.1,1.7,4.3,90.4,0.19,4.18,7.19,9.01,19.9,8.1,9.0,7.69
2025-09-19,20.0.1,100.0,9.93,7.7,100.0,139,4.23,100.0,100.0,1.8,3.5,100.0,0.13,2.96,8.47,8.57,17.7,8.7,9.8,8.01
2025-09-29,20.1.0,94.1,8.75,7.9,92.7,207,14.15,95.1,96.9,3.0,4.7,85.1,0.21,5.82,7.66,7.83,0.0,6.8,7.6,5.91
2025-10-16,20.2.0,98.7,9.59,9.3,89.9,217,7.58,96.2,99.6,2.3,4.6,95.7,0.09,5.15,9.2,8.92,9.8,8.7,7.7,6.49
2025-10-29,20.3.0,98.4,10.0,9.0,98.2,95,13.14,100.0,100.0,2.4,2.2,94.7,0.14,3.82,8.87,7.93,12.2,9.1,9.2,6.6
2025-11-17,21.0.0,94.4,9.56,7.9,92.3,27,4.81,91.8,97.0,0.9,0.5,93.9,0.23,4.7,8.08,8.14,8.5,8.3,9.5,6.71
2025-12-01,21.1.0,100.0,10.0,9.3,100.0,79,5.68,94.0,100.0,1.0,1.8,100.0,0.12,4.41,9.97,9.57,7.8,8.5,8.7,7.8
2025-12-17,21.2.0,100.0,8.92,8.8,100.0,205,4.01,92.4,100.0,2.1,4.0,97.5,0.03,2.89,10.0,9.76,6.1,9.2,9.2,8.31
2026-01-02,21.3.0,100.0,9.79,9.3,100.0,270,2.86,96.0,100.0,0.8,4.8,99.8,0.06,3.17,9.97,9.62,5.2,9.3,9.7,7.92
2026-01-17,21.4.0,100.0,9.91,9.8,100.0,140,5.32,93.4,97.3,1.2,2.8,100.0,0.03,1.95,9.95,8.17,5.8,8.9,10.0,7.18
2026-02-01,22.0.0,97.8,9.07,7.9,95.4,107,10.66,85.6,88.8,2.2,3.3,95.4,0.11,2.56,9.36,7.46,4.2,7.8,8.2,7.69
2026-02-22,23.0.0,96.2,8.38,8.0,92.1,186,9.72,81.1,83.2,0.7,5.3,87.6,0.11,2.65,9.28,7.38,6.6,8.8,7.5,7.64
2026-02-27,23.0.1,100.0,9.49,9.6,100.0,137,5.5,91.3,100.0,0.9,3.4,93.1,0.22,1.5,9.78,9.11,6.1,8.4,9.5,8.82
2026-03-17,23.1.0,100.0,9.21,7.8,100.0,114,3.94,90.2,98.6,1.0,2.5,100.0,0.16,2.93,9.67,8.68,9.4,7.5,10.0,8.44
2026-04-02,23.2.0,100.0,9.93,9.4,100.0,141,2.78,96.7,99.9,0.9,5.5,96.0,0.18,1.33,9.02,8.88,7.1,6.6,10.0,9.55
2026-04-20,23.3.0,100.0,9.48,9.6,100.0,86,6.63,100.0,100.0,0.7,2.9,92.2,0.19,2.07,9.04,7.58,10.1,6.3,10.0,8.26
2026-04-26,23.3.1,100.0,8.45,8.2,100.0,189,6.07,95.1,100.0,0.6,1.2,94.9,0.19,2.9,10.0,8.84,7.5,6.0,10.0,9.31
