Date,Release Number,Build Success Rate (%),Successful Builds,Failed Builds,Build Frequency (Builds/Day),Deployment Frequency (Deploys/Day),Average Deploy Time (Minutes),Build Duration (Minutes),Build Queue Time (Minutes),Build Cache Hit Rate (%),Artifact Size (MB),Dependency Updates,Time to Fix Build Failures (Hours),Build Reproducibility Rate (%),Artifact Promotion Rate (%),Build Cost (USD),Build Environment Consistency (%),Build Rollback Frequency (Rollbacks/Month),Build Security Scan Results (Issues),Build Artifact Integrity (%),Build Pipeline Efficiency (%)
2022-03-07,1.0.0,90.5,491,19,73,0.3,112.6,16.5,3.4,83.2,47.1,24,14.4,94.5,76.7,10.9,96.0,10.2,10,88.2,84.9
2022-03-12,1.0.1,100.0,250,15,27,0.6,70.3,19.6,5.6,86.8,129.9,31,2.8,95.5,98.5,14.8,97.4,7.5,9,100.0,89.7
2022-03-24,2.0.0,93.1,364,15,26,2.0,50.2,12.2,3.1,82.9,254.0,35,3.9,86.8,91.6,12.9,93.1,14.0,14,88.1,73.2
2022-04-03,2.1.0,91.4,349,13,10,4.0,34.0,31.8,2.1,72.2,176.1,35,1.8,87.0,96.8,12.9,95.8,11.0,12,93.0,79.3
2022-04-16,2.2.0,85.7,317,18,15,3.4,40.8,76.9,4.7,54.0,107.0,42,4.0,97.2,87.1,60.3,97.4,3.5,12,100.0,82.4
2022-04-25,2.3.0,90.6,283,15,26,1.5,16.8,82.4,5.0,56.1,234.0,39,2.5,98.2,93.1,26.9,99.6,1.3,9,98.1,87.9
2022-04-29,2.3.1,97.5,392,16,40,3.1,20.6,22.2,3.8,88.0,327.5,40,3.4,100.0,98.2,27.3,100.0,0.4,10,91.8,84.6
2022-05-06,2.4.0,98.2,166,20,41,2.5,18.5,25.2,3.0,85.5,520.8,34,5.7,91.9,98.9,84.0,94.5,0.4,8,89.2,89.6
2022-05-16,2.5.0,93.5,117,23,14,2.8,22.3,10.9,5.1,97.6,556.7,33,7.8,93.9,98.1,188.7,98.1,2.5,10,87.6,85.1
2022-05-23,2.5.1,95.4,100,21,15,3.5,28.0,7.4,8.2,99.4,348.6,33,7.3,92.2,100.0,208.8,92.0,1.7,10,94.8,92.0
2022-06-02,2.6.0,82.1,65,15,30,3.8,19.7,8.8,3.6,98.0,231.2,32,2.4,90.8,80.6,50.3,88.8,1.8,5,96.0,94.5
2022-06-11,2.7.0,97.2,57,10,29,1.6,35.6,14.9,4.1,89.5,378.6,43,0.9,93.4,98.4,49.5,94.0,1.1,5,97.9,100.0
2022-06-20,2.8.0,83.0,86,12,9,2.3,66.5,13.1,6.3,94.3,706.9,36,1.0,80.5,84.9,133.2,84.5,0.1,7,89.5,94.3
2022-06-23,2.8.1,78.4,112,10,5,1.2,54.6,19.7,3.6,89.5,720.0,34,0.8,91.9,68.9,61.8,91.6,3.1,5,98.4,97.5
2022-07-04,3.0.0,66.4,87,14,4,2.3,55.1,32.5,7.4,68.8,877.7,39,2.6,83.3,74.6,110.1,80.4,0.7,10,85.7,75.0
2022-07-07,3.0.1,77.9,113,11,5,5.0,40.9,33.3,3.5,76.3,196.6,39,1.1,86.7,88.6,110.0,89.4,3.5,7,92.7,92.0
2022-07-16,3.1.0,76.6,331,15,10,3.9,41.4,28.1,8.3,78.1,188.7,42,3.0,98.5,91.1,35.1,99.0,4.3,4,99.8,89.2
2022-07-23,3.1.1,80.3,435,11,17,1.5,19.5,22.3,5.5,76.8,137.9,39,1.1,100.0,94.1,25.9,100.0,2.4,9,100.0,69.3
2022-08-11,4.0.0,59.4,468,20,1,0.1,52.3,81.0,14.4,30.0,359.3,50,8.2,69.0,69.3,240.2,72.9,0.0,18,78.1,40.0
2022-08-17,4.0.1,73.9,290,20,8,0.9,36.6,51.1,11.1,54.4,156.5,37,7.7,80.7,84.0,115.4,85.8,0.0,17,92.7,55.1
2022-08-31,4.1.0,87.3,412,17,13,3.0,43.5,60.9,6.2,47.7,201.0,44,5.8,94.1,92.6,105.5,88.3,1.1,8,98.0,83.6
2022-09-09,4.2.0,78.7,326,15,7,5.8,45.7,21.5,7.4,81.2,251.5,45,4.7,91.9,85.6,68.3,93.6,0.9,10,94.9,76.2
2022-09-18,4.3.0,78.1,316,20,8,7.1,37.6,10.5,4.0,95.6,156.9,42,7.2,93.5,66.2,137.3,93.7,0.4,8,99.0,78.3
2022-09-25,4.4.0,85.1,309,14,20,2.5,11.9,20.1,6.9,89.9,116.7,47,1.6,92.1,72.7,36.8,88.7,0.1,5,97.0,91.4
2022-10-05,4.5.0,79.6,159,14,28,1.2,26.7,23.0,7.1,88.3,91.6,46,2.4,95.6,62.5,24.1,90.8,0.4,4,100.0,93.1
2022-10-16,4.6.0,87.5,275,20,12,1.6,35.3,41.7,4.5,74.2,70.2,47,6.6,92.3,77.7,41.0,94.2,0.4,3,95.7,100.0
2022-10-29,5.0.0,83.8,464,15,19,1.1,63.9,21.7,11.4,82.6,105.8,38,2.6,87.1,77.5,119.3,91.1,0.1,3,90.6,91.1
2022-11-10,5.1.0,98.5,243,16,23,3.0,79.7,12.3,3.8,93.4,264.2,32,2.6,93.9,96.4,57.3,95.4,2.7,7,95.8,91.9
2022-11-14,5.1.1,90.1,506,22,8,3.0,62.0,43.2,10.7,60.3,391.9,48,7.7,78.7,90.7,261.7,87.1,1.5,13,85.2,75.1
2022-11-24,5.2.0,96.1,277,19,13,1.4,44.0,56.5,6.1,62.0,280.9,51,4.0,90.1,96.2,98.1,92.9,0.2,7,95.7,88.3
2022-12-06,5.3.0,90.4,279,18,22,3.2,21.2,19.7,5.0,89.5,257.6,41,4.8,87.8,93.0,132.5,89.5,2.7,10,96.4,76.0
2022-12-12,5.3.1,100.0,520,21,34,1.9,13.4,38.3,10.6,71.2,171.0,40,8.0,81.4,100.0,283.2,88.7,4.5,11,95.8,84.8
2022-12-24,5.4.0,100.0,895,14,14,3.4,34.6,13.6,5.9,95.3,232.3,44,5.0,87.5,100.0,135.9,94.0,11.0,7,96.9,96.7
2023-01-05,5.5.0,96.7,207,17,10,2.1,35.1,31.8,13.2,74.8,204.5,48,5.2,82.7,100.0,137.4,94.4,6.5,4,89.4,93.0
2023-01-09,5.5.1,90.9,146,21,19,3.2,52.5,12.5,8.7,98.3,245.4,45,5.9,94.9,92.1,262.4,94.9,7.5,3,100.0,94.5
2023-01-17,5.6.0,88.1,135,24,17,1.8,20.6,11.0,4.5,96.6,193.6,47,17.2,94.0,94.4,403.7,94.2,11.7,3,100.0,82.3
2023-01-25,5.7.0,97.2,274,18,28,0.7,24.3,10.1,2.6,94.2,92.9,41,19.3,89.7,97.0,251.6,92.6,8.7,0,97.0,92.9
2023-01-29,5.7.1,97.9,228,17,18,0.5,19.6,14.8,4.2,96.6,132.0,39,6.7,100.0,99.1,767.1,99.3,3.6,5,100.0,100.0
2023-02-10,5.8.0,90.9,236,14,27,0.7,9.3,8.5,3.0,99.0,209.5,45,2.5,99.7,90.2,421.7,96.5,0.7,5,100.0,95.4
2023-02-23,5.9.0,88.4,126,16,25,1.1,4.3,4.2,5.3,100.0,113.7,43,2.1,98.9,83.1,223.6,97.2,3.1,7,100.0,91.7
2023-03-05,5.10.0,100.0,350,15,42,0.5,28.1,5.2,3.1,100.0,67.6,33,2.3,100.0,84.8,234.9,100.0,0.5,9,100.0,96.7
2023-03-15,6.0.0,94.9,390,14,76,0.8,17.7,19.2,11.0,85.2,119.0,37,2.5,96.6,84.9,179.7,93.3,2.5,5,96.8,93.1
2023-03-29,6.1.0,98.5,150,12,17,2.1,10.3,16.5,7.5,95.2,127.9,46,1.8,100.0,100.0,141.6,100.0,3.4,5,100.0,93.1
2023-04-11,6.2.0,90.5,357,12,10,3.4,26.4,18.8,6.9,87.2,146.5,42,3.7,100.0,88.4,95.0,100.0,5.2,4,100.0,99.7
2023-04-16,6.2.1,81.2,172,18,18,2.1,29.3,14.2,10.8,94.2,100.4,43,8.0,100.0,80.0,270.8,96.9,7.0,7,100.0,87.9
2023-05-02,7.0.0,84.2,237,14,10,0.8,33.7,18.0,5.0,75.9,78.7,33,5.0,91.9,89.9,176.4,90.9,1.2,6,91.8,89.3
2023-05-09,7.1.0,89.8,171,10,25,2.9,15.1,27.2,4.3,68.1,227.8,34,1.4,86.2,79.2,163.7,97.4,1.2,7,95.7,96.2
2023-05-23,8.0.0,88.0,163,13,16,1.1,53.2,61.0,9.2,44.4,96.3,38,3.5,79.8,80.7,86.9,87.2,1.2,4,86.0,94.1
2023-06-09,9.0.0,91.4,396,10,20,1.5,72.0,27.5,6.7,66.7,114.1,40,1.1,78.8,92.2,107.5,79.1,5.0,4,85.2,91.3
2023-06-21,9.1.0,94.2,304,7,11,3.6,80.4,17.7,4.1,85.5,109.5,37,0.6,96.7,87.4,75.0,94.3,0.8,4,100.0,99.1
2023-07-05,9.2.0,93.9,220,8,11,2.4,30.6,11.7,4.1,89.3,207.1,37,0.8,88.4,84.9,111.5,85.9,0.2,3,100.0,98.0
2023-07-20,10.0.0,82.9,221,8,11,2.0,30.6,30.2,7.5,66.9,262.5,31,0.9,89.6,82.6,76.4,89.2,0.5,5,88.5,82.5
2023-07-30,10.1.0,96.9,293,11,11,1.6,12.1,39.8,11.3,65.8,237.7,30,1.7,97.5,98.7,51.0,88.2,1.1,3,100.0,93.9
2023-08-14,11.0.0,87.3,498,11,13,1.7,8.4,17.2,5.0,82.1,129.9,32,2.4,92.4,95.3,30.7,92.0,4.2,2,88.1,85.6
2023-08-28,11.1.0,89.7,693,15,17,2.8,24.9,26.7,12.5,77.8,70.6,38,1.5,100.0,85.3,47.8,100.0,1.0,2,100.0,100.0
2023-09-04,11.2.0,96.4,516,11,15,2.8,37.4,19.2,17.4,88.9,166.0,39,1.1,92.4,98.1,26.1,96.0,0.3,4,98.1,91.6
2023-09-12,11.3.0,87.0,784,11,12,1.5,38.6,13.6,11.7,86.9,125.3,44,1.9,99.3,90.9,88.9,100.0,0.5,6,100.0,82.1
2023-09-19,11.3.1,80.0,457,10,13,2.7,77.2,14.7,22.5,93.5,145.4,47,1.9,90.9,79.4,60.0,94.3,0.9,10,100.0,64.6
2023-09-27,11.4.0,96.3,594,9,29,4.9,82.9,18.9,23.6,79.4,250.1,41,1.5,91.5,80.9,38.3,96.7,0.1,7,98.2,93.4
2023-10-09,11.5.0,100.0,776,17,17,1.6,36.2,12.4,13.6,91.8,264.4,37,2.8,98.1,92.0,71.2,97.2,0.2,9,100.0,95.4
2023-10-13,11.5.1,100.0,508,21,32,1.0,42.9,8.9,16.3,98.9,106.4,46,6.5,97.2,100.0,126.2,97.8,1.2,6,100.0,100.0
2023-10-26,11.6.0,93.0,417,18,11,1.5,49.1,29.0,5.4,78.4,244.7,38,2.4,85.9,89.8,104.0,86.2,3.6,8,98.4,90.6
2023-10-31,11.6.1,93.3,716,22,12,0.7,76.3,40.4,8.6,69.7,325.5,39,5.1,63.7,88.0,157.6,59.0,0.0,10,95.4,85.8
2023-11-08,11.7.0,96.1,424,20,24,2.8,74.8,35.4,6.6,73.6,209.6,34,5.8,81.3,88.7,71.0,77.7,4.0,7,97.9,90.3
2023-11-22,11.8.0,95.4,686,21,18,3.1,92.8,35.0,4.2,75.7,170.9,29,2.3,97.3,86.5,37.8,95.6,2.1,7,100.0,98.8
2023-11-29,11.9.0,98.1,504,21,15,2.1,90.0,24.7,3.7,87.9,289.7,27,4.5,100.0,96.4,32.5,100.0,0.7,8,100.0,97.7
2023-12-19,12.0.0,90.4,572,14,22,3.4,107.5,16.2,5.9,88.5,463.7,27,1.3,83.9,90.9,41.8,86.2,2.5,10,92.8,83.6
2023-12-26,12.1.0,100.0,199,16,13,3.3,71.8,29.8,8.9,76.7,653.2,30,3.2,96.9,100.0,78.8,93.4,6.2,6,100.0,97.9
2024-01-06,12.2.0,100.0,343,18,26,4.1,27.0,55.0,4.2,59.0,367.0,37,4.6,100.0,100.0,69.0,100.0,1.8,7,100.0,100.0
2024-01-13,12.2.1,100.0,415,13,11,1.9,46.7,61.0,10.9,65.8,244.1,38,1.6,90.3,100.0,103.7,88.6,3.1,5,100.0,96.0
2024-01-25,12.3.0,100.0,492,13,13,2.5,22.0,21.7,17.2,85.6,330.9,34,0.9,82.3,100.0,177.5,78.8,0.6,6,99.5,95.2
2024-02-02,12.4.0,92.6,1000,8,8,3.7,17.6,28.5,16.5,83.8,271.6,44,0.3,82.6,100.0,165.3,78.9,0.1,8,99.9,79.0
2024-02-14,12.5.0,93.8,728,7,7,6.1,16.7,36.1,29.7,79.9,228.7,40,0.3,76.6,98.5,349.2,71.7,1.7,4,98.1,99.2
2024-02-22,12.6.0,85.3,628,8,8,2.5,18.1,33.5,14.5,73.4,133.6,43,0.9,85.4,85.8,345.4,84.2,2.9,4,98.3,96.3
2024-03-06,12.7.0,93.1,532,14,19,3.2,27.4,14.4,5.2,90.2,244.0,44,1.9,79.8,84.9,61.6,87.7,3.6,5,90.3,97.6
2024-03-16,13.0.0,91.3,769,18,38,4.1,55.0,27.2,7.9,67.2,366.0,40,5.1,90.2,80.8,187.7,91.7,1.9,5,92.9,91.0
2024-03-23,13.1.0,92.9,252,17,41,4.3,65.6,43.6,13.3,64.6,224.8,44,2.8,89.3,82.3,522.9,97.2,1.3,6,89.9,96.8
2024-04-04,13.2.0,96.6,123,13,37,2.5,69.1,25.8,12.5,78.9,88.2,43,2.0,87.6,95.3,179.8,90.6,0.2,6,98.9,97.6
2024-04-09,13.2.1,100.0,192,16,20,2.1,47.1,29.4,8.7,69.6,183.9,38,3.3,73.9,100.0,405.3,80.5,2.2,9,93.0,94.1
2024-04-21,13.3.0,94.5,402,13,12,2.2,69.4,21.5,8.3,78.3,100.2,35,2.2,85.4,100.0,77.1,89.7,3.1,8,99.6,88.7
2024-05-04,13.4.0,98.5,177,14,20,3.0,38.2,33.2,8.7,68.5,71.4,38,1.6,85.1,100.0,144.7,83.0,1.8,9,100.0,87.6
2024-05-14,14.0.0,88.6,244,13,19,4.8,54.4,18.6,8.1,76.3,89.0,32,2.5,68.6,85.2,66.1,76.6,2.3,13,84.6,72.8
2024-05-20,14.0.1,99.1,245,17,17,5.3,17.8,20.6,10.0,79.0,152.7,36,5.8,74.4,97.5,64.2,83.7,3.7,13,96.8,88.6
2024-06-03,15.0.0,79.7,115,22,13,1.9,9.5,44.5,7.1,61.1,285.9,39,10.5,79.2,75.0,28.2,79.5,3.0,9,91.4,79.7
2024-06-16,15.1.0,81.4,183,21,8,0.7,13.0,22.4,13.5,79.1,151.2,41,7.2,95.5,81.8,64.3,99.8,3.2,7,92.2,95.2
2024-06-24,15.2.0,79.8,137,21,7,1.5,30.6,26.3,17.9,80.9,308.5,42,3.4,100.0,89.1,41.1,100.0,1.7,7,100.0,94.1
2024-07-01,15.2.1,77.5,91,18,5,1.7,39.5,18.1,37.6,87.4,343.3,40,5.7,100.0,88.9,130.5,100.0,2.5,10,100.0,78.4
2024-07-11,15.3.0,84.3,308,14,5,2.6,13.0,16.3,15.7,89.5,502.3,46,1.9,100.0,76.6,56.2,95.7,6.7,10,100.0,90.5
2024-07-18,15.4.0,91.6,224,14,12,2.5,35.7,11.8,19.1,96.8,206.4,38,2.1,90.8,89.0,105.9,86.8,2.4,10,100.0,77.5
2024-07-24,15.4.1,89.0,411,17,13,1.3,19.7,6.6,25.4,100.0,262.9,34,5.8,96.7,86.5,43.9,85.6,3.9,9,100.0,78.8
2024-07-31,15.5.0,97.3,218,15,20,1.0,51.7,1.8,16.9,100.0,208.3,37,4.2,88.5,93.9,19.3,81.4,7.2,6,100.0,93.9
2024-08-05,15.5.1,98.4,413,13,22,0.9,75.0,19.3,17.9,90.2,468.1,46,1.6,95.8,99.1,45.8,97.3,1.5,6,99.8,95.9
2024-08-13,15.6.0,100.0,283,13,24,0.7,29.0,35.4,5.4,74.6,617.8,48,1.4,100.0,91.7,145.0,84.5,2.4,7,100.0,100.0
2024-08-17,15.6.1,91.9,322,11,13,0.7,42.5,30.5,12.0,80.0,336.9,51,1.0,100.0,80.0,133.9,84.5,1.0,8,100.0,93.8
2024-09-02,16.0.0,93.7,437,15,10,1.0,41.7,39.3,5.5,71.0,543.7,54,2.7,95.5,88.6,91.1,90.9,0.8,15,93.1,85.6
2024-09-18,17.0.0,90.7,252,19,12,0.9,15.9,31.4,2.7,75.2,166.4,43,5.1,92.8,74.1,49.0,85.2,2.5,7,95.5,95.6
2024-09-28,17.1.0,100.0,141,15,9,1.8,18.3,23.1,4.8,88.9,279.3,33,1.5,88.9,93.0,147.6,83.1,4.8,9,100.0,100.0
2024-10-07,17.2.0,96.9,211,16,24,2.5,9.6,18.5,2.7,89.6,215.0,40,1.3,81.9,92.8,44.9,92.1,8.0,6,95.9,100.0
2024-10-10,17.2.1,99.0,155,12,14,3.2,15.2,33.8,5.6,79.0,159.9,33,0.6,75.1,100.0,55.1,80.8,7.2,5,100.0,100.0
2024-10-23,18.0.0,79.8,140,17,7,2.6,31.1,20.9,12.2,82.7,195.4,35,1.3,86.2,86.1,194.7,86.4,5.5,8,93.2,83.6
2024-11-05,19.0.0,85.3,266,15,15,1.6,31.8,9.9,9.9,92.6,267.0,42,3.9,85.0,89.8,58.8,82.4,4.0,11,95.8,80.0
2024-11-19,19.1.0,98.1,287,13,31,0.9,53.0,11.5,8.5,94.7,333.5,36,1.1,98.0,100.0,90.7,96.6,1.5,11,100.0,77.7
2024-11-29,19.2.0,100.0,197,12,28,2.4,58.6,35.2,5.5,73.2,151.8,36,0.9,93.6,93.6,44.5,90.4,0.6,6,100.0,96.0
2024-12-04,19.2.1,100.0,138,12,32,2.6,61.3,42.0,8.9,69.2,69.7,43,1.1,94.3,96.2,87.0,95.2,1.4,8,100.0,87.6
2024-12-19,20.0.0,96.2,164,14,47,3.4,35.3,38.9,3.3,76.9,93.2,47,2.6,89.5,88.2,257.3,90.0,0.2,5,93.6,89.9
2025-01-02,20.1.0,95.6,445,11,29,2.1,22.9,22.8,1.6,89.8,134.6,48,1.0,96.9,69.2,540.0,95.1,1.1,2,100.0,100.0
2025-01-15,20.2.0,98.2,187,11,16,2.1,23.3,21.8,1.1,83.9,60.3,52,1.2,86.6,96.6,781.5,98.1,0.9,8,97.2,90.5
2025-01-20,20.2.1,98.2,185,8,26,0.9,8.5,31.1,7.1,73.4,148.4,43,1.0,82.5,87.0,283.5,96.8,0.7,5,91.7,100.0
2025-01-30,20.3.0,99.2,173,14,15,1.7,35.6,17.3,4.3,84.1,198.3,42,1.8,92.1,100.0,132.0,100.0,0.7,9,93.8,94.7
2025-02-06,20.3.1,78.5,482,20,1,0.1,38.3,40.1,14.1,69.3,297.5,55,8.3,64.2,75.7,233.6,79.7,0.0,10,82.3,76.3
2025-02-25,21.0.0,79.9,397,19,20,0.1,47.6,20.5,8.9,80.3,303.2,52,7.0,83.7,62.3,89.1,90.9,0.0,13,85.6,75.4
2025-03-03,21.0.1,89.5,251,15,20,0.8,19.8,14.4,5.9,86.9,134.6,51,2.5,99.7,93.3,124.7,92.0,0.5,10,100.0,87.9
2025-03-14,21.1.0,82.9,213,19,9,1.1,9.8,14.4,2.7,88.2,59.3,53,4.1,96.8,82.2,35.8,87.6,1.2,8,100.0,92.9
2025-03-21,21.2.0,96.4,436,15,16,1.1,22.5,10.1,5.3,82.5,39.2,57,1.5,100.0,96.1,88.8,98.9,0.4,7,100.0,93.2
2025-03-30,21.3.0,99.3,284,12,12,0.8,42.5,8.9,2.3,90.9,10.6,52,2.0,100.0,100.0,99.2,99.5,0.6,7,100.0,100.0
2025-04-11,21.4.0,100.0,321,16,26,2.1,34.7,27.3,2.2,69.4,72.7,41,5.6,100.0,100.0,255.7,100.0,0.4,5,100.0,100.0
2025-04-24,21.5.0,100.0,120,12,24,3.0,30.3,23.1,2.7,62.7,216.2,43,2.2,100.0,100.0,121.0,100.0,0.2,5,100.0,100.0
2025-05-06,21.6.0,100.0,81,17,9,3.2,14.2,8.9,7.4,94.3,277.6,38,3.4,98.9,100.0,241.7,97.0,1.8,6,100.0,97.1
2025-05-14,21.7.0,100.0,154,17,9,3.3,23.4,15.7,7.1,83.1,536.3,35,7.7,90.0,100.0,346.7,96.8,0.2,9,99.4,97.6
2025-05-18,21.7.1,100.0,118,17,9,2.2,15.8,11.9,13.7,94.6,536.9,43,3.9,98.7,100.0,386.1,100.0,0.1,7,97.7,89.4
2025-06-01,21.8.0,99.6,155,19,17,4.2,17.1,15.5,5.2,97.6,179.2,49,5.5,94.8,94.1,150.5,94.9,2.3,7,100.0,95.2
2025-06-05,21.8.1,100.0,300,23,36,5.5,20.8,34.0,11.6,81.3,102.0,48,9.7,91.9,100.0,109.0,94.3,0.4,8,99.7,100.0
2025-06-17,21.9.0,98.5,365,19,18,3.2,37.8,18.4,7.5,88.9,136.9,47,10.2,94.3,91.1,32.1,91.9,0.3,7,100.0,100.0
2025-06-20,21.9.1,98.0,323,18,25,3.7,54.3,25.3,8.8,83.4,170.5,41,2.7,89.4,92.2,89.1,81.8,2.7,5,100.0,100.0
2025-07-04,21.10.0,100.0,128,14,19,1.4,61.4,34.7,4.6,75.2,103.0,37,2.2,100.0,94.1,122.2,95.1,1.8,3,100.0,100.0
2025-07-13,21.11.0,100.0,318,9,34,0.8,45.6,14.6,7.1,93.2,79.5,32,0.8,99.7,90.7,48.2,99.0,1.7,5,100.0,100.0
2025-07-25,22.0.0,88.0,274,9,12,2.1,16.1,29.6,18.4,72.0,47.7,40,0.6,93.4,80.5,78.8,97.4,3.4,4,96.1,90.9
2025-08-03,22.1.0,90.0,236,7,31,4.4,42.7,21.2,19.3,78.1,86.2,37,0.3,100.0,82.5,162.3,100.0,5.7,7,100.0,89.4
2025-08-11,22.2.0,80.9,256,10,13,5.7,26.9,40.3,33.7,66.2,170.5,42,0.7,100.0,99.2,113.9,100.0,7.5,7,100.0,76.2
2025-08-18,22.3.0,78.7,215,16,8,3.0,16.3,23.1,14.3,75.3,305.3,44,2.7,100.0,95.6,28.8,100.0,1.9,8,100.0,71.6
2025-08-28,22.4.0,65.9,105,14,7,2.7,15.9,33.1,16.8,72.0,168.9,34,1.1,95.4,77.2,159.0,97.5,0.5,11,100.0,58.5
2025-09-08,22.5.0,93.6,277,16,14,1.4,10.9,18.9,7.1,82.6,134.7,44,2.8,99.5,88.8,77.7,95.0,0.9,9,100.0,94.3
2025-09-11,22.5.1,88.2,160,15,9,1.3,19.9,44.9,7.6,60.2,83.3,44,3.5,100.0,79.2,99.7,100.0,5.2,5,100.0,98.0
2025-09-26,23.0.0,73.4,101,16,18,3.0,17.6,40.8,4.8,54.5,88.1,45,2.4,89.0,81.3,33.2,84.2,1.2,9,96.6,72.8
2025-10-03,23.1.0,85.0,269,15,39,2.5,36.9,53.5,5.2,62.6,199.6,36,1.4,98.7,75.7,12.5,96.3,1.2,13,100.0,73.0
2025-10-08,23.1.1,95.8,259,18,24,1.4,16.5,16.5,15.1,93.8,201.1,38,4.2,100.0,92.9,16.3,100.0,2.3,15,100.0,83.4
2025-10-17,23.2.0,84.3,348,17,21,1.5,13.0,25.9,10.4,82.7,212.7,34,5.8,100.0,79.3,24.4,100.0,2.4,16,100.0,68.0
2025-11-03,24.0.0,83.7,161,11,14,0.7,5.0,56.4,7.2,55.6,201.9,37,2.0,96.0,64.7,48.3,98.5,0.9,8,95.7,87.9
2025-11-09,24.0.1,94.3,259,9,9,2.6,16.1,61.6,2.7,57.6,134.0,46,2.1,100.0,100.0,37.7,100.0,2.2,11,100.0,79.2
2025-11-20,25.0.0,74.5,365,11,5,3.7,52.2,19.7,7.0,78.5,226.7,38,0.9,85.8,73.7,101.5,92.3,0.8,6,92.3,87.0
2025-12-04,25.1.0,97.4,901,8,20,5.8,28.8,17.8,3.2,84.2,143.3,33,0.5,97.8,87.3,120.9,100.0,1.4,4,100.0,100.0
2025-12-10,25.1.1,100.0,305,12,20,1.9,19.5,27.0,6.9,75.5,220.5,36,1.4,100.0,99.4,317.9,100.0,0.5,5,100.0,100.0
2025-12-22,26.0.0,96.1,120,11,38,1.5,18.0,25.3,7.3,79.9,162.3,37,1.8,93.2,90.8,330.5,94.3,0.6,8,97.1,84.9
2025-12-27,26.0.1,99.2,102,8,27,1.5,36.7,9.3,3.5,99.7,163.9,41,0.5,100.0,87.2,106.8,100.0,1.2,7,100.0,92.1
2026-01-16,27.0.0,88.6,110,14,25,3.4,59.9,28.2,2.7,78.0,90.7,47,1.6,88.3,65.5,148.0,95.2,0.3,7,83.4,95.0
2026-01-30,27.1.0,92.9,347,14,17,1.6,19.8,22.2,7.1,84.1,51.5,39,1.4,99.5,70.9,215.1,100.0,0.2,6,100.0,100.0
2026-02-02,27.1.1,90.4,205,12,17,2.2,29.0,16.9,11.3,97.1,142.1,43,0.7,100.0,89.7,515.9,100.0,3.2,8,100.0,89.2
2026-02-16,27.2.0,100.0,445,13,36,1.9,60.1,6.7,11.1,100.0,268.4,36,0.9,90.6,97.2,114.8,98.3,2.4,11,98.0,88.9
2026-02-23,27.3.0,100.0,486,13,16,2.8,29.3,4.9,17.9,100.0,610.1,31,0.7,78.0,100.0,180.6,82.5,3.2,11,100.0,84.4
2026-03-08,28.0.0,90.9,205,10,15,1.6,22.0,5.0,22.6,94.0,779.8,37,0.2,90.2,97.8,89.6,95.3,6.2,7,92.6,79.6
2026-03-20,28.1.0,86.2,299,12,20,1.2,9.8,4.6,9.9,100.0,564.1,43,0.7,100.0,94.4,116.3,100.0,5.6,8,100.0,68.9
2026-04-08,29.0.0,95.0,201,8,30,1.9,10.4,10.3,7.5,97.6,436.4,38,0.8,90.1,96.8,48.7,89.4,1.9,5,95.1,88.4
2026-04-15,29.1.0,90.4,127,16,13,2.6,3.9,14.4,10.6,100.0,177.3,33,3.3,83.0,94.9,121.8,87.1,3.0,5,98.5,87.9
2026-04-22,29.1.1,82.1,703,23,3,0.1,54.6,34.1,18.4,82.7,483.6,42,7.9,54.4,84.7,304.7,63.7,0.2,13,78.9,66.6
2026-05-06,29.2.0,92.0,318,19,40,2.1,29.6,14.2,16.2,97.2,348.4,38,7.1,82.5,87.4,155.1,90.6,3.8,12,86.2,68.0
2026-05-10,29.2.1,87.4,253,20,11,3.7,30.4,10.4,16.0,100.0,196.4,37,4.8,82.3,91.6,215.5,95.0,0.6,11,83.7,63.8
2026-05-19,29.3.0,89.5,413,24,11,4.8,21.0,20.7,6.3,91.9,306.5,41,5.4,99.1,86.4,298.2,98.7,0.9,7,100.0,92.4
2026-05-26,29.4.0,87.8,247,16,9,3.5,15.0,8.9,9.6,100.0,260.7,37,3.1,96.7,80.1,50.9,99.1,0.2,7,100.0,92.7
2026-06-03,29.5.0,82.6,372,20,6,5.0,48.2,15.2,6.2,92.0,179.1,32,6.6,90.0,80.4,31.4,95.7,0.2,8,99.1,86.1
2026-06-06,29.5.1,98.0,310,13,20,7.3,23.0,17.7,16.1,84.9,79.7,30,1.7,89.6,78.2,47.7,89.1,0.1,9,100.0,95.8
2026-06-19,29.6.0,96.7,178,17,23,2.3,20.1,7.8,10.5,98.5,250.3,27,3.7,76.3,95.3,58.1,90.5,0.2,12,94.3,77.9
2026-07-03,30.0.0,85.0,433,22,25,1.7,21.7,22.8,4.5,81.5,311.9,29,9.0,79.4,80.9,44.0,77.5,2.6,13,97.8,69.5
2026-07-08,30.0.1,87.3,782,26,1,0.1,59.6,60.1,16.8,52.6,447.7,41,10.3,87.8,87.5,202.4,90.3,0.0,10,97.1,75.6
2026-07-17,30.1.0,90.6,1000,22,2,0.9,28.5,69.5,7.8,57.7,246.8,45,9.9,77.5,98.2,155.2,96.4,2.6,6,92.3,81.1
2026-08-05,31.0.0,95.6,1000,19,6,1.4,49.9,20.2,15.0,84.0,244.6,48,8.1,89.3,96.3,301.8,93.4,1.7,7,89.2,89.6
2026-08-20,32.0.0,97.0,556,14,24,1.3,60.1,14.9,19.8,91.6,206.8,50,2.0,91.1,94.6,63.1,96.3,0.3,8,95.8,89.2
2026-08-25,32.0.1,100.0,336,13,49,0.7,50.6,15.2,6.6,92.2,188.6,42,2.1,97.7,100.0,45.0,98.5,0.9,10,100.0,93.7
2026-09-08,33.0.0,95.9,139,13,57,0.5,28.1,9.7,4.6,90.9,89.8,39,2.8,76.6,95.3,112.6,76.4,0.1,8,88.6,92.9
2026-09-11,33.0.1,100.0,145,18,39,0.4,16.1,5.1,14.4,100.0,90.6,43,4.7,90.2,100.0,256.7,83.4,0.2,4,100.0,94.7
2026-09-22,34.0.0,91.7,292,19,13,2.1,5.0,5.7,14.9,95.5,155.7,44,4.6,81.0,90.5,427.2,83.7,0.9,6,95.2,89.2
2026-09-30,34.1.0,100.0,189,21,24,1.7,2.8,16.0,10.6,87.9,142.7,48,3.4,89.7,100.0,57.5,84.5,4.4,5,100.0,94.2
2026-10-14,35.0.0,86.2,163,20,12,0.7,33.2,10.3,11.6,89.4,92.4,39,3.8,91.1,78.2,39.1,87.6,2.0,5,94.6,86.8
2026-10-17,35.0.1,82.1,281,18,8,0.5,34.4,7.2,9.1,100.0,53.9,43,3.2,100.0,70.5,12.6,100.0,5.7,2,100.0,87.5
2026-10-31,35.1.0,82.0,356,17,20,1.8,68.5,17.0,13.1,91.4,189.3,44,2.8,90.8,81.8,38.8,92.9,2.0,6,100.0,74.5
2026-11-08,35.2.0,99.6,152,14,18,2.2,55.6,14.2,7.7,98.8,309.4,42,1.9,77.5,94.1,119.4,82.7,5.0,8,98.2,98.0
2026-11-13,35.2.1,95.9,114,13,27,0.9,35.0,23.6,6.9,86.0,295.2,43,1.3,98.4,83.2,36.7,93.3,1.2,6,100.0,97.5
2026-11-22,35.3.0,100.0,90,15,45,1.0,29.5,8.8,15.5,100.0,223.6,35,1.7,100.0,84.6,9.3,95.6,1.1,7,100.0,100.0
2026-11-25,35.3.1,95.3,73,20,53,1.6,29.1,33.5,6.0,78.6,147.0,39,5.6,99.4,69.3,7.0,100.0,1.0,7,100.0,93.4
2026-12-02,35.4.0,100.0,200,17,33,1.6,10.2,41.8,5.2,73.8,80.9,38,5.9,93.3,99.3,10.8,91.9,1.1,10,100.0,86.7
2026-12-12,35.5.0,100.0,316,21,17,2.0,18.5,40.3,4.0,81.3,64.2,37,17.4,100.0,100.0,63.2,100.0,0.4,6,100.0,100.0
2026-12-19,35.5.1,100.0,499,19,10,2.3,36.4,16.8,12.3,99.3,109.2,37,9.0,100.0,100.0,31.9,100.0,0.9,5,100.0,99.2
2026-12-31,35.6.0,98.3,222,14,17,2.1,51.2,25.9,7.3,91.5,144.4,46,2.8,96.3,90.5,14.0,100.0,0.3,6,98.3,94.0
2027-01-12,35.7.0,94.5,159,14,8,1.0,22.6,31.2,4.8,95.8,112.8,46,6.0,90.9,96.0,26.9,99.9,0.8,7,86.1,90.7
2027-01-24,35.8.0,100.0,105,17,19,2.6,26.9,26.7,2.4,96.4,84.7,45,11.0,93.5,100.0,23.0,93.0,1.4,7,100.0,88.3
2027-02-03,35.9.0,100.0,321,16,12,2.4,25.9,11.3,4.3,100.0,55.3,51,4.4,100.0,100.0,63.1,100.0,3.6,9,100.0,100.0
2027-02-20,36.0.0,83.8,250,14,8,1.8,47.6,20.1,13.2,89.3,107.9,52,1.8,98.7,77.4,182.4,94.6,1.5,6,97.7,94.7
2027-02-27,36.0.1,100.0,135,15,9,2.2,29.7,23.3,4.6,89.2,55.9,53,3.2,100.0,100.0,58.6,100.0,1.7,3,100.0,100.0
2027-03-10,36.1.0,89.4,85,15,7,2.6,37.4,23.2,5.3,81.6,204.4,43,2.7,100.0,95.1,73.0,96.4,0.5,7,100.0,90.9
2027-03-21,36.2.0,83.4,93,14,17,1.3,13.1,39.7,4.1,69.8,252.6,40,1.9,95.6,83.6,30.3,100.0,2.7,8,100.0,76.2
2027-03-24,36.2.1,81.3,103,11,17,1.4,12.5,75.1,1.8,52.9,595.9,39,0.8,93.1,82.2,25.8,100.0,5.6,10,96.9,65.1
2027-04-05,36.3.0,78.4,169,12,10,1.6,35.5,83.6,5.3,47.9,351.6,45,0.7,87.3,78.1,12.1,95.5,1.9,10,96.5,56.9
2027-04-12,36.4.0,90.5,406,11,19,2.3,18.4,36.5,11.6,73.3,454.7,50,0.6,99.4,91.7,21.0,100.0,4.4,6,100.0,89.0
2027-04-18,36.4.1,87.3,671,22,1,2.1,81.9,46.9,24.1,62.3,540.8,60,6.7,76.4,87.5,244.5,87.8,0.9,10,92.7,82.0
2027-05-02,36.5.0,92.7,457,19,8,1.8,42.3,36.6,10.7,70.9,346.6,54,4.1,87.4,88.3,145.9,90.1,2.0,8,100.0,88.7
2027-05-07,36.5.1,100.0,273,16,12,2.8,13.8,13.0,6.7,98.5,332.5,54,3.7,100.0,100.0,92.2,98.1,7.3,5,100.0,100.0
2027-05-18,36.6.0,99.1,505,20,15,3.1,27.1,25.4,14.5,78.5,210.3,50,6.7,100.0,100.0,33.4,100.0,1.2,5,100.0,100.0
2027-05-27,36.7.0,100.0,376,20,18,2.0,13.3,9.6,10.3,96.3,377.6,38,7.1,99.0,100.0,13.9,93.2,0.6,7,100.0,100.0
2027-06-14,37.0.0,94.1,253,20,36,2.3,28.4,21.0,6.6,79.5,350.4,43,6.1,96.6,88.3,116.2,97.3,1.4,8,99.9,84.5
2027-07-03,38.0.0,91.7,626,13,14,1.6,55.2,20.1,3.3,80.0,317.5,37,1.5,83.2,87.3,99.7,83.2,3.1,10,92.8,93.9
2027-07-14,39.0.0,99.8,240,8,32,3.6,53.7,16.7,1.4,92.4,109.5,35,0.8,78.1,98.7,30.7,74.4,2.8,9,93.2,91.6
